Folio,Periodo,Anio,Zona,Zona_corta,Tipo_zona,Categoria,Sentimiento,Dias_respuesta,Texto_PQRSD
PQR-2025T3-0001,2025-T3,2025,Comuna 1 (Centro),Comuna 1,Comuna,Ayuda humanitaria,Positivo,21,"La atención para la ayuda de emergencia fue oportuna, gracias."
PQR-2025T3-0002,2025-T3,2025,Comuna 1 (Centro),Comuna 1,Comuna,Ayuda humanitaria,Neutral,15,Quisiera saber qué documentos faltan para la ayuda humanitaria.
PQR-2025T3-0003,2025-T3,2025,Comuna 1 (Centro),Comuna 1,Comuna,Ayuda humanitaria,Neutral,17,Quisiera saber qué documentos faltan para la ayuda humanitaria.
PQR-2025T3-0004,2025-T3,2025,Comuna 1 (Centro),Comuna 1,Comuna,Ayuda humanitaria,Positivo,22,Agradezco que me entregaron la ayuda humanitaria rápidamente.
PQR-2025T3-0005,2025-T3,2025,Comuna 1 (Centro),Comuna 1,Comuna,Ayuda humanitaria,Neutral,21,Pregunto por el estado de mi solicitud de ayuda humanitaria inmediata.
PQR-2025T3-0006,2025-T3,2025,Comuna 1 (Centro),Comuna 1,Comuna,Ayuda humanitaria,Negativo,19,"Solicité el mercado de emergencia y nunca llegó, mi familia está pasando necesidad."
PQR-2025T3-0007,2025-T3,2025,Comuna 1 (Centro),Comuna 1,Comuna,Ayuda humanitaria,Neutral,21,Pregunto por el estado de mi solicitud de ayuda humanitaria inmediata.
PQR-2025T3-0008,2025-T3,2025,Comuna 1 (Centro),Comuna 1,Comuna,Ayuda humanitaria,Negativo,22,Llevo tres meses esperando la ayuda humanitaria y no me han dado respuesta.
PQR-2025T3-0009,2025-T3,2025,Comuna 1 (Centro),Comuna 1,Comuna,Ayuda humanitaria,Positivo,16,Agradezco que me entregaron la ayuda humanitaria rápidamente.
PQR-2025T3-0010,2025-T3,2025,Comuna 1 (Centro),Comuna 1,Comuna,Ayuda humanitaria,Negativo,15,"Solicité el mercado de emergencia y nunca llegó, mi familia está pasando necesidad."
PQR-2025T3-0011,2025-T3,2025,Comuna 1 (Centro),Comuna 1,Comuna,Ayuda humanitaria,Neutral,22,Pregunto por el estado de mi solicitud de ayuda humanitaria inmediata.
PQR-2025T3-0012,2025-T3,2025,Comuna 1 (Centro),Comuna 1,Comuna,Ayuda humanitaria,Negativo,15,Llevo tres meses esperando la ayuda humanitaria y no me han dado respuesta.
PQR-2025T3-0013,2025-T3,2025,Comuna 1 (Centro),Comuna 1,Comuna,Ayuda humanitaria,Positivo,18,Agradezco que me entregaron la ayuda humanitaria rápidamente.
PQR-2025T3-0014,2025-T3,2025,Comuna 1 (Centro),Comuna 1,Comuna,Ayuda humanitaria,Positivo,20,Agradezco que me entregaron la ayuda humanitaria rápidamente.
PQR-2025T3-0015,2025-T3,2025,Comuna 1 (Centro),Comuna 1,Comuna,Ayuda humanitaria,Neutral,21,Quisiera saber qué documentos faltan para la ayuda humanitaria.
PQR-2025T3-0016,2025-T3,2025,Comuna 1 (Centro),Comuna 1,Comuna,Ayuda humanitaria,Positivo,19,"La atención para la ayuda de emergencia fue oportuna, gracias."
PQR-2025T3-0017,2025-T3,2025,Comuna 1 (Centro),Comuna 1,Comuna,Ayuda humanitaria,Neutral,19,Pregunto por el estado de mi solicitud de ayuda humanitaria inmediata.
PQR-2025T3-0018,2025-T3,2025,Comuna 1 (Centro),Comuna 1,Comuna,Ayuda humanitaria,Negativo,15,Llevo tres meses esperando la ayuda humanitaria y no me han dado respuesta.
PQR-2025T3-0019,2025-T3,2025,Comuna 1 (Centro),Comuna 1,Comuna,Ayuda humanitaria,Negativo,22,Llevo tres meses esperando la ayuda humanitaria y no me han dado respuesta.
PQR-2025T3-0020,2025-T3,2025,Comuna 1 (Centro),Comuna 1,Comuna,Ayuda humanitaria,Negativo,19,"Solicité el mercado de emergencia y nunca llegó, mi familia está pasando necesidad."
PQR-2025T3-0021,2025-T3,2025,Comuna 1 (Centro),Comuna 1,Comuna,Ayuda humanitaria,Negativo,19,"Solicité el mercado de emergencia y nunca llegó, mi familia está pasando necesidad."
PQR-2025T3-0022,2025-T3,2025,Comuna 1 (Centro),Comuna 1,Comuna,Ayuda humanitaria,Neutral,19,Pregunto por el estado de mi solicitud de ayuda humanitaria inmediata.
PQR-2025T3-0023,2025-T3,2025,Comuna 1 (Centro),Comuna 1,Comuna,Ayuda humanitaria,Positivo,15,Agradezco que me entregaron la ayuda humanitaria rápidamente.
PQR-2025T3-0024,2025-T3,2025,Comuna 1 (Centro),Comuna 1,Comuna,Ayuda humanitaria,Neutral,21,Pregunto por el estado de mi solicitud de ayuda humanitaria inmediata.
PQR-2025T3-0025,2025-T3,2025,Comuna 1 (Centro),Comuna 1,Comuna,Ayuda humanitaria,Negativo,21,Llevo tres meses esperando la ayuda humanitaria y no me han dado respuesta.
PQR-2025T3-0026,2025-T3,2025,Comuna 1 (Centro),Comuna 1,Comuna,Ayuda humanitaria,Positivo,22,"La atención para la ayuda de emergencia fue oportuna, gracias."
PQR-2025T3-0027,2025-T3,2025,Comuna 1 (Centro),Comuna 1,Comuna,Ayuda humanitaria,Positivo,19,Agradezco que me entregaron la ayuda humanitaria rápidamente.
PQR-2025T3-0028,2025-T3,2025,Comuna 1 (Centro),Comuna 1,Comuna,Ayuda humanitaria,Positivo,19,"La atención para la ayuda de emergencia fue oportuna, gracias."
PQR-2025T3-0029,2025-T3,2025,Comuna 1 (Centro),Comuna 1,Comuna,Ayuda humanitaria,Positivo,21,"La atención para la ayuda de emergencia fue oportuna, gracias."
PQR-2025T3-0030,2025-T3,2025,Comuna 1 (Centro),Comuna 1,Comuna,Ayuda humanitaria,Positivo,19,"La atención para la ayuda de emergencia fue oportuna, gracias."
PQR-2025T3-0031,2025-T3,2025,Comuna 1 (Centro),Comuna 1,Comuna,Ayuda humanitaria,Neutral,18,Pregunto por el estado de mi solicitud de ayuda humanitaria inmediata.
PQR-2025T3-0032,2025-T3,2025,Comuna 1 (Centro),Comuna 1,Comuna,Ayuda humanitaria,Neutral,16,Quisiera saber qué documentos faltan para la ayuda humanitaria.
PQR-2025T3-0033,2025-T3,2025,Comuna 1 (Centro),Comuna 1,Comuna,Ayuda humanitaria,Negativo,18,Llevo tres meses esperando la ayuda humanitaria y no me han dado respuesta.
PQR-2025T3-0034,2025-T3,2025,Comuna 1 (Centro),Comuna 1,Comuna,Ayuda humanitaria,Positivo,22,Agradezco que me entregaron la ayuda humanitaria rápidamente.
PQR-2025T3-0035,2025-T3,2025,Comuna 1 (Centro),Comuna 1,Comuna,Ayuda humanitaria,Neutral,22,Quisiera saber qué documentos faltan para la ayuda humanitaria.
PQR-2025T3-0036,2025-T3,2025,Comuna 1 (Centro),Comuna 1,Comuna,Indemnización / reparación,Neutral,20,¿Cómo consulto el estado de mi proceso de reparación?
PQR-2025T3-0037,2025-T3,2025,Comuna 1 (Centro),Comuna 1,Comuna,Indemnización / reparación,Neutral,17,¿Cómo consulto el estado de mi proceso de reparación?
PQR-2025T3-0038,2025-T3,2025,Comuna 1 (Centro),Comuna 1,Comuna,Indemnización / reparación,Negativo,16,"Fui incluido hace años y todavía no me llega la indemnización, es una injusticia."
PQR-2025T3-0039,2025-T3,2025,Comuna 1 (Centro),Comuna 1,Comuna,Indemnización / reparación,Negativo,18,"Fui incluido hace años y todavía no me llega la indemnización, es una injusticia."
PQR-2025T3-0040,2025-T3,2025,Comuna 1 (Centro),Comuna 1,Comuna,Indemnización / reparación,Neutral,18,Solicito información sobre el turno de mi indemnización administrativa.
PQR-2025T3-0041,2025-T3,2025,Comuna 1 (Centro),Comuna 1,Comuna,Indemnización / reparación,Neutral,21,¿Cómo consulto el estado de mi proceso de reparación?
PQR-2025T3-0042,2025-T3,2025,Comuna 1 (Centro),Comuna 1,Comuna,Indemnización / reparación,Neutral,17,¿Cómo consulto el estado de mi proceso de reparación?
PQR-2025T3-0043,2025-T3,2025,Comuna 1 (Centro),Comuna 1,Comuna,Indemnización / reparación,Negativo,17,"Fui incluido hace años y todavía no me llega la indemnización, es una injusticia."
PQR-2025T3-0044,2025-T3,2025,Comuna 1 (Centro),Comuna 1,Comuna,Indemnización / reparación,Negativo,17,"Fui incluido hace años y todavía no me llega la indemnización, es una injusticia."
PQR-2025T3-0045,2025-T3,2025,Comuna 1 (Centro),Comuna 1,Comuna,Indemnización / reparación,Negativo,21,"Fui incluido hace años y todavía no me llega la indemnización, es una injusticia."
PQR-2025T3-0046,2025-T3,2025,Comuna 1 (Centro),Comuna 1,Comuna,Indemnización / reparación,Neutral,17,¿Cómo consulto el estado de mi proceso de reparación?
PQR-2025T3-0047,2025-T3,2025,Comuna 1 (Centro),Comuna 1,Comuna,Indemnización / reparación,Negativo,18,No entiendo por qué a otros ya les pagaron la reparación y a mí no.
PQR-2025T3-0048,2025-T3,2025,Comuna 1 (Centro),Comuna 1,Comuna,Indemnización / reparación,Neutral,21,¿Cómo consulto el estado de mi proceso de reparación?
PQR-2025T3-0049,2025-T3,2025,Comuna 1 (Centro),Comuna 1,Comuna,Indemnización / reparación,Positivo,18,Me orientaron bien sobre el proceso de reparación.
PQR-2025T3-0050,2025-T3,2025,Comuna 1 (Centro),Comuna 1,Comuna,Indemnización / reparación,Negativo,20,No entiendo por qué a otros ya les pagaron la reparación y a mí no.
PQR-2025T3-0051,2025-T3,2025,Comuna 1 (Centro),Comuna 1,Comuna,Vivienda,Neutral,17,Pregunto por las convocatorias de vivienda para población víctima.
PQR-2025T3-0052,2025-T3,2025,Comuna 1 (Centro),Comuna 1,Comuna,Vivienda,Negativo,17,Postulé al subsidio de vivienda y me rechazaron sin explicación clara.
PQR-2025T3-0053,2025-T3,2025,Comuna 1 (Centro),Comuna 1,Comuna,Vivienda,Neutral,18,Pregunto por las convocatorias de vivienda para población víctima.
PQR-2025T3-0054,2025-T3,2025,Comuna 1 (Centro),Comuna 1,Comuna,Vivienda,Neutral,19,Solicito información sobre el subsidio de mejoramiento de vivienda.
PQR-2025T3-0055,2025-T3,2025,Comuna 1 (Centro),Comuna 1,Comuna,Vivienda,Negativo,19,La casa que me asignaron tiene problemas y nadie responde.
PQR-2025T3-0056,2025-T3,2025,Comuna 1 (Centro),Comuna 1,Comuna,Vivienda,Negativo,15,La casa que me asignaron tiene problemas y nadie responde.
PQR-2025T3-0057,2025-T3,2025,Comuna 1 (Centro),Comuna 1,Comuna,Vivienda,Neutral,22,Pregunto por las convocatorias de vivienda para población víctima.
PQR-2025T3-0058,2025-T3,2025,Comuna 1 (Centro),Comuna 1,Comuna,Vivienda,Negativo,17,Postulé al subsidio de vivienda y me rechazaron sin explicación clara.
PQR-2025T3-0059,2025-T3,2025,Comuna 1 (Centro),Comuna 1,Comuna,Vivienda,Negativo,15,La casa que me asignaron tiene problemas y nadie responde.
PQR-2025T3-0060,2025-T3,2025,Comuna 1 (Centro),Comuna 1,Comuna,Vivienda,Negativo,18,Postulé al subsidio de vivienda y me rechazaron sin explicación clara.
PQR-2025T3-0061,2025-T3,2025,Comuna 1 (Centro),Comuna 1,Comuna,Vivienda,Negativo,16,Postulé al subsidio de vivienda y me rechazaron sin explicación clara.
PQR-2025T3-0062,2025-T3,2025,Comuna 1 (Centro),Comuna 1,Comuna,Vivienda,Neutral,15,Solicito información sobre el subsidio de mejoramiento de vivienda.
PQR-2025T3-0063,2025-T3,2025,Comuna 1 (Centro),Comuna 1,Comuna,Vivienda,Negativo,18,Postulé al subsidio de vivienda y me rechazaron sin explicación clara.
PQR-2025T3-0064,2025-T3,2025,Comuna 1 (Centro),Comuna 1,Comuna,Salud y atención psicosocial,Positivo,15,"La atención psicosocial me ha ayudado mucho, gracias al equipo."
PQR-2025T3-0065,2025-T3,2025,Comuna 1 (Centro),Comuna 1,Comuna,Salud y atención psicosocial,Positivo,17,"Recibí buena orientación en salud, quedé satisfecho."
PQR-2025T3-0066,2025-T3,2025,Comuna 1 (Centro),Comuna 1,Comuna,Salud y atención psicosocial,Positivo,16,"La atención psicosocial me ha ayudado mucho, gracias al equipo."
PQR-2025T3-0067,2025-T3,2025,Comuna 1 (Centro),Comuna 1,Comuna,Salud y atención psicosocial,Negativo,20,Necesito atención psicosocial y me dan citas para dentro de meses.
PQR-2025T3-0068,2025-T3,2025,Comuna 1 (Centro),Comuna 1,Comuna,Salud y atención psicosocial,Negativo,15,No hay profesionales suficientes para la atención en salud mental.
PQR-2025T3-0069,2025-T3,2025,Comuna 1 (Centro),Comuna 1,Comuna,Salud y atención psicosocial,Negativo,20,No hay profesionales suficientes para la atención en salud mental.
PQR-2025T3-0070,2025-T3,2025,Comuna 1 (Centro),Comuna 1,Comuna,Salud y atención psicosocial,Neutral,20,Pregunto por el programa de atención en salud para víctimas.
PQR-2025T3-0071,2025-T3,2025,Comuna 1 (Centro),Comuna 1,Comuna,Salud y atención psicosocial,Negativo,22,Necesito atención psicosocial y me dan citas para dentro de meses.
PQR-2025T3-0072,2025-T3,2025,Comuna 1 (Centro),Comuna 1,Comuna,Salud y atención psicosocial,Negativo,17,No hay profesionales suficientes para la atención en salud mental.
PQR-2025T3-0073,2025-T3,2025,Comuna 1 (Centro),Comuna 1,Comuna,Salud y atención psicosocial,Negativo,21,No hay profesionales suficientes para la atención en salud mental.
PQR-2025T3-0074,2025-T3,2025,Comuna 1 (Centro),Comuna 1,Comuna,Salud y atención psicosocial,Neutral,17,Pregunto por el programa de atención en salud para víctimas.
PQR-2025T3-0075,2025-T3,2025,Comuna 1 (Centro),Comuna 1,Comuna,Salud y atención psicosocial,Negativo,20,Necesito atención psicosocial y me dan citas para dentro de meses.
PQR-2025T3-0076,2025-T3,2025,Comuna 1 (Centro),Comuna 1,Comuna,Salud y atención psicosocial,Positivo,20,"Recibí buena orientación en salud, quedé satisfecho."
PQR-2025T3-0077,2025-T3,2025,Comuna 1 (Centro),Comuna 1,Comuna,Salud y atención psicosocial,Positivo,23,"Recibí buena orientación en salud, quedé satisfecho."
PQR-2025T3-0078,2025-T3,2025,Comuna 1 (Centro),Comuna 1,Comuna,Salud y atención psicosocial,Neutral,20,Solicito una cita de atención psicosocial para mi familia.
PQR-2025T3-0079,2025-T3,2025,Comuna 1 (Centro),Comuna 1,Comuna,Educación,Positivo,22,La orientación sobre educación superior fue útil.
PQR-2025T3-0080,2025-T3,2025,Comuna 1 (Centro),Comuna 1,Comuna,Educación,Positivo,20,La orientación sobre educación superior fue útil.
PQR-2025T3-0081,2025-T3,2025,Comuna 1 (Centro),Comuna 1,Comuna,Educación,Positivo,16,"Mi hija obtuvo el apoyo educativo, muy agradecida."
PQR-2025T3-0082,2025-T3,2025,Comuna 1 (Centro),Comuna 1,Comuna,Educación,Negativo,15,Mi hijo no ha podido acceder al beneficio educativo prometido.
PQR-2025T3-0083,2025-T3,2025,Comuna 1 (Centro),Comuna 1,Comuna,Educación,Positivo,23,La orientación sobre educación superior fue útil.
PQR-2025T3-0084,2025-T3,2025,Comuna 1 (Centro),Comuna 1,Comuna,Educación,Positivo,17,La orientación sobre educación superior fue útil.
PQR-2025T3-0085,2025-T3,2025,Comuna 1 (Centro),Comuna 1,Comuna,Educación,Negativo,22,Falta información sobre los cupos educativos para víctimas.
PQR-2025T3-0086,2025-T3,2025,Comuna 1 (Centro),Comuna 1,Comuna,Educación,Neutral,16,Pregunto por el apoyo educativo para el próximo semestre.
PQR-2025T3-0087,2025-T3,2025,Comuna 1 (Centro),Comuna 1,Comuna,Educación,Neutral,16,Solicito información sobre becas para estudiantes víctimas.
PQR-2025T3-0088,2025-T3,2025,Comuna 1 (Centro),Comuna 1,Comuna,Educación,Positivo,22,La orientación sobre educación superior fue útil.
PQR-2025T3-0089,2025-T3,2025,Comuna 1 (Centro),Comuna 1,Comuna,Educación,Negativo,22,Mi hijo no ha podido acceder al beneficio educativo prometido.
PQR-2025T3-0090,2025-T3,2025,Comuna 1 (Centro),Comuna 1,Comuna,Registro / inclusión RUV,Negativo,21,Llevo meses esperando que me incluyan en el RUV y no hay respuesta.
PQR-2025T3-0091,2025-T3,2025,Comuna 1 (Centro),Comuna 1,Comuna,Registro / inclusión RUV,Positivo,21,"Ya quedé incluido en el registro, agradezco la ayuda."
PQR-2025T3-0092,2025-T3,2025,Comuna 1 (Centro),Comuna 1,Comuna,Registro / inclusión RUV,Neutral,19,Solicito información sobre mi estado en el Registro Único de Víctimas.
PQR-2025T3-0093,2025-T3,2025,Comuna 1 (Centro),Comuna 1,Comuna,Registro / inclusión RUV,Neutral,17,Solicito información sobre mi estado en el Registro Único de Víctimas.
PQR-2025T3-0094,2025-T3,2025,Comuna 1 (Centro),Comuna 1,Comuna,Registro / inclusión RUV,Neutral,21,Solicito información sobre mi estado en el Registro Único de Víctimas.
PQR-2025T3-0095,2025-T3,2025,Comuna 1 (Centro),Comuna 1,Comuna,Registro / inclusión RUV,Negativo,20,Llevo meses esperando que me incluyan en el RUV y no hay respuesta.
PQR-2025T3-0096,2025-T3,2025,Comuna 1 (Centro),Comuna 1,Comuna,Registro / inclusión RUV,Neutral,18,Solicito información sobre mi estado en el Registro Único de Víctimas.
PQR-2025T3-0097,2025-T3,2025,Comuna 1 (Centro),Comuna 1,Comuna,Registro / inclusión RUV,Neutral,20,Solicito información sobre mi estado en el Registro Único de Víctimas.
PQR-2025T3-0098,2025-T3,2025,Comuna 1 (Centro),Comuna 1,Comuna,Registro / inclusión RUV,Neutral,19,¿Qué debo hacer para actualizar mis datos en el RUV?
PQR-2025T3-0099,2025-T3,2025,Comuna 1 (Centro),Comuna 1,Comuna,Registro / inclusión RUV,Negativo,21,Llevo meses esperando que me incluyan en el RUV y no hay respuesta.
PQR-2025T3-0100,2025-T3,2025,Comuna 1 (Centro),Comuna 1,Comuna,Registro / inclusión RUV,Negativo,15,Llevo meses esperando que me incluyan en el RUV y no hay respuesta.
PQR-2025T3-0101,2025-T3,2025,Comuna 1 (Centro),Comuna 1,Comuna,Registro / inclusión RUV,Negativo,22,Me negaron la inclusión y no me explicaron los motivos.
PQR-2025T3-0102,2025-T3,2025,Comuna 1 (Centro),Comuna 1,Comuna,Retornos y reubicación,Negativo,15,Solicité apoyo para el retorno y no hay condiciones de seguridad.
PQR-2025T3-0103,2025-T3,2025,Comuna 1 (Centro),Comuna 1,Comuna,Retornos y reubicación,Neutral,16,Solicito información sobre acompañamiento para reubicación.
PQR-2025T3-0104,2025-T3,2025,Comuna 1 (Centro),Comuna 1,Comuna,Retornos y reubicación,Negativo,20,Solicité apoyo para el retorno y no hay condiciones de seguridad.
PQR-2025T3-0105,2025-T3,2025,Comuna 1 (Centro),Comuna 1,Comuna,Retornos y reubicación,Negativo,21,Solicité apoyo para el retorno y no hay condiciones de seguridad.
PQR-2025T3-0106,2025-T3,2025,Comuna 1 (Centro),Comuna 1,Comuna,Retornos y reubicación,Positivo,17,"El acompañamiento para el retorno fue bueno, gracias."
PQR-2025T3-0107,2025-T3,2025,Comuna 1 (Centro),Comuna 1,Comuna,Retornos y reubicación,Negativo,16,El proceso de reubicación está detenido hace tiempo.
PQR-2025T3-0108,2025-T3,2025,Comuna 1 (Centro),Comuna 1,Comuna,Retornos y reubicación,Neutral,17,Pregunto por el plan de retorno para mi comunidad.
PQR-2025T3-0109,2025-T3,2025,Comuna 1 (Centro),Comuna 1,Comuna,Otros trámites,Negativo,15,Me han remitido de una oficina a otra sin resolver mi caso.
PQR-2025T3-0110,2025-T3,2025,Comuna 1 (Centro),Comuna 1,Comuna,Otros trámites,Positivo,19,Me resolvieron el trámite sin complicaciones.
PQR-2025T3-0111,2025-T3,2025,Comuna 1 (Centro),Comuna 1,Comuna,Otros trámites,Negativo,16,Me han remitido de una oficina a otra sin resolver mi caso.
PQR-2025T3-0112,2025-T3,2025,Comuna 1 (Centro),Comuna 1,Comuna,Otros trámites,Neutral,17,Solicito un certificado de mi condición de víctima.
PQR-2025T3-0113,2025-T3,2025,Comuna 1 (Centro),Comuna 1,Comuna,Otros trámites,Positivo,21,La atención en ventanilla fue amable y rápida.
PQR-2025T3-0114,2025-T3,2025,Comuna 1 (Centro),Comuna 1,Comuna,Otros trámites,Neutral,17,Pregunto por el horario de atención de la oficina.
PQR-2025T3-0115,2025-T3,2025,Comuna 1 (Centro),Comuna 1,Comuna,Otros trámites,Positivo,19,La atención en ventanilla fue amable y rápida.
PQR-2025T3-0116,2025-T3,2025,Comuna 1 (Centro),Comuna 1,Comuna,Otros trámites,Negativo,16,Me han remitido de una oficina a otra sin resolver mi caso.
PQR-2025T3-0117,2025-T3,2025,Comuna 1 (Centro),Comuna 1,Comuna,Otros trámites,Neutral,18,Pregunto por el horario de atención de la oficina.
PQR-2025T3-0118,2025-T3,2025,Comuna 2 (Roma),Comuna 2,Comuna,Ayuda humanitaria,Neutral,23,Quisiera saber qué documentos faltan para la ayuda humanitaria.
PQR-2025T3-0119,2025-T3,2025,Comuna 2 (Roma),Comuna 2,Comuna,Ayuda humanitaria,Negativo,16,Llevo tres meses esperando la ayuda humanitaria y no me han dado respuesta.
PQR-2025T3-0120,2025-T3,2025,Comuna 2 (Roma),Comuna 2,Comuna,Ayuda humanitaria,Negativo,22,Llevo tres meses esperando la ayuda humanitaria y no me han dado respuesta.
PQR-2025T3-0121,2025-T3,2025,Comuna 2 (Roma),Comuna 2,Comuna,Ayuda humanitaria,Neutral,18,Pregunto por el estado de mi solicitud de ayuda humanitaria inmediata.
PQR-2025T3-0122,2025-T3,2025,Comuna 2 (Roma),Comuna 2,Comuna,Ayuda humanitaria,Negativo,22,"Solicité el mercado de emergencia y nunca llegó, mi familia está pasando necesidad."
PQR-2025T3-0123,2025-T3,2025,Comuna 2 (Roma),Comuna 2,Comuna,Ayuda humanitaria,Positivo,19,"La atención para la ayuda de emergencia fue oportuna, gracias."
PQR-2025T3-0124,2025-T3,2025,Comuna 2 (Roma),Comuna 2,Comuna,Ayuda humanitaria,Neutral,17,Quisiera saber qué documentos faltan para la ayuda humanitaria.
PQR-2025T3-0125,2025-T3,2025,Comuna 2 (Roma),Comuna 2,Comuna,Ayuda humanitaria,Negativo,15,Llevo tres meses esperando la ayuda humanitaria y no me han dado respuesta.
PQR-2025T3-0126,2025-T3,2025,Comuna 2 (Roma),Comuna 2,Comuna,Ayuda humanitaria,Negativo,16,"Solicité el mercado de emergencia y nunca llegó, mi familia está pasando necesidad."
PQR-2025T3-0127,2025-T3,2025,Comuna 2 (Roma),Comuna 2,Comuna,Ayuda humanitaria,Neutral,18,Quisiera saber qué documentos faltan para la ayuda humanitaria.
PQR-2025T3-0128,2025-T3,2025,Comuna 2 (Roma),Comuna 2,Comuna,Ayuda humanitaria,Positivo,17,Agradezco que me entregaron la ayuda humanitaria rápidamente.
PQR-2025T3-0129,2025-T3,2025,Comuna 2 (Roma),Comuna 2,Comuna,Ayuda humanitaria,Negativo,18,Llevo tres meses esperando la ayuda humanitaria y no me han dado respuesta.
PQR-2025T3-0130,2025-T3,2025,Comuna 2 (Roma),Comuna 2,Comuna,Ayuda humanitaria,Neutral,17,Quisiera saber qué documentos faltan para la ayuda humanitaria.
PQR-2025T3-0131,2025-T3,2025,Comuna 2 (Roma),Comuna 2,Comuna,Ayuda humanitaria,Negativo,17,"Solicité el mercado de emergencia y nunca llegó, mi familia está pasando necesidad."
PQR-2025T3-0132,2025-T3,2025,Comuna 2 (Roma),Comuna 2,Comuna,Ayuda humanitaria,Positivo,22,Agradezco que me entregaron la ayuda humanitaria rápidamente.
PQR-2025T3-0133,2025-T3,2025,Comuna 2 (Roma),Comuna 2,Comuna,Ayuda humanitaria,Neutral,21,Quisiera saber qué documentos faltan para la ayuda humanitaria.
PQR-2025T3-0134,2025-T3,2025,Comuna 2 (Roma),Comuna 2,Comuna,Ayuda humanitaria,Positivo,20,"La atención para la ayuda de emergencia fue oportuna, gracias."
PQR-2025T3-0135,2025-T3,2025,Comuna 2 (Roma),Comuna 2,Comuna,Ayuda humanitaria,Neutral,18,Quisiera saber qué documentos faltan para la ayuda humanitaria.
PQR-2025T3-0136,2025-T3,2025,Comuna 2 (Roma),Comuna 2,Comuna,Ayuda humanitaria,Negativo,18,"Solicité el mercado de emergencia y nunca llegó, mi familia está pasando necesidad."
PQR-2025T3-0137,2025-T3,2025,Comuna 2 (Roma),Comuna 2,Comuna,Ayuda humanitaria,Negativo,16,"Solicité el mercado de emergencia y nunca llegó, mi familia está pasando necesidad."
PQR-2025T3-0138,2025-T3,2025,Comuna 2 (Roma),Comuna 2,Comuna,Ayuda humanitaria,Positivo,19,"La atención para la ayuda de emergencia fue oportuna, gracias."
PQR-2025T3-0139,2025-T3,2025,Comuna 2 (Roma),Comuna 2,Comuna,Ayuda humanitaria,Negativo,22,Llevo tres meses esperando la ayuda humanitaria y no me han dado respuesta.
PQR-2025T3-0140,2025-T3,2025,Comuna 2 (Roma),Comuna 2,Comuna,Ayuda humanitaria,Negativo,17,Llevo tres meses esperando la ayuda humanitaria y no me han dado respuesta.
PQR-2025T3-0141,2025-T3,2025,Comuna 2 (Roma),Comuna 2,Comuna,Ayuda humanitaria,Positivo,22,Agradezco que me entregaron la ayuda humanitaria rápidamente.
PQR-2025T3-0142,2025-T3,2025,Comuna 2 (Roma),Comuna 2,Comuna,Ayuda humanitaria,Positivo,23,Agradezco que me entregaron la ayuda humanitaria rápidamente.
PQR-2025T3-0143,2025-T3,2025,Comuna 2 (Roma),Comuna 2,Comuna,Ayuda humanitaria,Negativo,22,Llevo tres meses esperando la ayuda humanitaria y no me han dado respuesta.
PQR-2025T3-0144,2025-T3,2025,Comuna 2 (Roma),Comuna 2,Comuna,Ayuda humanitaria,Neutral,17,Pregunto por el estado de mi solicitud de ayuda humanitaria inmediata.
PQR-2025T3-0145,2025-T3,2025,Comuna 2 (Roma),Comuna 2,Comuna,Indemnización / reparación,Negativo,19,"Fui incluido hace años y todavía no me llega la indemnización, es una injusticia."
PQR-2025T3-0146,2025-T3,2025,Comuna 2 (Roma),Comuna 2,Comuna,Indemnización / reparación,Neutral,16,Solicito información sobre el turno de mi indemnización administrativa.
PQR-2025T3-0147,2025-T3,2025,Comuna 2 (Roma),Comuna 2,Comuna,Indemnización / reparación,Negativo,20,No entiendo por qué a otros ya les pagaron la reparación y a mí no.
PQR-2025T3-0148,2025-T3,2025,Comuna 2 (Roma),Comuna 2,Comuna,Indemnización / reparación,Negativo,15,No entiendo por qué a otros ya les pagaron la reparación y a mí no.
PQR-2025T3-0149,2025-T3,2025,Comuna 2 (Roma),Comuna 2,Comuna,Indemnización / reparación,Negativo,19,No entiendo por qué a otros ya les pagaron la reparación y a mí no.
PQR-2025T3-0150,2025-T3,2025,Comuna 2 (Roma),Comuna 2,Comuna,Indemnización / reparación,Negativo,22,"Fui incluido hace años y todavía no me llega la indemnización, es una injusticia."
PQR-2025T3-0151,2025-T3,2025,Comuna 2 (Roma),Comuna 2,Comuna,Indemnización / reparación,Neutral,17,¿Cómo consulto el estado de mi proceso de reparación?
PQR-2025T3-0152,2025-T3,2025,Comuna 2 (Roma),Comuna 2,Comuna,Indemnización / reparación,Neutral,17,Solicito información sobre el turno de mi indemnización administrativa.
PQR-2025T3-0153,2025-T3,2025,Comuna 2 (Roma),Comuna 2,Comuna,Indemnización / reparación,Neutral,20,Solicito información sobre el turno de mi indemnización administrativa.
PQR-2025T3-0154,2025-T3,2025,Comuna 2 (Roma),Comuna 2,Comuna,Indemnización / reparación,Negativo,22,No entiendo por qué a otros ya les pagaron la reparación y a mí no.
PQR-2025T3-0155,2025-T3,2025,Comuna 2 (Roma),Comuna 2,Comuna,Indemnización / reparación,Neutral,15,Solicito información sobre el turno de mi indemnización administrativa.
PQR-2025T3-0156,2025-T3,2025,Comuna 2 (Roma),Comuna 2,Comuna,Indemnización / reparación,Neutral,19,¿Cómo consulto el estado de mi proceso de reparación?
PQR-2025T3-0157,2025-T3,2025,Comuna 2 (Roma),Comuna 2,Comuna,Indemnización / reparación,Negativo,20,"Fui incluido hace años y todavía no me llega la indemnización, es una injusticia."
PQR-2025T3-0158,2025-T3,2025,Comuna 2 (Roma),Comuna 2,Comuna,Indemnización / reparación,Negativo,18,"Fui incluido hace años y todavía no me llega la indemnización, es una injusticia."
PQR-2025T3-0159,2025-T3,2025,Comuna 2 (Roma),Comuna 2,Comuna,Indemnización / reparación,Neutral,17,Solicito información sobre el turno de mi indemnización administrativa.
PQR-2025T3-0160,2025-T3,2025,Comuna 2 (Roma),Comuna 2,Comuna,Indemnización / reparación,Negativo,15,No entiendo por qué a otros ya les pagaron la reparación y a mí no.
PQR-2025T3-0161,2025-T3,2025,Comuna 2 (Roma),Comuna 2,Comuna,Indemnización / reparación,Negativo,15,"Fui incluido hace años y todavía no me llega la indemnización, es una injusticia."
PQR-2025T3-0162,2025-T3,2025,Comuna 2 (Roma),Comuna 2,Comuna,Indemnización / reparación,Negativo,19,"Fui incluido hace años y todavía no me llega la indemnización, es una injusticia."
PQR-2025T3-0163,2025-T3,2025,Comuna 2 (Roma),Comuna 2,Comuna,Indemnización / reparación,Neutral,22,¿Cómo consulto el estado de mi proceso de reparación?
PQR-2025T3-0164,2025-T3,2025,Comuna 2 (Roma),Comuna 2,Comuna,Indemnización / reparación,Negativo,20,"Fui incluido hace años y todavía no me llega la indemnización, es una injusticia."
PQR-2025T3-0165,2025-T3,2025,Comuna 2 (Roma),Comuna 2,Comuna,Indemnización / reparación,Neutral,15,Solicito información sobre el turno de mi indemnización administrativa.
PQR-2025T3-0166,2025-T3,2025,Comuna 2 (Roma),Comuna 2,Comuna,Indemnización / reparación,Neutral,22,Solicito información sobre el turno de mi indemnización administrativa.
PQR-2025T3-0167,2025-T3,2025,Comuna 2 (Roma),Comuna 2,Comuna,Indemnización / reparación,Negativo,22,"Fui incluido hace años y todavía no me llega la indemnización, es una injusticia."
PQR-2025T3-0168,2025-T3,2025,Comuna 2 (Roma),Comuna 2,Comuna,Indemnización / reparación,Neutral,17,¿Cómo consulto el estado de mi proceso de reparación?
PQR-2025T3-0169,2025-T3,2025,Comuna 2 (Roma),Comuna 2,Comuna,Indemnización / reparación,Negativo,19,No entiendo por qué a otros ya les pagaron la reparación y a mí no.
PQR-2025T3-0170,2025-T3,2025,Comuna 2 (Roma),Comuna 2,Comuna,Indemnización / reparación,Neutral,19,¿Cómo consulto el estado de mi proceso de reparación?
PQR-2025T3-0171,2025-T3,2025,Comuna 2 (Roma),Comuna 2,Comuna,Vivienda,Negativo,18,La casa que me asignaron tiene problemas y nadie responde.
PQR-2025T3-0172,2025-T3,2025,Comuna 2 (Roma),Comuna 2,Comuna,Vivienda,Neutral,21,Solicito información sobre el subsidio de mejoramiento de vivienda.
PQR-2025T3-0173,2025-T3,2025,Comuna 2 (Roma),Comuna 2,Comuna,Vivienda,Negativo,19,Postulé al subsidio de vivienda y me rechazaron sin explicación clara.
PQR-2025T3-0174,2025-T3,2025,Comuna 2 (Roma),Comuna 2,Comuna,Vivienda,Negativo,17,Postulé al subsidio de vivienda y me rechazaron sin explicación clara.
PQR-2025T3-0175,2025-T3,2025,Comuna 2 (Roma),Comuna 2,Comuna,Vivienda,Neutral,21,Solicito información sobre el subsidio de mejoramiento de vivienda.
PQR-2025T3-0176,2025-T3,2025,Comuna 2 (Roma),Comuna 2,Comuna,Vivienda,Negativo,20,La casa que me asignaron tiene problemas y nadie responde.
PQR-2025T3-0177,2025-T3,2025,Comuna 2 (Roma),Comuna 2,Comuna,Vivienda,Negativo,16,La casa que me asignaron tiene problemas y nadie responde.
PQR-2025T3-0178,2025-T3,2025,Comuna 2 (Roma),Comuna 2,Comuna,Vivienda,Neutral,18,Pregunto por las convocatorias de vivienda para población víctima.
PQR-2025T3-0179,2025-T3,2025,Comuna 2 (Roma),Comuna 2,Comuna,Vivienda,Negativo,20,La casa que me asignaron tiene problemas y nadie responde.
PQR-2025T3-0180,2025-T3,2025,Comuna 2 (Roma),Comuna 2,Comuna,Vivienda,Negativo,22,La casa que me asignaron tiene problemas y nadie responde.
PQR-2025T3-0181,2025-T3,2025,Comuna 2 (Roma),Comuna 2,Comuna,Vivienda,Neutral,17,Pregunto por las convocatorias de vivienda para población víctima.
PQR-2025T3-0182,2025-T3,2025,Comuna 2 (Roma),Comuna 2,Comuna,Vivienda,Positivo,16,"Me asignaron la vivienda, muy agradecido con el acompañamiento."
PQR-2025T3-0183,2025-T3,2025,Comuna 2 (Roma),Comuna 2,Comuna,Vivienda,Positivo,23,"Me asignaron la vivienda, muy agradecido con el acompañamiento."
PQR-2025T3-0184,2025-T3,2025,Comuna 2 (Roma),Comuna 2,Comuna,Vivienda,Negativo,16,La casa que me asignaron tiene problemas y nadie responde.
PQR-2025T3-0185,2025-T3,2025,Comuna 2 (Roma),Comuna 2,Comuna,Vivienda,Negativo,22,La casa que me asignaron tiene problemas y nadie responde.
PQR-2025T3-0186,2025-T3,2025,Comuna 2 (Roma),Comuna 2,Comuna,Vivienda,Negativo,16,Postulé al subsidio de vivienda y me rechazaron sin explicación clara.
PQR-2025T3-0187,2025-T3,2025,Comuna 2 (Roma),Comuna 2,Comuna,Vivienda,Negativo,20,La casa que me asignaron tiene problemas y nadie responde.
PQR-2025T3-0188,2025-T3,2025,Comuna 2 (Roma),Comuna 2,Comuna,Vivienda,Negativo,19,La casa que me asignaron tiene problemas y nadie responde.
PQR-2025T3-0189,2025-T3,2025,Comuna 2 (Roma),Comuna 2,Comuna,Vivienda,Negativo,15,Postulé al subsidio de vivienda y me rechazaron sin explicación clara.
PQR-2025T3-0190,2025-T3,2025,Comuna 2 (Roma),Comuna 2,Comuna,Vivienda,Neutral,19,Pregunto por las convocatorias de vivienda para población víctima.
PQR-2025T3-0191,2025-T3,2025,Comuna 2 (Roma),Comuna 2,Comuna,Vivienda,Neutral,19,Solicito información sobre el subsidio de mejoramiento de vivienda.
PQR-2025T3-0192,2025-T3,2025,Comuna 2 (Roma),Comuna 2,Comuna,Vivienda,Negativo,18,La casa que me asignaron tiene problemas y nadie responde.
PQR-2025T3-0193,2025-T3,2025,Comuna 2 (Roma),Comuna 2,Comuna,Salud y atención psicosocial,Negativo,20,No hay profesionales suficientes para la atención en salud mental.
PQR-2025T3-0194,2025-T3,2025,Comuna 2 (Roma),Comuna 2,Comuna,Salud y atención psicosocial,Positivo,22,"Recibí buena orientación en salud, quedé satisfecho."
PQR-2025T3-0195,2025-T3,2025,Comuna 2 (Roma),Comuna 2,Comuna,Salud y atención psicosocial,Positivo,21,"La atención psicosocial me ha ayudado mucho, gracias al equipo."
PQR-2025T3-0196,2025-T3,2025,Comuna 2 (Roma),Comuna 2,Comuna,Salud y atención psicosocial,Neutral,16,Solicito una cita de atención psicosocial para mi familia.
PQR-2025T3-0197,2025-T3,2025,Comuna 2 (Roma),Comuna 2,Comuna,Salud y atención psicosocial,Positivo,15,"Recibí buena orientación en salud, quedé satisfecho."
PQR-2025T3-0198,2025-T3,2025,Comuna 2 (Roma),Comuna 2,Comuna,Salud y atención psicosocial,Positivo,20,"Recibí buena orientación en salud, quedé satisfecho."
PQR-2025T3-0199,2025-T3,2025,Comuna 2 (Roma),Comuna 2,Comuna,Salud y atención psicosocial,Negativo,18,No hay profesionales suficientes para la atención en salud mental.
PQR-2025T3-0200,2025-T3,2025,Comuna 2 (Roma),Comuna 2,Comuna,Salud y atención psicosocial,Neutral,23,Pregunto por el programa de atención en salud para víctimas.
PQR-2025T3-0201,2025-T3,2025,Comuna 2 (Roma),Comuna 2,Comuna,Salud y atención psicosocial,Neutral,21,Solicito una cita de atención psicosocial para mi familia.
PQR-2025T3-0202,2025-T3,2025,Comuna 2 (Roma),Comuna 2,Comuna,Salud y atención psicosocial,Positivo,16,"La atención psicosocial me ha ayudado mucho, gracias al equipo."
PQR-2025T3-0203,2025-T3,2025,Comuna 2 (Roma),Comuna 2,Comuna,Salud y atención psicosocial,Negativo,18,No hay profesionales suficientes para la atención en salud mental.
PQR-2025T3-0204,2025-T3,2025,Comuna 2 (Roma),Comuna 2,Comuna,Salud y atención psicosocial,Negativo,22,No hay profesionales suficientes para la atención en salud mental.
PQR-2025T3-0205,2025-T3,2025,Comuna 2 (Roma),Comuna 2,Comuna,Salud y atención psicosocial,Negativo,16,Necesito atención psicosocial y me dan citas para dentro de meses.
PQR-2025T3-0206,2025-T3,2025,Comuna 2 (Roma),Comuna 2,Comuna,Salud y atención psicosocial,Negativo,21,Necesito atención psicosocial y me dan citas para dentro de meses.
PQR-2025T3-0207,2025-T3,2025,Comuna 2 (Roma),Comuna 2,Comuna,Salud y atención psicosocial,Neutral,20,Solicito una cita de atención psicosocial para mi familia.
PQR-2025T3-0208,2025-T3,2025,Comuna 2 (Roma),Comuna 2,Comuna,Salud y atención psicosocial,Positivo,22,"Recibí buena orientación en salud, quedé satisfecho."
PQR-2025T3-0209,2025-T3,2025,Comuna 2 (Roma),Comuna 2,Comuna,Salud y atención psicosocial,Negativo,22,Necesito atención psicosocial y me dan citas para dentro de meses.
PQR-2025T3-0210,2025-T3,2025,Comuna 2 (Roma),Comuna 2,Comuna,Educación,Positivo,15,"Mi hija obtuvo el apoyo educativo, muy agradecida."
PQR-2025T3-0211,2025-T3,2025,Comuna 2 (Roma),Comuna 2,Comuna,Educación,Negativo,20,Falta información sobre los cupos educativos para víctimas.
PQR-2025T3-0212,2025-T3,2025,Comuna 2 (Roma),Comuna 2,Comuna,Educación,Neutral,22,Pregunto por el apoyo educativo para el próximo semestre.
PQR-2025T3-0213,2025-T3,2025,Comuna 2 (Roma),Comuna 2,Comuna,Educación,Positivo,19,La orientación sobre educación superior fue útil.
PQR-2025T3-0214,2025-T3,2025,Comuna 2 (Roma),Comuna 2,Comuna,Educación,Positivo,15,La orientación sobre educación superior fue útil.
PQR-2025T3-0215,2025-T3,2025,Comuna 2 (Roma),Comuna 2,Comuna,Educación,Negativo,18,Mi hijo no ha podido acceder al beneficio educativo prometido.
PQR-2025T3-0216,2025-T3,2025,Comuna 2 (Roma),Comuna 2,Comuna,Educación,Neutral,16,Pregunto por el apoyo educativo para el próximo semestre.
PQR-2025T3-0217,2025-T3,2025,Comuna 2 (Roma),Comuna 2,Comuna,Educación,Negativo,19,Falta información sobre los cupos educativos para víctimas.
PQR-2025T3-0218,2025-T3,2025,Comuna 2 (Roma),Comuna 2,Comuna,Educación,Neutral,19,Pregunto por el apoyo educativo para el próximo semestre.
PQR-2025T3-0219,2025-T3,2025,Comuna 2 (Roma),Comuna 2,Comuna,Registro / inclusión RUV,Neutral,17,Solicito información sobre mi estado en el Registro Único de Víctimas.
PQR-2025T3-0220,2025-T3,2025,Comuna 2 (Roma),Comuna 2,Comuna,Registro / inclusión RUV,Neutral,16,¿Qué debo hacer para actualizar mis datos en el RUV?
PQR-2025T3-0221,2025-T3,2025,Comuna 2 (Roma),Comuna 2,Comuna,Registro / inclusión RUV,Positivo,20,"Me orientaron bien para la declaración, todo salió bien."
PQR-2025T3-0222,2025-T3,2025,Comuna 2 (Roma),Comuna 2,Comuna,Registro / inclusión RUV,Neutral,17,Solicito información sobre mi estado en el Registro Único de Víctimas.
PQR-2025T3-0223,2025-T3,2025,Comuna 2 (Roma),Comuna 2,Comuna,Registro / inclusión RUV,Negativo,15,Llevo meses esperando que me incluyan en el RUV y no hay respuesta.
PQR-2025T3-0224,2025-T3,2025,Comuna 2 (Roma),Comuna 2,Comuna,Registro / inclusión RUV,Negativo,21,Me negaron la inclusión y no me explicaron los motivos.
PQR-2025T3-0225,2025-T3,2025,Comuna 2 (Roma),Comuna 2,Comuna,Registro / inclusión RUV,Neutral,20,¿Qué debo hacer para actualizar mis datos en el RUV?
PQR-2025T3-0226,2025-T3,2025,Comuna 2 (Roma),Comuna 2,Comuna,Registro / inclusión RUV,Positivo,22,"Me orientaron bien para la declaración, todo salió bien."
PQR-2025T3-0227,2025-T3,2025,Comuna 2 (Roma),Comuna 2,Comuna,Registro / inclusión RUV,Negativo,16,Me negaron la inclusión y no me explicaron los motivos.
PQR-2025T3-0228,2025-T3,2025,Comuna 2 (Roma),Comuna 2,Comuna,Registro / inclusión RUV,Positivo,16,"Ya quedé incluido en el registro, agradezco la ayuda."
PQR-2025T3-0229,2025-T3,2025,Comuna 2 (Roma),Comuna 2,Comuna,Registro / inclusión RUV,Negativo,17,Llevo meses esperando que me incluyan en el RUV y no hay respuesta.
PQR-2025T3-0230,2025-T3,2025,Comuna 2 (Roma),Comuna 2,Comuna,Registro / inclusión RUV,Neutral,17,Solicito información sobre mi estado en el Registro Único de Víctimas.
PQR-2025T3-0231,2025-T3,2025,Comuna 2 (Roma),Comuna 2,Comuna,Registro / inclusión RUV,Neutral,18,Solicito información sobre mi estado en el Registro Único de Víctimas.
PQR-2025T3-0232,2025-T3,2025,Comuna 2 (Roma),Comuna 2,Comuna,Registro / inclusión RUV,Negativo,16,Llevo meses esperando que me incluyan en el RUV y no hay respuesta.
PQR-2025T3-0233,2025-T3,2025,Comuna 2 (Roma),Comuna 2,Comuna,Registro / inclusión RUV,Neutral,15,Solicito información sobre mi estado en el Registro Único de Víctimas.
PQR-2025T3-0234,2025-T3,2025,Comuna 2 (Roma),Comuna 2,Comuna,Registro / inclusión RUV,Negativo,15,Llevo meses esperando que me incluyan en el RUV y no hay respuesta.
PQR-2025T3-0235,2025-T3,2025,Comuna 2 (Roma),Comuna 2,Comuna,Registro / inclusión RUV,Negativo,21,Llevo meses esperando que me incluyan en el RUV y no hay respuesta.
PQR-2025T3-0236,2025-T3,2025,Comuna 2 (Roma),Comuna 2,Comuna,Registro / inclusión RUV,Neutral,22,¿Qué debo hacer para actualizar mis datos en el RUV?
PQR-2025T3-0237,2025-T3,2025,Comuna 2 (Roma),Comuna 2,Comuna,Retornos y reubicación,Neutral,19,Solicito información sobre acompañamiento para reubicación.
PQR-2025T3-0238,2025-T3,2025,Comuna 2 (Roma),Comuna 2,Comuna,Retornos y reubicación,Negativo,18,Solicité apoyo para el retorno y no hay condiciones de seguridad.
PQR-2025T3-0239,2025-T3,2025,Comuna 2 (Roma),Comuna 2,Comuna,Retornos y reubicación,Neutral,15,Pregunto por el plan de retorno para mi comunidad.
PQR-2025T3-0240,2025-T3,2025,Comuna 2 (Roma),Comuna 2,Comuna,Retornos y reubicación,Negativo,18,El proceso de reubicación está detenido hace tiempo.
PQR-2025T3-0241,2025-T3,2025,Comuna 2 (Roma),Comuna 2,Comuna,Retornos y reubicación,Neutral,17,Pregunto por el plan de retorno para mi comunidad.
PQR-2025T3-0242,2025-T3,2025,Comuna 2 (Roma),Comuna 2,Comuna,Retornos y reubicación,Positivo,17,"El acompañamiento para el retorno fue bueno, gracias."
PQR-2025T3-0243,2025-T3,2025,Comuna 2 (Roma),Comuna 2,Comuna,Retornos y reubicación,Negativo,19,El proceso de reubicación está detenido hace tiempo.
PQR-2025T3-0244,2025-T3,2025,Comuna 2 (Roma),Comuna 2,Comuna,Retornos y reubicación,Negativo,20,Solicité apoyo para el retorno y no hay condiciones de seguridad.
PQR-2025T3-0245,2025-T3,2025,Comuna 2 (Roma),Comuna 2,Comuna,Otros trámites,Positivo,16,Me resolvieron el trámite sin complicaciones.
PQR-2025T3-0246,2025-T3,2025,Comuna 2 (Roma),Comuna 2,Comuna,Otros trámites,Neutral,17,Pregunto por el horario de atención de la oficina.
PQR-2025T3-0247,2025-T3,2025,Comuna 2 (Roma),Comuna 2,Comuna,Otros trámites,Negativo,22,La fila de atención es muy larga y no alcanzan a atender.
PQR-2025T3-0248,2025-T3,2025,Comuna 2 (Roma),Comuna 2,Comuna,Otros trámites,Neutral,20,Solicito un certificado de mi condición de víctima.
PQR-2025T3-0249,2025-T3,2025,Comuna 2 (Roma),Comuna 2,Comuna,Otros trámites,Negativo,15,Me han remitido de una oficina a otra sin resolver mi caso.
PQR-2025T3-0250,2025-T3,2025,Comuna 2 (Roma),Comuna 2,Comuna,Otros trámites,Positivo,18,Me resolvieron el trámite sin complicaciones.
PQR-2025T3-0251,2025-T3,2025,Comuna 2 (Roma),Comuna 2,Comuna,Otros trámites,Negativo,22,Me han remitido de una oficina a otra sin resolver mi caso.
PQR-2025T3-0252,2025-T3,2025,Comuna 2 (Roma),Comuna 2,Comuna,Otros trámites,Negativo,20,Me han remitido de una oficina a otra sin resolver mi caso.
PQR-2025T3-0253,2025-T3,2025,Comuna 2 (Roma),Comuna 2,Comuna,Otros trámites,Neutral,21,Pregunto por el horario de atención de la oficina.
PQR-2025T3-0254,2025-T3,2025,Comuna 3 (Yesca Grande),Comuna 3,Comuna,Ayuda humanitaria,Negativo,21,"Solicité el mercado de emergencia y nunca llegó, mi familia está pasando necesidad."
PQR-2025T3-0255,2025-T3,2025,Comuna 3 (Yesca Grande),Comuna 3,Comuna,Ayuda humanitaria,Positivo,19,"La atención para la ayuda de emergencia fue oportuna, gracias."
PQR-2025T3-0256,2025-T3,2025,Comuna 3 (Yesca Grande),Comuna 3,Comuna,Ayuda humanitaria,Negativo,20,Llevo tres meses esperando la ayuda humanitaria y no me han dado respuesta.
PQR-2025T3-0257,2025-T3,2025,Comuna 3 (Yesca Grande),Comuna 3,Comuna,Ayuda humanitaria,Positivo,15,"La atención para la ayuda de emergencia fue oportuna, gracias."
PQR-2025T3-0258,2025-T3,2025,Comuna 3 (Yesca Grande),Comuna 3,Comuna,Ayuda humanitaria,Negativo,23,Llevo tres meses esperando la ayuda humanitaria y no me han dado respuesta.
PQR-2025T3-0259,2025-T3,2025,Comuna 3 (Yesca Grande),Comuna 3,Comuna,Ayuda humanitaria,Negativo,19,"Solicité el mercado de emergencia y nunca llegó, mi familia está pasando necesidad."
PQR-2025T3-0260,2025-T3,2025,Comuna 3 (Yesca Grande),Comuna 3,Comuna,Ayuda humanitaria,Positivo,19,Agradezco que me entregaron la ayuda humanitaria rápidamente.
PQR-2025T3-0261,2025-T3,2025,Comuna 3 (Yesca Grande),Comuna 3,Comuna,Ayuda humanitaria,Negativo,19,"Solicité el mercado de emergencia y nunca llegó, mi familia está pasando necesidad."
PQR-2025T3-0262,2025-T3,2025,Comuna 3 (Yesca Grande),Comuna 3,Comuna,Ayuda humanitaria,Neutral,15,Pregunto por el estado de mi solicitud de ayuda humanitaria inmediata.
PQR-2025T3-0263,2025-T3,2025,Comuna 3 (Yesca Grande),Comuna 3,Comuna,Ayuda humanitaria,Negativo,21,Llevo tres meses esperando la ayuda humanitaria y no me han dado respuesta.
PQR-2025T3-0264,2025-T3,2025,Comuna 3 (Yesca Grande),Comuna 3,Comuna,Ayuda humanitaria,Positivo,22,"La atención para la ayuda de emergencia fue oportuna, gracias."
PQR-2025T3-0265,2025-T3,2025,Comuna 3 (Yesca Grande),Comuna 3,Comuna,Ayuda humanitaria,Neutral,22,Quisiera saber qué documentos faltan para la ayuda humanitaria.
PQR-2025T3-0266,2025-T3,2025,Comuna 3 (Yesca Grande),Comuna 3,Comuna,Ayuda humanitaria,Neutral,20,Quisiera saber qué documentos faltan para la ayuda humanitaria.
PQR-2025T3-0267,2025-T3,2025,Comuna 3 (Yesca Grande),Comuna 3,Comuna,Ayuda humanitaria,Neutral,19,Pregunto por el estado de mi solicitud de ayuda humanitaria inmediata.
PQR-2025T3-0268,2025-T3,2025,Comuna 3 (Yesca Grande),Comuna 3,Comuna,Ayuda humanitaria,Neutral,21,Quisiera saber qué documentos faltan para la ayuda humanitaria.
PQR-2025T3-0269,2025-T3,2025,Comuna 3 (Yesca Grande),Comuna 3,Comuna,Ayuda humanitaria,Neutral,19,Pregunto por el estado de mi solicitud de ayuda humanitaria inmediata.
PQR-2025T3-0270,2025-T3,2025,Comuna 3 (Yesca Grande),Comuna 3,Comuna,Ayuda humanitaria,Negativo,18,Llevo tres meses esperando la ayuda humanitaria y no me han dado respuesta.
PQR-2025T3-0271,2025-T3,2025,Comuna 3 (Yesca Grande),Comuna 3,Comuna,Ayuda humanitaria,Negativo,16,"Solicité el mercado de emergencia y nunca llegó, mi familia está pasando necesidad."
PQR-2025T3-0272,2025-T3,2025,Comuna 3 (Yesca Grande),Comuna 3,Comuna,Ayuda humanitaria,Positivo,18,"La atención para la ayuda de emergencia fue oportuna, gracias."
PQR-2025T3-0273,2025-T3,2025,Comuna 3 (Yesca Grande),Comuna 3,Comuna,Ayuda humanitaria,Neutral,22,Pregunto por el estado de mi solicitud de ayuda humanitaria inmediata.
PQR-2025T3-0274,2025-T3,2025,Comuna 3 (Yesca Grande),Comuna 3,Comuna,Ayuda humanitaria,Negativo,22,"Solicité el mercado de emergencia y nunca llegó, mi familia está pasando necesidad."
PQR-2025T3-0275,2025-T3,2025,Comuna 3 (Yesca Grande),Comuna 3,Comuna,Ayuda humanitaria,Negativo,21,"Solicité el mercado de emergencia y nunca llegó, mi familia está pasando necesidad."
PQR-2025T3-0276,2025-T3,2025,Comuna 3 (Yesca Grande),Comuna 3,Comuna,Ayuda humanitaria,Negativo,22,"Solicité el mercado de emergencia y nunca llegó, mi familia está pasando necesidad."
PQR-2025T3-0277,2025-T3,2025,Comuna 3 (Yesca Grande),Comuna 3,Comuna,Ayuda humanitaria,Neutral,20,Pregunto por el estado de mi solicitud de ayuda humanitaria inmediata.
PQR-2025T3-0278,2025-T3,2025,Comuna 3 (Yesca Grande),Comuna 3,Comuna,Ayuda humanitaria,Positivo,17,"La atención para la ayuda de emergencia fue oportuna, gracias."
PQR-2025T3-0279,2025-T3,2025,Comuna 3 (Yesca Grande),Comuna 3,Comuna,Ayuda humanitaria,Negativo,22,"Solicité el mercado de emergencia y nunca llegó, mi familia está pasando necesidad."
PQR-2025T3-0280,2025-T3,2025,Comuna 3 (Yesca Grande),Comuna 3,Comuna,Ayuda humanitaria,Neutral,23,Pregunto por el estado de mi solicitud de ayuda humanitaria inmediata.
PQR-2025T3-0281,2025-T3,2025,Comuna 3 (Yesca Grande),Comuna 3,Comuna,Ayuda humanitaria,Negativo,21,"Solicité el mercado de emergencia y nunca llegó, mi familia está pasando necesidad."
PQR-2025T3-0282,2025-T3,2025,Comuna 3 (Yesca Grande),Comuna 3,Comuna,Indemnización / reparación,Negativo,19,No entiendo por qué a otros ya les pagaron la reparación y a mí no.
PQR-2025T3-0283,2025-T3,2025,Comuna 3 (Yesca Grande),Comuna 3,Comuna,Indemnización / reparación,Negativo,20,No entiendo por qué a otros ya les pagaron la reparación y a mí no.
PQR-2025T3-0284,2025-T3,2025,Comuna 3 (Yesca Grande),Comuna 3,Comuna,Indemnización / reparación,Neutral,16,¿Cómo consulto el estado de mi proceso de reparación?
PQR-2025T3-0285,2025-T3,2025,Comuna 3 (Yesca Grande),Comuna 3,Comuna,Indemnización / reparación,Neutral,20,Solicito información sobre el turno de mi indemnización administrativa.
PQR-2025T3-0286,2025-T3,2025,Comuna 3 (Yesca Grande),Comuna 3,Comuna,Indemnización / reparación,Negativo,20,"Fui incluido hace años y todavía no me llega la indemnización, es una injusticia."
PQR-2025T3-0287,2025-T3,2025,Comuna 3 (Yesca Grande),Comuna 3,Comuna,Indemnización / reparación,Neutral,15,Solicito información sobre el turno de mi indemnización administrativa.
PQR-2025T3-0288,2025-T3,2025,Comuna 3 (Yesca Grande),Comuna 3,Comuna,Indemnización / reparación,Negativo,20,"Fui incluido hace años y todavía no me llega la indemnización, es una injusticia."
PQR-2025T3-0289,2025-T3,2025,Comuna 3 (Yesca Grande),Comuna 3,Comuna,Indemnización / reparación,Negativo,22,"Fui incluido hace años y todavía no me llega la indemnización, es una injusticia."
PQR-2025T3-0290,2025-T3,2025,Comuna 3 (Yesca Grande),Comuna 3,Comuna,Indemnización / reparación,Neutral,16,¿Cómo consulto el estado de mi proceso de reparación?
PQR-2025T3-0291,2025-T3,2025,Comuna 3 (Yesca Grande),Comuna 3,Comuna,Indemnización / reparación,Positivo,18,Me orientaron bien sobre el proceso de reparación.
PQR-2025T3-0292,2025-T3,2025,Comuna 3 (Yesca Grande),Comuna 3,Comuna,Indemnización / reparación,Neutral,23,¿Cómo consulto el estado de mi proceso de reparación?
PQR-2025T3-0293,2025-T3,2025,Comuna 3 (Yesca Grande),Comuna 3,Comuna,Indemnización / reparación,Negativo,22,"Fui incluido hace años y todavía no me llega la indemnización, es una injusticia."
PQR-2025T3-0294,2025-T3,2025,Comuna 3 (Yesca Grande),Comuna 3,Comuna,Indemnización / reparación,Negativo,18,"Fui incluido hace años y todavía no me llega la indemnización, es una injusticia."
PQR-2025T3-0295,2025-T3,2025,Comuna 3 (Yesca Grande),Comuna 3,Comuna,Indemnización / reparación,Negativo,20,No entiendo por qué a otros ya les pagaron la reparación y a mí no.
PQR-2025T3-0296,2025-T3,2025,Comuna 3 (Yesca Grande),Comuna 3,Comuna,Indemnización / reparación,Neutral,15,Solicito información sobre el turno de mi indemnización administrativa.
PQR-2025T3-0297,2025-T3,2025,Comuna 3 (Yesca Grande),Comuna 3,Comuna,Indemnización / reparación,Neutral,17,¿Cómo consulto el estado de mi proceso de reparación?
PQR-2025T3-0298,2025-T3,2025,Comuna 3 (Yesca Grande),Comuna 3,Comuna,Indemnización / reparación,Negativo,18,No entiendo por qué a otros ya les pagaron la reparación y a mí no.
PQR-2025T3-0299,2025-T3,2025,Comuna 3 (Yesca Grande),Comuna 3,Comuna,Indemnización / reparación,Negativo,18,No entiendo por qué a otros ya les pagaron la reparación y a mí no.
PQR-2025T3-0300,2025-T3,2025,Comuna 3 (Yesca Grande),Comuna 3,Comuna,Indemnización / reparación,Negativo,22,No entiendo por qué a otros ya les pagaron la reparación y a mí no.
PQR-2025T3-0301,2025-T3,2025,Comuna 3 (Yesca Grande),Comuna 3,Comuna,Indemnización / reparación,Neutral,15,¿Cómo consulto el estado de mi proceso de reparación?
PQR-2025T3-0302,2025-T3,2025,Comuna 3 (Yesca Grande),Comuna 3,Comuna,Indemnización / reparación,Negativo,18,No entiendo por qué a otros ya les pagaron la reparación y a mí no.
PQR-2025T3-0303,2025-T3,2025,Comuna 3 (Yesca Grande),Comuna 3,Comuna,Vivienda,Neutral,19,Solicito información sobre el subsidio de mejoramiento de vivienda.
PQR-2025T3-0304,2025-T3,2025,Comuna 3 (Yesca Grande),Comuna 3,Comuna,Vivienda,Negativo,18,Postulé al subsidio de vivienda y me rechazaron sin explicación clara.
PQR-2025T3-0305,2025-T3,2025,Comuna 3 (Yesca Grande),Comuna 3,Comuna,Vivienda,Neutral,17,Solicito información sobre el subsidio de mejoramiento de vivienda.
PQR-2025T3-0306,2025-T3,2025,Comuna 3 (Yesca Grande),Comuna 3,Comuna,Vivienda,Neutral,21,Pregunto por las convocatorias de vivienda para población víctima.
PQR-2025T3-0307,2025-T3,2025,Comuna 3 (Yesca Grande),Comuna 3,Comuna,Vivienda,Negativo,20,La casa que me asignaron tiene problemas y nadie responde.
PQR-2025T3-0308,2025-T3,2025,Comuna 3 (Yesca Grande),Comuna 3,Comuna,Vivienda,Negativo,20,Postulé al subsidio de vivienda y me rechazaron sin explicación clara.
PQR-2025T3-0309,2025-T3,2025,Comuna 3 (Yesca Grande),Comuna 3,Comuna,Vivienda,Negativo,17,Postulé al subsidio de vivienda y me rechazaron sin explicación clara.
PQR-2025T3-0310,2025-T3,2025,Comuna 3 (Yesca Grande),Comuna 3,Comuna,Vivienda,Neutral,22,Solicito información sobre el subsidio de mejoramiento de vivienda.
PQR-2025T3-0311,2025-T3,2025,Comuna 3 (Yesca Grande),Comuna 3,Comuna,Vivienda,Negativo,19,Postulé al subsidio de vivienda y me rechazaron sin explicación clara.
PQR-2025T3-0312,2025-T3,2025,Comuna 3 (Yesca Grande),Comuna 3,Comuna,Vivienda,Neutral,20,Solicito información sobre el subsidio de mejoramiento de vivienda.
PQR-2025T3-0313,2025-T3,2025,Comuna 3 (Yesca Grande),Comuna 3,Comuna,Salud y atención psicosocial,Positivo,15,"Recibí buena orientación en salud, quedé satisfecho."
PQR-2025T3-0314,2025-T3,2025,Comuna 3 (Yesca Grande),Comuna 3,Comuna,Salud y atención psicosocial,Positivo,19,"La atención psicosocial me ha ayudado mucho, gracias al equipo."
PQR-2025T3-0315,2025-T3,2025,Comuna 3 (Yesca Grande),Comuna 3,Comuna,Salud y atención psicosocial,Neutral,18,Pregunto por el programa de atención en salud para víctimas.
PQR-2025T3-0316,2025-T3,2025,Comuna 3 (Yesca Grande),Comuna 3,Comuna,Salud y atención psicosocial,Neutral,21,Pregunto por el programa de atención en salud para víctimas.
PQR-2025T3-0317,2025-T3,2025,Comuna 3 (Yesca Grande),Comuna 3,Comuna,Salud y atención psicosocial,Negativo,19,Necesito atención psicosocial y me dan citas para dentro de meses.
PQR-2025T3-0318,2025-T3,2025,Comuna 3 (Yesca Grande),Comuna 3,Comuna,Salud y atención psicosocial,Neutral,20,Pregunto por el programa de atención en salud para víctimas.
PQR-2025T3-0319,2025-T3,2025,Comuna 3 (Yesca Grande),Comuna 3,Comuna,Salud y atención psicosocial,Positivo,18,"Recibí buena orientación en salud, quedé satisfecho."
PQR-2025T3-0320,2025-T3,2025,Comuna 3 (Yesca Grande),Comuna 3,Comuna,Salud y atención psicosocial,Positivo,20,"La atención psicosocial me ha ayudado mucho, gracias al equipo."
PQR-2025T3-0321,2025-T3,2025,Comuna 3 (Yesca Grande),Comuna 3,Comuna,Salud y atención psicosocial,Neutral,23,Solicito una cita de atención psicosocial para mi familia.
PQR-2025T3-0322,2025-T3,2025,Comuna 3 (Yesca Grande),Comuna 3,Comuna,Salud y atención psicosocial,Negativo,21,Necesito atención psicosocial y me dan citas para dentro de meses.
PQR-2025T3-0323,2025-T3,2025,Comuna 3 (Yesca Grande),Comuna 3,Comuna,Salud y atención psicosocial,Positivo,20,"La atención psicosocial me ha ayudado mucho, gracias al equipo."
PQR-2025T3-0324,2025-T3,2025,Comuna 3 (Yesca Grande),Comuna 3,Comuna,Salud y atención psicosocial,Positivo,15,"Recibí buena orientación en salud, quedé satisfecho."
PQR-2025T3-0325,2025-T3,2025,Comuna 3 (Yesca Grande),Comuna 3,Comuna,Salud y atención psicosocial,Positivo,18,"La atención psicosocial me ha ayudado mucho, gracias al equipo."
PQR-2025T3-0326,2025-T3,2025,Comuna 3 (Yesca Grande),Comuna 3,Comuna,Salud y atención psicosocial,Negativo,17,Necesito atención psicosocial y me dan citas para dentro de meses.
PQR-2025T3-0327,2025-T3,2025,Comuna 3 (Yesca Grande),Comuna 3,Comuna,Salud y atención psicosocial,Neutral,19,Pregunto por el programa de atención en salud para víctimas.
PQR-2025T3-0328,2025-T3,2025,Comuna 3 (Yesca Grande),Comuna 3,Comuna,Salud y atención psicosocial,Neutral,22,Pregunto por el programa de atención en salud para víctimas.
PQR-2025T3-0329,2025-T3,2025,Comuna 3 (Yesca Grande),Comuna 3,Comuna,Salud y atención psicosocial,Positivo,23,"La atención psicosocial me ha ayudado mucho, gracias al equipo."
PQR-2025T3-0330,2025-T3,2025,Comuna 3 (Yesca Grande),Comuna 3,Comuna,Salud y atención psicosocial,Positivo,15,"Recibí buena orientación en salud, quedé satisfecho."
PQR-2025T3-0331,2025-T3,2025,Comuna 3 (Yesca Grande),Comuna 3,Comuna,Salud y atención psicosocial,Negativo,16,No hay profesionales suficientes para la atención en salud mental.
PQR-2025T3-0332,2025-T3,2025,Comuna 3 (Yesca Grande),Comuna 3,Comuna,Educación,Neutral,21,Pregunto por el apoyo educativo para el próximo semestre.
PQR-2025T3-0333,2025-T3,2025,Comuna 3 (Yesca Grande),Comuna 3,Comuna,Educación,Negativo,20,Mi hijo no ha podido acceder al beneficio educativo prometido.
PQR-2025T3-0334,2025-T3,2025,Comuna 3 (Yesca Grande),Comuna 3,Comuna,Educación,Neutral,19,Pregunto por el apoyo educativo para el próximo semestre.
PQR-2025T3-0335,2025-T3,2025,Comuna 3 (Yesca Grande),Comuna 3,Comuna,Educación,Positivo,21,La orientación sobre educación superior fue útil.
PQR-2025T3-0336,2025-T3,2025,Comuna 3 (Yesca Grande),Comuna 3,Comuna,Educación,Negativo,20,Falta información sobre los cupos educativos para víctimas.
PQR-2025T3-0337,2025-T3,2025,Comuna 3 (Yesca Grande),Comuna 3,Comuna,Educación,Negativo,21,Falta información sobre los cupos educativos para víctimas.
PQR-2025T3-0338,2025-T3,2025,Comuna 3 (Yesca Grande),Comuna 3,Comuna,Educación,Positivo,17,"Mi hija obtuvo el apoyo educativo, muy agradecida."
PQR-2025T3-0339,2025-T3,2025,Comuna 3 (Yesca Grande),Comuna 3,Comuna,Educación,Positivo,19,"Mi hija obtuvo el apoyo educativo, muy agradecida."
PQR-2025T3-0340,2025-T3,2025,Comuna 3 (Yesca Grande),Comuna 3,Comuna,Educación,Negativo,16,Mi hijo no ha podido acceder al beneficio educativo prometido.
PQR-2025T3-0341,2025-T3,2025,Comuna 3 (Yesca Grande),Comuna 3,Comuna,Educación,Negativo,22,Falta información sobre los cupos educativos para víctimas.
PQR-2025T3-0342,2025-T3,2025,Comuna 3 (Yesca Grande),Comuna 3,Comuna,Educación,Negativo,16,Falta información sobre los cupos educativos para víctimas.
PQR-2025T3-0343,2025-T3,2025,Comuna 3 (Yesca Grande),Comuna 3,Comuna,Educación,Neutral,18,Pregunto por el apoyo educativo para el próximo semestre.
PQR-2025T3-0344,2025-T3,2025,Comuna 3 (Yesca Grande),Comuna 3,Comuna,Registro / inclusión RUV,Negativo,19,Llevo meses esperando que me incluyan en el RUV y no hay respuesta.
PQR-2025T3-0345,2025-T3,2025,Comuna 3 (Yesca Grande),Comuna 3,Comuna,Registro / inclusión RUV,Positivo,17,"Me orientaron bien para la declaración, todo salió bien."
PQR-2025T3-0346,2025-T3,2025,Comuna 3 (Yesca Grande),Comuna 3,Comuna,Registro / inclusión RUV,Negativo,20,Me negaron la inclusión y no me explicaron los motivos.
PQR-2025T3-0347,2025-T3,2025,Comuna 3 (Yesca Grande),Comuna 3,Comuna,Registro / inclusión RUV,Positivo,22,"Me orientaron bien para la declaración, todo salió bien."
PQR-2025T3-0348,2025-T3,2025,Comuna 3 (Yesca Grande),Comuna 3,Comuna,Registro / inclusión RUV,Neutral,17,¿Qué debo hacer para actualizar mis datos en el RUV?
PQR-2025T3-0349,2025-T3,2025,Comuna 3 (Yesca Grande),Comuna 3,Comuna,Registro / inclusión RUV,Negativo,16,Llevo meses esperando que me incluyan en el RUV y no hay respuesta.
PQR-2025T3-0350,2025-T3,2025,Comuna 3 (Yesca Grande),Comuna 3,Comuna,Registro / inclusión RUV,Neutral,16,¿Qué debo hacer para actualizar mis datos en el RUV?
PQR-2025T3-0351,2025-T3,2025,Comuna 3 (Yesca Grande),Comuna 3,Comuna,Registro / inclusión RUV,Negativo,18,Llevo meses esperando que me incluyan en el RUV y no hay respuesta.
PQR-2025T3-0352,2025-T3,2025,Comuna 3 (Yesca Grande),Comuna 3,Comuna,Registro / inclusión RUV,Negativo,21,Llevo meses esperando que me incluyan en el RUV y no hay respuesta.
PQR-2025T3-0353,2025-T3,2025,Comuna 3 (Yesca Grande),Comuna 3,Comuna,Registro / inclusión RUV,Negativo,15,Llevo meses esperando que me incluyan en el RUV y no hay respuesta.
PQR-2025T3-0354,2025-T3,2025,Comuna 3 (Yesca Grande),Comuna 3,Comuna,Registro / inclusión RUV,Positivo,17,"Ya quedé incluido en el registro, agradezco la ayuda."
PQR-2025T3-0355,2025-T3,2025,Comuna 3 (Yesca Grande),Comuna 3,Comuna,Retornos y reubicación,Negativo,20,El proceso de reubicación está detenido hace tiempo.
PQR-2025T3-0356,2025-T3,2025,Comuna 3 (Yesca Grande),Comuna 3,Comuna,Retornos y reubicación,Negativo,17,Solicité apoyo para el retorno y no hay condiciones de seguridad.
PQR-2025T3-0357,2025-T3,2025,Comuna 3 (Yesca Grande),Comuna 3,Comuna,Retornos y reubicación,Neutral,20,Pregunto por el plan de retorno para mi comunidad.
PQR-2025T3-0358,2025-T3,2025,Comuna 3 (Yesca Grande),Comuna 3,Comuna,Retornos y reubicación,Neutral,17,Pregunto por el plan de retorno para mi comunidad.
PQR-2025T3-0359,2025-T3,2025,Comuna 3 (Yesca Grande),Comuna 3,Comuna,Retornos y reubicación,Neutral,22,Pregunto por el plan de retorno para mi comunidad.
PQR-2025T3-0360,2025-T3,2025,Comuna 3 (Yesca Grande),Comuna 3,Comuna,Retornos y reubicación,Negativo,16,Solicité apoyo para el retorno y no hay condiciones de seguridad.
PQR-2025T3-0361,2025-T3,2025,Comuna 3 (Yesca Grande),Comuna 3,Comuna,Retornos y reubicación,Neutral,23,Solicito información sobre acompañamiento para reubicación.
PQR-2025T3-0362,2025-T3,2025,Comuna 3 (Yesca Grande),Comuna 3,Comuna,Otros trámites,Positivo,19,Me resolvieron el trámite sin complicaciones.
PQR-2025T3-0363,2025-T3,2025,Comuna 3 (Yesca Grande),Comuna 3,Comuna,Otros trámites,Positivo,19,La atención en ventanilla fue amable y rápida.
PQR-2025T3-0364,2025-T3,2025,Comuna 3 (Yesca Grande),Comuna 3,Comuna,Otros trámites,Negativo,22,Me han remitido de una oficina a otra sin resolver mi caso.
PQR-2025T3-0365,2025-T3,2025,Comuna 3 (Yesca Grande),Comuna 3,Comuna,Otros trámites,Neutral,23,Solicito un certificado de mi condición de víctima.
PQR-2025T3-0366,2025-T3,2025,Comuna 3 (Yesca Grande),Comuna 3,Comuna,Otros trámites,Negativo,17,Me han remitido de una oficina a otra sin resolver mi caso.
PQR-2025T3-0367,2025-T3,2025,Comuna 3 (Yesca Grande),Comuna 3,Comuna,Otros trámites,Positivo,21,La atención en ventanilla fue amable y rápida.
PQR-2025T3-0368,2025-T3,2025,Comuna 3 (Yesca Grande),Comuna 3,Comuna,Otros trámites,Neutral,16,Solicito un certificado de mi condición de víctima.
PQR-2025T3-0369,2025-T3,2025,Comuna 3 (Yesca Grande),Comuna 3,Comuna,Otros trámites,Positivo,17,La atención en ventanilla fue amable y rápida.
PQR-2025T3-0370,2025-T3,2025,Comuna 3 (Yesca Grande),Comuna 3,Comuna,Otros trámites,Neutral,16,Solicito un certificado de mi condición de víctima.
PQR-2025T3-0371,2025-T3,2025,Comuna 3 (Yesca Grande),Comuna 3,Comuna,Otros trámites,Positivo,20,Me resolvieron el trámite sin complicaciones.
PQR-2025T3-0372,2025-T3,2025,Comuna 4 (Niño Jesús),Comuna 4,Comuna,Ayuda humanitaria,Negativo,21,"Solicité el mercado de emergencia y nunca llegó, mi familia está pasando necesidad."
PQR-2025T3-0373,2025-T3,2025,Comuna 4 (Niño Jesús),Comuna 4,Comuna,Ayuda humanitaria,Neutral,20,Pregunto por el estado de mi solicitud de ayuda humanitaria inmediata.
PQR-2025T3-0374,2025-T3,2025,Comuna 4 (Niño Jesús),Comuna 4,Comuna,Ayuda humanitaria,Negativo,18,Llevo tres meses esperando la ayuda humanitaria y no me han dado respuesta.
PQR-2025T3-0375,2025-T3,2025,Comuna 4 (Niño Jesús),Comuna 4,Comuna,Ayuda humanitaria,Positivo,19,Agradezco que me entregaron la ayuda humanitaria rápidamente.
PQR-2025T3-0376,2025-T3,2025,Comuna 4 (Niño Jesús),Comuna 4,Comuna,Ayuda humanitaria,Positivo,16,Agradezco que me entregaron la ayuda humanitaria rápidamente.
PQR-2025T3-0377,2025-T3,2025,Comuna 4 (Niño Jesús),Comuna 4,Comuna,Ayuda humanitaria,Neutral,19,Quisiera saber qué documentos faltan para la ayuda humanitaria.
PQR-2025T3-0378,2025-T3,2025,Comuna 4 (Niño Jesús),Comuna 4,Comuna,Ayuda humanitaria,Positivo,23,Agradezco que me entregaron la ayuda humanitaria rápidamente.
PQR-2025T3-0379,2025-T3,2025,Comuna 4 (Niño Jesús),Comuna 4,Comuna,Ayuda humanitaria,Positivo,18,"La atención para la ayuda de emergencia fue oportuna, gracias."
PQR-2025T3-0380,2025-T3,2025,Comuna 4 (Niño Jesús),Comuna 4,Comuna,Ayuda humanitaria,Neutral,22,Pregunto por el estado de mi solicitud de ayuda humanitaria inmediata.
PQR-2025T3-0381,2025-T3,2025,Comuna 4 (Niño Jesús),Comuna 4,Comuna,Ayuda humanitaria,Positivo,15,Agradezco que me entregaron la ayuda humanitaria rápidamente.
PQR-2025T3-0382,2025-T3,2025,Comuna 4 (Niño Jesús),Comuna 4,Comuna,Ayuda humanitaria,Positivo,23,"La atención para la ayuda de emergencia fue oportuna, gracias."
PQR-2025T3-0383,2025-T3,2025,Comuna 4 (Niño Jesús),Comuna 4,Comuna,Ayuda humanitaria,Negativo,17,"Solicité el mercado de emergencia y nunca llegó, mi familia está pasando necesidad."
PQR-2025T3-0384,2025-T3,2025,Comuna 4 (Niño Jesús),Comuna 4,Comuna,Ayuda humanitaria,Negativo,17,"Solicité el mercado de emergencia y nunca llegó, mi familia está pasando necesidad."
PQR-2025T3-0385,2025-T3,2025,Comuna 4 (Niño Jesús),Comuna 4,Comuna,Ayuda humanitaria,Positivo,20,Agradezco que me entregaron la ayuda humanitaria rápidamente.
PQR-2025T3-0386,2025-T3,2025,Comuna 4 (Niño Jesús),Comuna 4,Comuna,Ayuda humanitaria,Negativo,17,"Solicité el mercado de emergencia y nunca llegó, mi familia está pasando necesidad."
PQR-2025T3-0387,2025-T3,2025,Comuna 4 (Niño Jesús),Comuna 4,Comuna,Ayuda humanitaria,Negativo,17,Llevo tres meses esperando la ayuda humanitaria y no me han dado respuesta.
PQR-2025T3-0388,2025-T3,2025,Comuna 4 (Niño Jesús),Comuna 4,Comuna,Ayuda humanitaria,Negativo,15,"Solicité el mercado de emergencia y nunca llegó, mi familia está pasando necesidad."
PQR-2025T3-0389,2025-T3,2025,Comuna 4 (Niño Jesús),Comuna 4,Comuna,Ayuda humanitaria,Negativo,20,Llevo tres meses esperando la ayuda humanitaria y no me han dado respuesta.
PQR-2025T3-0390,2025-T3,2025,Comuna 4 (Niño Jesús),Comuna 4,Comuna,Ayuda humanitaria,Positivo,22,"La atención para la ayuda de emergencia fue oportuna, gracias."
PQR-2025T3-0391,2025-T3,2025,Comuna 4 (Niño Jesús),Comuna 4,Comuna,Ayuda humanitaria,Positivo,22,"La atención para la ayuda de emergencia fue oportuna, gracias."
PQR-2025T3-0392,2025-T3,2025,Comuna 4 (Niño Jesús),Comuna 4,Comuna,Ayuda humanitaria,Negativo,22,"Solicité el mercado de emergencia y nunca llegó, mi familia está pasando necesidad."
PQR-2025T3-0393,2025-T3,2025,Comuna 4 (Niño Jesús),Comuna 4,Comuna,Ayuda humanitaria,Negativo,20,Llevo tres meses esperando la ayuda humanitaria y no me han dado respuesta.
PQR-2025T3-0394,2025-T3,2025,Comuna 4 (Niño Jesús),Comuna 4,Comuna,Ayuda humanitaria,Neutral,21,Pregunto por el estado de mi solicitud de ayuda humanitaria inmediata.
PQR-2025T3-0395,2025-T3,2025,Comuna 4 (Niño Jesús),Comuna 4,Comuna,Ayuda humanitaria,Positivo,21,"La atención para la ayuda de emergencia fue oportuna, gracias."
PQR-2025T3-0396,2025-T3,2025,Comuna 4 (Niño Jesús),Comuna 4,Comuna,Indemnización / reparación,Negativo,22,No entiendo por qué a otros ya les pagaron la reparación y a mí no.
PQR-2025T3-0397,2025-T3,2025,Comuna 4 (Niño Jesús),Comuna 4,Comuna,Indemnización / reparación,Negativo,20,No entiendo por qué a otros ya les pagaron la reparación y a mí no.
PQR-2025T3-0398,2025-T3,2025,Comuna 4 (Niño Jesús),Comuna 4,Comuna,Indemnización / reparación,Neutral,19,¿Cómo consulto el estado de mi proceso de reparación?
PQR-2025T3-0399,2025-T3,2025,Comuna 4 (Niño Jesús),Comuna 4,Comuna,Indemnización / reparación,Negativo,18,"Fui incluido hace años y todavía no me llega la indemnización, es una injusticia."
PQR-2025T3-0400,2025-T3,2025,Comuna 4 (Niño Jesús),Comuna 4,Comuna,Indemnización / reparación,Negativo,18,No entiendo por qué a otros ya les pagaron la reparación y a mí no.
PQR-2025T3-0401,2025-T3,2025,Comuna 4 (Niño Jesús),Comuna 4,Comuna,Indemnización / reparación,Negativo,21,No entiendo por qué a otros ya les pagaron la reparación y a mí no.
PQR-2025T3-0402,2025-T3,2025,Comuna 4 (Niño Jesús),Comuna 4,Comuna,Indemnización / reparación,Neutral,16,Solicito información sobre el turno de mi indemnización administrativa.
PQR-2025T3-0403,2025-T3,2025,Comuna 4 (Niño Jesús),Comuna 4,Comuna,Indemnización / reparación,Negativo,23,"Fui incluido hace años y todavía no me llega la indemnización, es una injusticia."
PQR-2025T3-0404,2025-T3,2025,Comuna 4 (Niño Jesús),Comuna 4,Comuna,Indemnización / reparación,Neutral,17,¿Cómo consulto el estado de mi proceso de reparación?
PQR-2025T3-0405,2025-T3,2025,Comuna 4 (Niño Jesús),Comuna 4,Comuna,Indemnización / reparación,Neutral,16,¿Cómo consulto el estado de mi proceso de reparación?
PQR-2025T3-0406,2025-T3,2025,Comuna 4 (Niño Jesús),Comuna 4,Comuna,Indemnización / reparación,Negativo,17,No entiendo por qué a otros ya les pagaron la reparación y a mí no.
PQR-2025T3-0407,2025-T3,2025,Comuna 4 (Niño Jesús),Comuna 4,Comuna,Indemnización / reparación,Positivo,20,"Por fin recibí la indemnización, agradezco la gestión de la oficina."
PQR-2025T3-0408,2025-T3,2025,Comuna 4 (Niño Jesús),Comuna 4,Comuna,Indemnización / reparación,Negativo,21,"Fui incluido hace años y todavía no me llega la indemnización, es una injusticia."
PQR-2025T3-0409,2025-T3,2025,Comuna 4 (Niño Jesús),Comuna 4,Comuna,Indemnización / reparación,Neutral,21,Solicito información sobre el turno de mi indemnización administrativa.
PQR-2025T3-0410,2025-T3,2025,Comuna 4 (Niño Jesús),Comuna 4,Comuna,Indemnización / reparación,Neutral,18,¿Cómo consulto el estado de mi proceso de reparación?
PQR-2025T3-0411,2025-T3,2025,Comuna 4 (Niño Jesús),Comuna 4,Comuna,Indemnización / reparación,Negativo,22,"Fui incluido hace años y todavía no me llega la indemnización, es una injusticia."
PQR-2025T3-0412,2025-T3,2025,Comuna 4 (Niño Jesús),Comuna 4,Comuna,Vivienda,Negativo,15,La casa que me asignaron tiene problemas y nadie responde.
PQR-2025T3-0413,2025-T3,2025,Comuna 4 (Niño Jesús),Comuna 4,Comuna,Vivienda,Negativo,21,La casa que me asignaron tiene problemas y nadie responde.
PQR-2025T3-0414,2025-T3,2025,Comuna 4 (Niño Jesús),Comuna 4,Comuna,Vivienda,Negativo,17,La casa que me asignaron tiene problemas y nadie responde.
PQR-2025T3-0415,2025-T3,2025,Comuna 4 (Niño Jesús),Comuna 4,Comuna,Vivienda,Negativo,16,La casa que me asignaron tiene problemas y nadie responde.
PQR-2025T3-0416,2025-T3,2025,Comuna 4 (Niño Jesús),Comuna 4,Comuna,Vivienda,Negativo,20,Postulé al subsidio de vivienda y me rechazaron sin explicación clara.
PQR-2025T3-0417,2025-T3,2025,Comuna 4 (Niño Jesús),Comuna 4,Comuna,Vivienda,Positivo,22,El proceso de postulación a vivienda fue claro.
PQR-2025T3-0418,2025-T3,2025,Comuna 4 (Niño Jesús),Comuna 4,Comuna,Vivienda,Neutral,16,Pregunto por las convocatorias de vivienda para población víctima.
PQR-2025T3-0419,2025-T3,2025,Comuna 4 (Niño Jesús),Comuna 4,Comuna,Vivienda,Neutral,18,Pregunto por las convocatorias de vivienda para población víctima.
PQR-2025T3-0420,2025-T3,2025,Comuna 4 (Niño Jesús),Comuna 4,Comuna,Vivienda,Negativo,21,Postulé al subsidio de vivienda y me rechazaron sin explicación clara.
PQR-2025T3-0421,2025-T3,2025,Comuna 4 (Niño Jesús),Comuna 4,Comuna,Vivienda,Negativo,21,La casa que me asignaron tiene problemas y nadie responde.
PQR-2025T3-0422,2025-T3,2025,Comuna 4 (Niño Jesús),Comuna 4,Comuna,Vivienda,Negativo,19,La casa que me asignaron tiene problemas y nadie responde.
PQR-2025T3-0423,2025-T3,2025,Comuna 4 (Niño Jesús),Comuna 4,Comuna,Vivienda,Neutral,20,Solicito información sobre el subsidio de mejoramiento de vivienda.
PQR-2025T3-0424,2025-T3,2025,Comuna 4 (Niño Jesús),Comuna 4,Comuna,Vivienda,Negativo,18,La casa que me asignaron tiene problemas y nadie responde.
PQR-2025T3-0425,2025-T3,2025,Comuna 4 (Niño Jesús),Comuna 4,Comuna,Vivienda,Neutral,20,Pregunto por las convocatorias de vivienda para población víctima.
PQR-2025T3-0426,2025-T3,2025,Comuna 4 (Niño Jesús),Comuna 4,Comuna,Vivienda,Neutral,16,Solicito información sobre el subsidio de mejoramiento de vivienda.
PQR-2025T3-0427,2025-T3,2025,Comuna 4 (Niño Jesús),Comuna 4,Comuna,Vivienda,Neutral,23,Solicito información sobre el subsidio de mejoramiento de vivienda.
PQR-2025T3-0428,2025-T3,2025,Comuna 4 (Niño Jesús),Comuna 4,Comuna,Vivienda,Neutral,20,Pregunto por las convocatorias de vivienda para población víctima.
PQR-2025T3-0429,2025-T3,2025,Comuna 4 (Niño Jesús),Comuna 4,Comuna,Salud y atención psicosocial,Positivo,17,"La atención psicosocial me ha ayudado mucho, gracias al equipo."
PQR-2025T3-0430,2025-T3,2025,Comuna 4 (Niño Jesús),Comuna 4,Comuna,Salud y atención psicosocial,Negativo,19,Necesito atención psicosocial y me dan citas para dentro de meses.
PQR-2025T3-0431,2025-T3,2025,Comuna 4 (Niño Jesús),Comuna 4,Comuna,Salud y atención psicosocial,Positivo,18,"Recibí buena orientación en salud, quedé satisfecho."
PQR-2025T3-0432,2025-T3,2025,Comuna 4 (Niño Jesús),Comuna 4,Comuna,Salud y atención psicosocial,Neutral,19,Pregunto por el programa de atención en salud para víctimas.
PQR-2025T3-0433,2025-T3,2025,Comuna 4 (Niño Jesús),Comuna 4,Comuna,Salud y atención psicosocial,Negativo,20,No hay profesionales suficientes para la atención en salud mental.
PQR-2025T3-0434,2025-T3,2025,Comuna 4 (Niño Jesús),Comuna 4,Comuna,Salud y atención psicosocial,Negativo,20,Necesito atención psicosocial y me dan citas para dentro de meses.
PQR-2025T3-0435,2025-T3,2025,Comuna 4 (Niño Jesús),Comuna 4,Comuna,Salud y atención psicosocial,Negativo,22,No hay profesionales suficientes para la atención en salud mental.
PQR-2025T3-0436,2025-T3,2025,Comuna 4 (Niño Jesús),Comuna 4,Comuna,Salud y atención psicosocial,Neutral,21,Pregunto por el programa de atención en salud para víctimas.
PQR-2025T3-0437,2025-T3,2025,Comuna 4 (Niño Jesús),Comuna 4,Comuna,Salud y atención psicosocial,Neutral,18,Pregunto por el programa de atención en salud para víctimas.
PQR-2025T3-0438,2025-T3,2025,Comuna 4 (Niño Jesús),Comuna 4,Comuna,Salud y atención psicosocial,Positivo,16,"Recibí buena orientación en salud, quedé satisfecho."
PQR-2025T3-0439,2025-T3,2025,Comuna 4 (Niño Jesús),Comuna 4,Comuna,Salud y atención psicosocial,Negativo,21,No hay profesionales suficientes para la atención en salud mental.
PQR-2025T3-0440,2025-T3,2025,Comuna 4 (Niño Jesús),Comuna 4,Comuna,Salud y atención psicosocial,Negativo,20,Necesito atención psicosocial y me dan citas para dentro de meses.
PQR-2025T3-0441,2025-T3,2025,Comuna 4 (Niño Jesús),Comuna 4,Comuna,Salud y atención psicosocial,Neutral,22,Solicito una cita de atención psicosocial para mi familia.
PQR-2025T3-0442,2025-T3,2025,Comuna 4 (Niño Jesús),Comuna 4,Comuna,Salud y atención psicosocial,Positivo,16,"Recibí buena orientación en salud, quedé satisfecho."
PQR-2025T3-0443,2025-T3,2025,Comuna 4 (Niño Jesús),Comuna 4,Comuna,Salud y atención psicosocial,Neutral,21,Pregunto por el programa de atención en salud para víctimas.
PQR-2025T3-0444,2025-T3,2025,Comuna 4 (Niño Jesús),Comuna 4,Comuna,Salud y atención psicosocial,Positivo,22,"La atención psicosocial me ha ayudado mucho, gracias al equipo."
PQR-2025T3-0445,2025-T3,2025,Comuna 4 (Niño Jesús),Comuna 4,Comuna,Salud y atención psicosocial,Neutral,19,Solicito una cita de atención psicosocial para mi familia.
PQR-2025T3-0446,2025-T3,2025,Comuna 4 (Niño Jesús),Comuna 4,Comuna,Salud y atención psicosocial,Negativo,19,Necesito atención psicosocial y me dan citas para dentro de meses.
PQR-2025T3-0447,2025-T3,2025,Comuna 4 (Niño Jesús),Comuna 4,Comuna,Salud y atención psicosocial,Negativo,20,No hay profesionales suficientes para la atención en salud mental.
PQR-2025T3-0448,2025-T3,2025,Comuna 4 (Niño Jesús),Comuna 4,Comuna,Salud y atención psicosocial,Positivo,21,"La atención psicosocial me ha ayudado mucho, gracias al equipo."
PQR-2025T3-0449,2025-T3,2025,Comuna 4 (Niño Jesús),Comuna 4,Comuna,Educación,Neutral,15,Solicito información sobre becas para estudiantes víctimas.
PQR-2025T3-0450,2025-T3,2025,Comuna 4 (Niño Jesús),Comuna 4,Comuna,Educación,Negativo,20,Falta información sobre los cupos educativos para víctimas.
PQR-2025T3-0451,2025-T3,2025,Comuna 4 (Niño Jesús),Comuna 4,Comuna,Educación,Neutral,22,Pregunto por el apoyo educativo para el próximo semestre.
PQR-2025T3-0452,2025-T3,2025,Comuna 4 (Niño Jesús),Comuna 4,Comuna,Educación,Neutral,19,Solicito información sobre becas para estudiantes víctimas.
PQR-2025T3-0453,2025-T3,2025,Comuna 4 (Niño Jesús),Comuna 4,Comuna,Educación,Neutral,15,Pregunto por el apoyo educativo para el próximo semestre.
PQR-2025T3-0454,2025-T3,2025,Comuna 4 (Niño Jesús),Comuna 4,Comuna,Educación,Positivo,18,"Mi hija obtuvo el apoyo educativo, muy agradecida."
PQR-2025T3-0455,2025-T3,2025,Comuna 4 (Niño Jesús),Comuna 4,Comuna,Educación,Negativo,16,Mi hijo no ha podido acceder al beneficio educativo prometido.
PQR-2025T3-0456,2025-T3,2025,Comuna 4 (Niño Jesús),Comuna 4,Comuna,Educación,Positivo,19,La orientación sobre educación superior fue útil.
PQR-2025T3-0457,2025-T3,2025,Comuna 4 (Niño Jesús),Comuna 4,Comuna,Educación,Neutral,19,Solicito información sobre becas para estudiantes víctimas.
PQR-2025T3-0458,2025-T3,2025,Comuna 4 (Niño Jesús),Comuna 4,Comuna,Educación,Negativo,20,Falta información sobre los cupos educativos para víctimas.
PQR-2025T3-0459,2025-T3,2025,Comuna 4 (Niño Jesús),Comuna 4,Comuna,Educación,Positivo,20,"Mi hija obtuvo el apoyo educativo, muy agradecida."
PQR-2025T3-0460,2025-T3,2025,Comuna 4 (Niño Jesús),Comuna 4,Comuna,Educación,Negativo,22,Falta información sobre los cupos educativos para víctimas.
PQR-2025T3-0461,2025-T3,2025,Comuna 4 (Niño Jesús),Comuna 4,Comuna,Registro / inclusión RUV,Neutral,19,¿Qué debo hacer para actualizar mis datos en el RUV?
PQR-2025T3-0462,2025-T3,2025,Comuna 4 (Niño Jesús),Comuna 4,Comuna,Registro / inclusión RUV,Negativo,17,Me negaron la inclusión y no me explicaron los motivos.
PQR-2025T3-0463,2025-T3,2025,Comuna 4 (Niño Jesús),Comuna 4,Comuna,Registro / inclusión RUV,Negativo,15,Llevo meses esperando que me incluyan en el RUV y no hay respuesta.
PQR-2025T3-0464,2025-T3,2025,Comuna 4 (Niño Jesús),Comuna 4,Comuna,Registro / inclusión RUV,Positivo,22,"Ya quedé incluido en el registro, agradezco la ayuda."
PQR-2025T3-0465,2025-T3,2025,Comuna 4 (Niño Jesús),Comuna 4,Comuna,Registro / inclusión RUV,Positivo,16,"Ya quedé incluido en el registro, agradezco la ayuda."
PQR-2025T3-0466,2025-T3,2025,Comuna 4 (Niño Jesús),Comuna 4,Comuna,Registro / inclusión RUV,Negativo,18,Llevo meses esperando que me incluyan en el RUV y no hay respuesta.
PQR-2025T3-0467,2025-T3,2025,Comuna 4 (Niño Jesús),Comuna 4,Comuna,Registro / inclusión RUV,Positivo,18,"Me orientaron bien para la declaración, todo salió bien."
PQR-2025T3-0468,2025-T3,2025,Comuna 4 (Niño Jesús),Comuna 4,Comuna,Registro / inclusión RUV,Negativo,20,Me negaron la inclusión y no me explicaron los motivos.
PQR-2025T3-0469,2025-T3,2025,Comuna 4 (Niño Jesús),Comuna 4,Comuna,Registro / inclusión RUV,Neutral,20,¿Qué debo hacer para actualizar mis datos en el RUV?
PQR-2025T3-0470,2025-T3,2025,Comuna 4 (Niño Jesús),Comuna 4,Comuna,Registro / inclusión RUV,Neutral,20,¿Qué debo hacer para actualizar mis datos en el RUV?
PQR-2025T3-0471,2025-T3,2025,Comuna 4 (Niño Jesús),Comuna 4,Comuna,Registro / inclusión RUV,Negativo,18,Me negaron la inclusión y no me explicaron los motivos.
PQR-2025T3-0472,2025-T3,2025,Comuna 4 (Niño Jesús),Comuna 4,Comuna,Registro / inclusión RUV,Neutral,17,¿Qué debo hacer para actualizar mis datos en el RUV?
PQR-2025T3-0473,2025-T3,2025,Comuna 4 (Niño Jesús),Comuna 4,Comuna,Registro / inclusión RUV,Negativo,17,Me negaron la inclusión y no me explicaron los motivos.
PQR-2025T3-0474,2025-T3,2025,Comuna 4 (Niño Jesús),Comuna 4,Comuna,Retornos y reubicación,Negativo,22,El proceso de reubicación está detenido hace tiempo.
PQR-2025T3-0475,2025-T3,2025,Comuna 4 (Niño Jesús),Comuna 4,Comuna,Retornos y reubicación,Negativo,15,Solicité apoyo para el retorno y no hay condiciones de seguridad.
PQR-2025T3-0476,2025-T3,2025,Comuna 4 (Niño Jesús),Comuna 4,Comuna,Retornos y reubicación,Positivo,15,"El acompañamiento para el retorno fue bueno, gracias."
PQR-2025T3-0477,2025-T3,2025,Comuna 4 (Niño Jesús),Comuna 4,Comuna,Retornos y reubicación,Negativo,22,El proceso de reubicación está detenido hace tiempo.
PQR-2025T3-0478,2025-T3,2025,Comuna 4 (Niño Jesús),Comuna 4,Comuna,Retornos y reubicación,Positivo,19,Nos apoyaron en la reubicación de manera adecuada.
PQR-2025T3-0479,2025-T3,2025,Comuna 4 (Niño Jesús),Comuna 4,Comuna,Retornos y reubicación,Neutral,22,Solicito información sobre acompañamiento para reubicación.
PQR-2025T3-0480,2025-T3,2025,Comuna 4 (Niño Jesús),Comuna 4,Comuna,Retornos y reubicación,Negativo,21,Solicité apoyo para el retorno y no hay condiciones de seguridad.
PQR-2025T3-0481,2025-T3,2025,Comuna 4 (Niño Jesús),Comuna 4,Comuna,Otros trámites,Positivo,17,La atención en ventanilla fue amable y rápida.
PQR-2025T3-0482,2025-T3,2025,Comuna 4 (Niño Jesús),Comuna 4,Comuna,Otros trámites,Negativo,19,La fila de atención es muy larga y no alcanzan a atender.
PQR-2025T3-0483,2025-T3,2025,Comuna 4 (Niño Jesús),Comuna 4,Comuna,Otros trámites,Negativo,17,La fila de atención es muy larga y no alcanzan a atender.
PQR-2025T3-0484,2025-T3,2025,Comuna 4 (Niño Jesús),Comuna 4,Comuna,Otros trámites,Neutral,22,Pregunto por el horario de atención de la oficina.
PQR-2025T3-0485,2025-T3,2025,Comuna 4 (Niño Jesús),Comuna 4,Comuna,Otros trámites,Negativo,16,La fila de atención es muy larga y no alcanzan a atender.
PQR-2025T3-0486,2025-T3,2025,Comuna 5 (Cristo Rey),Comuna 5,Comuna,Ayuda humanitaria,Neutral,23,Pregunto por el estado de mi solicitud de ayuda humanitaria inmediata.
PQR-2025T3-0487,2025-T3,2025,Comuna 5 (Cristo Rey),Comuna 5,Comuna,Ayuda humanitaria,Neutral,17,Quisiera saber qué documentos faltan para la ayuda humanitaria.
PQR-2025T3-0488,2025-T3,2025,Comuna 5 (Cristo Rey),Comuna 5,Comuna,Ayuda humanitaria,Positivo,16,"La atención para la ayuda de emergencia fue oportuna, gracias."
PQR-2025T3-0489,2025-T3,2025,Comuna 5 (Cristo Rey),Comuna 5,Comuna,Ayuda humanitaria,Negativo,15,"Solicité el mercado de emergencia y nunca llegó, mi familia está pasando necesidad."
PQR-2025T3-0490,2025-T3,2025,Comuna 5 (Cristo Rey),Comuna 5,Comuna,Ayuda humanitaria,Neutral,16,Quisiera saber qué documentos faltan para la ayuda humanitaria.
PQR-2025T3-0491,2025-T3,2025,Comuna 5 (Cristo Rey),Comuna 5,Comuna,Ayuda humanitaria,Negativo,18,Llevo tres meses esperando la ayuda humanitaria y no me han dado respuesta.
PQR-2025T3-0492,2025-T3,2025,Comuna 5 (Cristo Rey),Comuna 5,Comuna,Ayuda humanitaria,Neutral,20,Quisiera saber qué documentos faltan para la ayuda humanitaria.
PQR-2025T3-0493,2025-T3,2025,Comuna 5 (Cristo Rey),Comuna 5,Comuna,Ayuda humanitaria,Negativo,22,Llevo tres meses esperando la ayuda humanitaria y no me han dado respuesta.
PQR-2025T3-0494,2025-T3,2025,Comuna 5 (Cristo Rey),Comuna 5,Comuna,Ayuda humanitaria,Neutral,19,Pregunto por el estado de mi solicitud de ayuda humanitaria inmediata.
PQR-2025T3-0495,2025-T3,2025,Comuna 5 (Cristo Rey),Comuna 5,Comuna,Ayuda humanitaria,Negativo,20,"Solicité el mercado de emergencia y nunca llegó, mi familia está pasando necesidad."
PQR-2025T3-0496,2025-T3,2025,Comuna 5 (Cristo Rey),Comuna 5,Comuna,Ayuda humanitaria,Neutral,16,Pregunto por el estado de mi solicitud de ayuda humanitaria inmediata.
PQR-2025T3-0497,2025-T3,2025,Comuna 5 (Cristo Rey),Comuna 5,Comuna,Ayuda humanitaria,Positivo,15,"La atención para la ayuda de emergencia fue oportuna, gracias."
PQR-2025T3-0498,2025-T3,2025,Comuna 5 (Cristo Rey),Comuna 5,Comuna,Ayuda humanitaria,Positivo,19,Agradezco que me entregaron la ayuda humanitaria rápidamente.
PQR-2025T3-0499,2025-T3,2025,Comuna 5 (Cristo Rey),Comuna 5,Comuna,Ayuda humanitaria,Neutral,19,Pregunto por el estado de mi solicitud de ayuda humanitaria inmediata.
PQR-2025T3-0500,2025-T3,2025,Comuna 5 (Cristo Rey),Comuna 5,Comuna,Ayuda humanitaria,Positivo,19,Agradezco que me entregaron la ayuda humanitaria rápidamente.
PQR-2025T3-0501,2025-T3,2025,Comuna 5 (Cristo Rey),Comuna 5,Comuna,Ayuda humanitaria,Negativo,16,"Solicité el mercado de emergencia y nunca llegó, mi familia está pasando necesidad."
PQR-2025T3-0502,2025-T3,2025,Comuna 5 (Cristo Rey),Comuna 5,Comuna,Ayuda humanitaria,Negativo,21,"Solicité el mercado de emergencia y nunca llegó, mi familia está pasando necesidad."
PQR-2025T3-0503,2025-T3,2025,Comuna 5 (Cristo Rey),Comuna 5,Comuna,Ayuda humanitaria,Neutral,22,Pregunto por el estado de mi solicitud de ayuda humanitaria inmediata.
PQR-2025T3-0504,2025-T3,2025,Comuna 5 (Cristo Rey),Comuna 5,Comuna,Ayuda humanitaria,Negativo,23,Llevo tres meses esperando la ayuda humanitaria y no me han dado respuesta.
PQR-2025T3-0505,2025-T3,2025,Comuna 5 (Cristo Rey),Comuna 5,Comuna,Ayuda humanitaria,Negativo,20,"Solicité el mercado de emergencia y nunca llegó, mi familia está pasando necesidad."
PQR-2025T3-0506,2025-T3,2025,Comuna 5 (Cristo Rey),Comuna 5,Comuna,Ayuda humanitaria,Neutral,20,Pregunto por el estado de mi solicitud de ayuda humanitaria inmediata.
PQR-2025T3-0507,2025-T3,2025,Comuna 5 (Cristo Rey),Comuna 5,Comuna,Ayuda humanitaria,Negativo,21,Llevo tres meses esperando la ayuda humanitaria y no me han dado respuesta.
PQR-2025T3-0508,2025-T3,2025,Comuna 5 (Cristo Rey),Comuna 5,Comuna,Ayuda humanitaria,Negativo,20,Llevo tres meses esperando la ayuda humanitaria y no me han dado respuesta.
PQR-2025T3-0509,2025-T3,2025,Comuna 5 (Cristo Rey),Comuna 5,Comuna,Ayuda humanitaria,Negativo,18,"Solicité el mercado de emergencia y nunca llegó, mi familia está pasando necesidad."
PQR-2025T3-0510,2025-T3,2025,Comuna 5 (Cristo Rey),Comuna 5,Comuna,Ayuda humanitaria,Negativo,17,Llevo tres meses esperando la ayuda humanitaria y no me han dado respuesta.
PQR-2025T3-0511,2025-T3,2025,Comuna 5 (Cristo Rey),Comuna 5,Comuna,Ayuda humanitaria,Neutral,18,Quisiera saber qué documentos faltan para la ayuda humanitaria.
PQR-2025T3-0512,2025-T3,2025,Comuna 5 (Cristo Rey),Comuna 5,Comuna,Ayuda humanitaria,Neutral,22,Quisiera saber qué documentos faltan para la ayuda humanitaria.
PQR-2025T3-0513,2025-T3,2025,Comuna 5 (Cristo Rey),Comuna 5,Comuna,Ayuda humanitaria,Negativo,23,Llevo tres meses esperando la ayuda humanitaria y no me han dado respuesta.
PQR-2025T3-0514,2025-T3,2025,Comuna 5 (Cristo Rey),Comuna 5,Comuna,Ayuda humanitaria,Positivo,21,Agradezco que me entregaron la ayuda humanitaria rápidamente.
PQR-2025T3-0515,2025-T3,2025,Comuna 5 (Cristo Rey),Comuna 5,Comuna,Ayuda humanitaria,Positivo,22,"La atención para la ayuda de emergencia fue oportuna, gracias."
PQR-2025T3-0516,2025-T3,2025,Comuna 5 (Cristo Rey),Comuna 5,Comuna,Ayuda humanitaria,Negativo,20,"Solicité el mercado de emergencia y nunca llegó, mi familia está pasando necesidad."
PQR-2025T3-0517,2025-T3,2025,Comuna 5 (Cristo Rey),Comuna 5,Comuna,Ayuda humanitaria,Neutral,18,Pregunto por el estado de mi solicitud de ayuda humanitaria inmediata.
PQR-2025T3-0518,2025-T3,2025,Comuna 5 (Cristo Rey),Comuna 5,Comuna,Ayuda humanitaria,Negativo,22,"Solicité el mercado de emergencia y nunca llegó, mi familia está pasando necesidad."
PQR-2025T3-0519,2025-T3,2025,Comuna 5 (Cristo Rey),Comuna 5,Comuna,Ayuda humanitaria,Negativo,15,Llevo tres meses esperando la ayuda humanitaria y no me han dado respuesta.
PQR-2025T3-0520,2025-T3,2025,Comuna 5 (Cristo Rey),Comuna 5,Comuna,Ayuda humanitaria,Positivo,21,"La atención para la ayuda de emergencia fue oportuna, gracias."
PQR-2025T3-0521,2025-T3,2025,Comuna 5 (Cristo Rey),Comuna 5,Comuna,Ayuda humanitaria,Positivo,20,"La atención para la ayuda de emergencia fue oportuna, gracias."
PQR-2025T3-0522,2025-T3,2025,Comuna 5 (Cristo Rey),Comuna 5,Comuna,Ayuda humanitaria,Positivo,20,"La atención para la ayuda de emergencia fue oportuna, gracias."
PQR-2025T3-0523,2025-T3,2025,Comuna 5 (Cristo Rey),Comuna 5,Comuna,Indemnización / reparación,Negativo,18,"Fui incluido hace años y todavía no me llega la indemnización, es una injusticia."
PQR-2025T3-0524,2025-T3,2025,Comuna 5 (Cristo Rey),Comuna 5,Comuna,Indemnización / reparación,Neutral,22,¿Cómo consulto el estado de mi proceso de reparación?
PQR-2025T3-0525,2025-T3,2025,Comuna 5 (Cristo Rey),Comuna 5,Comuna,Indemnización / reparación,Negativo,22,No entiendo por qué a otros ya les pagaron la reparación y a mí no.
PQR-2025T3-0526,2025-T3,2025,Comuna 5 (Cristo Rey),Comuna 5,Comuna,Indemnización / reparación,Neutral,18,¿Cómo consulto el estado de mi proceso de reparación?
PQR-2025T3-0527,2025-T3,2025,Comuna 5 (Cristo Rey),Comuna 5,Comuna,Indemnización / reparación,Negativo,22,No entiendo por qué a otros ya les pagaron la reparación y a mí no.
PQR-2025T3-0528,2025-T3,2025,Comuna 5 (Cristo Rey),Comuna 5,Comuna,Indemnización / reparación,Negativo,16,No entiendo por qué a otros ya les pagaron la reparación y a mí no.
PQR-2025T3-0529,2025-T3,2025,Comuna 5 (Cristo Rey),Comuna 5,Comuna,Indemnización / reparación,Neutral,18,Solicito información sobre el turno de mi indemnización administrativa.
PQR-2025T3-0530,2025-T3,2025,Comuna 5 (Cristo Rey),Comuna 5,Comuna,Indemnización / reparación,Negativo,20,"Fui incluido hace años y todavía no me llega la indemnización, es una injusticia."
PQR-2025T3-0531,2025-T3,2025,Comuna 5 (Cristo Rey),Comuna 5,Comuna,Indemnización / reparación,Neutral,17,Solicito información sobre el turno de mi indemnización administrativa.
PQR-2025T3-0532,2025-T3,2025,Comuna 5 (Cristo Rey),Comuna 5,Comuna,Indemnización / reparación,Negativo,16,No entiendo por qué a otros ya les pagaron la reparación y a mí no.
PQR-2025T3-0533,2025-T3,2025,Comuna 5 (Cristo Rey),Comuna 5,Comuna,Indemnización / reparación,Negativo,20,No entiendo por qué a otros ya les pagaron la reparación y a mí no.
PQR-2025T3-0534,2025-T3,2025,Comuna 5 (Cristo Rey),Comuna 5,Comuna,Indemnización / reparación,Negativo,22,"Fui incluido hace años y todavía no me llega la indemnización, es una injusticia."
PQR-2025T3-0535,2025-T3,2025,Comuna 5 (Cristo Rey),Comuna 5,Comuna,Indemnización / reparación,Neutral,18,Solicito información sobre el turno de mi indemnización administrativa.
PQR-2025T3-0536,2025-T3,2025,Comuna 5 (Cristo Rey),Comuna 5,Comuna,Indemnización / reparación,Neutral,19,Solicito información sobre el turno de mi indemnización administrativa.
PQR-2025T3-0537,2025-T3,2025,Comuna 5 (Cristo Rey),Comuna 5,Comuna,Indemnización / reparación,Negativo,20,"Fui incluido hace años y todavía no me llega la indemnización, es una injusticia."
PQR-2025T3-0538,2025-T3,2025,Comuna 5 (Cristo Rey),Comuna 5,Comuna,Indemnización / reparación,Negativo,20,"Fui incluido hace años y todavía no me llega la indemnización, es una injusticia."
PQR-2025T3-0539,2025-T3,2025,Comuna 5 (Cristo Rey),Comuna 5,Comuna,Indemnización / reparación,Negativo,16,"Fui incluido hace años y todavía no me llega la indemnización, es una injusticia."
PQR-2025T3-0540,2025-T3,2025,Comuna 5 (Cristo Rey),Comuna 5,Comuna,Indemnización / reparación,Neutral,17,Solicito información sobre el turno de mi indemnización administrativa.
PQR-2025T3-0541,2025-T3,2025,Comuna 5 (Cristo Rey),Comuna 5,Comuna,Indemnización / reparación,Negativo,20,"Fui incluido hace años y todavía no me llega la indemnización, es una injusticia."
PQR-2025T3-0542,2025-T3,2025,Comuna 5 (Cristo Rey),Comuna 5,Comuna,Indemnización / reparación,Negativo,15,"Fui incluido hace años y todavía no me llega la indemnización, es una injusticia."
PQR-2025T3-0543,2025-T3,2025,Comuna 5 (Cristo Rey),Comuna 5,Comuna,Indemnización / reparación,Negativo,19,No entiendo por qué a otros ya les pagaron la reparación y a mí no.
PQR-2025T3-0544,2025-T3,2025,Comuna 5 (Cristo Rey),Comuna 5,Comuna,Vivienda,Negativo,22,La casa que me asignaron tiene problemas y nadie responde.
PQR-2025T3-0545,2025-T3,2025,Comuna 5 (Cristo Rey),Comuna 5,Comuna,Vivienda,Neutral,17,Pregunto por las convocatorias de vivienda para población víctima.
PQR-2025T3-0546,2025-T3,2025,Comuna 5 (Cristo Rey),Comuna 5,Comuna,Vivienda,Neutral,16,Solicito información sobre el subsidio de mejoramiento de vivienda.
PQR-2025T3-0547,2025-T3,2025,Comuna 5 (Cristo Rey),Comuna 5,Comuna,Vivienda,Negativo,16,Postulé al subsidio de vivienda y me rechazaron sin explicación clara.
PQR-2025T3-0548,2025-T3,2025,Comuna 5 (Cristo Rey),Comuna 5,Comuna,Vivienda,Negativo,21,Postulé al subsidio de vivienda y me rechazaron sin explicación clara.
PQR-2025T3-0549,2025-T3,2025,Comuna 5 (Cristo Rey),Comuna 5,Comuna,Vivienda,Negativo,18,Postulé al subsidio de vivienda y me rechazaron sin explicación clara.
PQR-2025T3-0550,2025-T3,2025,Comuna 5 (Cristo Rey),Comuna 5,Comuna,Vivienda,Neutral,16,Solicito información sobre el subsidio de mejoramiento de vivienda.
PQR-2025T3-0551,2025-T3,2025,Comuna 5 (Cristo Rey),Comuna 5,Comuna,Vivienda,Negativo,16,Postulé al subsidio de vivienda y me rechazaron sin explicación clara.
PQR-2025T3-0552,2025-T3,2025,Comuna 5 (Cristo Rey),Comuna 5,Comuna,Vivienda,Neutral,19,Solicito información sobre el subsidio de mejoramiento de vivienda.
PQR-2025T3-0553,2025-T3,2025,Comuna 5 (Cristo Rey),Comuna 5,Comuna,Vivienda,Negativo,18,Postulé al subsidio de vivienda y me rechazaron sin explicación clara.
PQR-2025T3-0554,2025-T3,2025,Comuna 5 (Cristo Rey),Comuna 5,Comuna,Vivienda,Neutral,15,Pregunto por las convocatorias de vivienda para población víctima.
PQR-2025T3-0555,2025-T3,2025,Comuna 5 (Cristo Rey),Comuna 5,Comuna,Vivienda,Neutral,22,Solicito información sobre el subsidio de mejoramiento de vivienda.
PQR-2025T3-0556,2025-T3,2025,Comuna 5 (Cristo Rey),Comuna 5,Comuna,Vivienda,Negativo,19,Postulé al subsidio de vivienda y me rechazaron sin explicación clara.
PQR-2025T3-0557,2025-T3,2025,Comuna 5 (Cristo Rey),Comuna 5,Comuna,Vivienda,Negativo,15,Postulé al subsidio de vivienda y me rechazaron sin explicación clara.
PQR-2025T3-0558,2025-T3,2025,Comuna 5 (Cristo Rey),Comuna 5,Comuna,Vivienda,Negativo,18,Postulé al subsidio de vivienda y me rechazaron sin explicación clara.
PQR-2025T3-0559,2025-T3,2025,Comuna 5 (Cristo Rey),Comuna 5,Comuna,Vivienda,Negativo,18,Postulé al subsidio de vivienda y me rechazaron sin explicación clara.
PQR-2025T3-0560,2025-T3,2025,Comuna 5 (Cristo Rey),Comuna 5,Comuna,Vivienda,Neutral,22,Solicito información sobre el subsidio de mejoramiento de vivienda.
PQR-2025T3-0561,2025-T3,2025,Comuna 5 (Cristo Rey),Comuna 5,Comuna,Vivienda,Neutral,20,Solicito información sobre el subsidio de mejoramiento de vivienda.
PQR-2025T3-0562,2025-T3,2025,Comuna 5 (Cristo Rey),Comuna 5,Comuna,Vivienda,Negativo,19,Postulé al subsidio de vivienda y me rechazaron sin explicación clara.
PQR-2025T3-0563,2025-T3,2025,Comuna 5 (Cristo Rey),Comuna 5,Comuna,Vivienda,Negativo,18,La casa que me asignaron tiene problemas y nadie responde.
PQR-2025T3-0564,2025-T3,2025,Comuna 5 (Cristo Rey),Comuna 5,Comuna,Vivienda,Negativo,18,Postulé al subsidio de vivienda y me rechazaron sin explicación clara.
PQR-2025T3-0565,2025-T3,2025,Comuna 5 (Cristo Rey),Comuna 5,Comuna,Salud y atención psicosocial,Neutral,15,Solicito una cita de atención psicosocial para mi familia.
PQR-2025T3-0566,2025-T3,2025,Comuna 5 (Cristo Rey),Comuna 5,Comuna,Salud y atención psicosocial,Positivo,17,"Recibí buena orientación en salud, quedé satisfecho."
PQR-2025T3-0567,2025-T3,2025,Comuna 5 (Cristo Rey),Comuna 5,Comuna,Salud y atención psicosocial,Negativo,20,No hay profesionales suficientes para la atención en salud mental.
PQR-2025T3-0568,2025-T3,2025,Comuna 5 (Cristo Rey),Comuna 5,Comuna,Salud y atención psicosocial,Negativo,21,Necesito atención psicosocial y me dan citas para dentro de meses.
PQR-2025T3-0569,2025-T3,2025,Comuna 5 (Cristo Rey),Comuna 5,Comuna,Salud y atención psicosocial,Neutral,21,Solicito una cita de atención psicosocial para mi familia.
PQR-2025T3-0570,2025-T3,2025,Comuna 5 (Cristo Rey),Comuna 5,Comuna,Salud y atención psicosocial,Neutral,22,Pregunto por el programa de atención en salud para víctimas.
PQR-2025T3-0571,2025-T3,2025,Comuna 5 (Cristo Rey),Comuna 5,Comuna,Salud y atención psicosocial,Neutral,18,Pregunto por el programa de atención en salud para víctimas.
PQR-2025T3-0572,2025-T3,2025,Comuna 5 (Cristo Rey),Comuna 5,Comuna,Salud y atención psicosocial,Negativo,16,No hay profesionales suficientes para la atención en salud mental.
PQR-2025T3-0573,2025-T3,2025,Comuna 5 (Cristo Rey),Comuna 5,Comuna,Salud y atención psicosocial,Neutral,18,Pregunto por el programa de atención en salud para víctimas.
PQR-2025T3-0574,2025-T3,2025,Comuna 5 (Cristo Rey),Comuna 5,Comuna,Salud y atención psicosocial,Negativo,19,No hay profesionales suficientes para la atención en salud mental.
PQR-2025T3-0575,2025-T3,2025,Comuna 5 (Cristo Rey),Comuna 5,Comuna,Salud y atención psicosocial,Neutral,21,Pregunto por el programa de atención en salud para víctimas.
PQR-2025T3-0576,2025-T3,2025,Comuna 5 (Cristo Rey),Comuna 5,Comuna,Educación,Positivo,21,"Mi hija obtuvo el apoyo educativo, muy agradecida."
PQR-2025T3-0577,2025-T3,2025,Comuna 5 (Cristo Rey),Comuna 5,Comuna,Educación,Positivo,18,"Mi hija obtuvo el apoyo educativo, muy agradecida."
PQR-2025T3-0578,2025-T3,2025,Comuna 5 (Cristo Rey),Comuna 5,Comuna,Educación,Neutral,19,Pregunto por el apoyo educativo para el próximo semestre.
PQR-2025T3-0579,2025-T3,2025,Comuna 5 (Cristo Rey),Comuna 5,Comuna,Educación,Positivo,16,"Mi hija obtuvo el apoyo educativo, muy agradecida."
PQR-2025T3-0580,2025-T3,2025,Comuna 5 (Cristo Rey),Comuna 5,Comuna,Educación,Positivo,22,La orientación sobre educación superior fue útil.
PQR-2025T3-0581,2025-T3,2025,Comuna 5 (Cristo Rey),Comuna 5,Comuna,Educación,Negativo,16,Mi hijo no ha podido acceder al beneficio educativo prometido.
PQR-2025T3-0582,2025-T3,2025,Comuna 5 (Cristo Rey),Comuna 5,Comuna,Educación,Neutral,19,Pregunto por el apoyo educativo para el próximo semestre.
PQR-2025T3-0583,2025-T3,2025,Comuna 5 (Cristo Rey),Comuna 5,Comuna,Registro / inclusión RUV,Negativo,21,Me negaron la inclusión y no me explicaron los motivos.
PQR-2025T3-0584,2025-T3,2025,Comuna 5 (Cristo Rey),Comuna 5,Comuna,Registro / inclusión RUV,Positivo,19,"Ya quedé incluido en el registro, agradezco la ayuda."
PQR-2025T3-0585,2025-T3,2025,Comuna 5 (Cristo Rey),Comuna 5,Comuna,Registro / inclusión RUV,Negativo,22,Llevo meses esperando que me incluyan en el RUV y no hay respuesta.
PQR-2025T3-0586,2025-T3,2025,Comuna 5 (Cristo Rey),Comuna 5,Comuna,Registro / inclusión RUV,Positivo,16,"Ya quedé incluido en el registro, agradezco la ayuda."
PQR-2025T3-0587,2025-T3,2025,Comuna 5 (Cristo Rey),Comuna 5,Comuna,Registro / inclusión RUV,Neutral,19,Solicito información sobre mi estado en el Registro Único de Víctimas.
PQR-2025T3-0588,2025-T3,2025,Comuna 5 (Cristo Rey),Comuna 5,Comuna,Registro / inclusión RUV,Negativo,18,Llevo meses esperando que me incluyan en el RUV y no hay respuesta.
PQR-2025T3-0589,2025-T3,2025,Comuna 5 (Cristo Rey),Comuna 5,Comuna,Registro / inclusión RUV,Neutral,18,Solicito información sobre mi estado en el Registro Único de Víctimas.
PQR-2025T3-0590,2025-T3,2025,Comuna 5 (Cristo Rey),Comuna 5,Comuna,Registro / inclusión RUV,Negativo,20,Me negaron la inclusión y no me explicaron los motivos.
PQR-2025T3-0591,2025-T3,2025,Comuna 5 (Cristo Rey),Comuna 5,Comuna,Registro / inclusión RUV,Negativo,15,Me negaron la inclusión y no me explicaron los motivos.
PQR-2025T3-0592,2025-T3,2025,Comuna 5 (Cristo Rey),Comuna 5,Comuna,Registro / inclusión RUV,Negativo,18,Me negaron la inclusión y no me explicaron los motivos.
PQR-2025T3-0593,2025-T3,2025,Comuna 5 (Cristo Rey),Comuna 5,Comuna,Registro / inclusión RUV,Positivo,20,"Ya quedé incluido en el registro, agradezco la ayuda."
PQR-2025T3-0594,2025-T3,2025,Comuna 5 (Cristo Rey),Comuna 5,Comuna,Registro / inclusión RUV,Neutral,18,Solicito información sobre mi estado en el Registro Único de Víctimas.
PQR-2025T3-0595,2025-T3,2025,Comuna 5 (Cristo Rey),Comuna 5,Comuna,Registro / inclusión RUV,Negativo,19,Me negaron la inclusión y no me explicaron los motivos.
PQR-2025T3-0596,2025-T3,2025,Comuna 5 (Cristo Rey),Comuna 5,Comuna,Registro / inclusión RUV,Neutral,16,Solicito información sobre mi estado en el Registro Único de Víctimas.
PQR-2025T3-0597,2025-T3,2025,Comuna 5 (Cristo Rey),Comuna 5,Comuna,Registro / inclusión RUV,Negativo,16,Me negaron la inclusión y no me explicaron los motivos.
PQR-2025T3-0598,2025-T3,2025,Comuna 5 (Cristo Rey),Comuna 5,Comuna,Registro / inclusión RUV,Negativo,21,Llevo meses esperando que me incluyan en el RUV y no hay respuesta.
PQR-2025T3-0599,2025-T3,2025,Comuna 5 (Cristo Rey),Comuna 5,Comuna,Registro / inclusión RUV,Negativo,21,Me negaron la inclusión y no me explicaron los motivos.
PQR-2025T3-0600,2025-T3,2025,Comuna 5 (Cristo Rey),Comuna 5,Comuna,Registro / inclusión RUV,Negativo,22,Me negaron la inclusión y no me explicaron los motivos.
PQR-2025T3-0601,2025-T3,2025,Comuna 5 (Cristo Rey),Comuna 5,Comuna,Retornos y reubicación,Negativo,17,Solicité apoyo para el retorno y no hay condiciones de seguridad.
PQR-2025T3-0602,2025-T3,2025,Comuna 5 (Cristo Rey),Comuna 5,Comuna,Retornos y reubicación,Negativo,18,Solicité apoyo para el retorno y no hay condiciones de seguridad.
PQR-2025T3-0603,2025-T3,2025,Comuna 5 (Cristo Rey),Comuna 5,Comuna,Retornos y reubicación,Neutral,21,Solicito información sobre acompañamiento para reubicación.
PQR-2025T3-0604,2025-T3,2025,Comuna 5 (Cristo Rey),Comuna 5,Comuna,Retornos y reubicación,Neutral,22,Solicito información sobre acompañamiento para reubicación.
PQR-2025T3-0605,2025-T3,2025,Comuna 5 (Cristo Rey),Comuna 5,Comuna,Retornos y reubicación,Negativo,20,Solicité apoyo para el retorno y no hay condiciones de seguridad.
PQR-2025T3-0606,2025-T3,2025,Comuna 5 (Cristo Rey),Comuna 5,Comuna,Retornos y reubicación,Negativo,18,El proceso de reubicación está detenido hace tiempo.
PQR-2025T3-0607,2025-T3,2025,Comuna 5 (Cristo Rey),Comuna 5,Comuna,Retornos y reubicación,Neutral,16,Solicito información sobre acompañamiento para reubicación.
PQR-2025T3-0608,2025-T3,2025,Comuna 5 (Cristo Rey),Comuna 5,Comuna,Retornos y reubicación,Neutral,19,Pregunto por el plan de retorno para mi comunidad.
PQR-2025T3-0609,2025-T3,2025,Comuna 5 (Cristo Rey),Comuna 5,Comuna,Retornos y reubicación,Neutral,22,Solicito información sobre acompañamiento para reubicación.
PQR-2025T3-0610,2025-T3,2025,Comuna 5 (Cristo Rey),Comuna 5,Comuna,Retornos y reubicación,Negativo,19,Solicité apoyo para el retorno y no hay condiciones de seguridad.
PQR-2025T3-0611,2025-T3,2025,Comuna 5 (Cristo Rey),Comuna 5,Comuna,Otros trámites,Negativo,15,La fila de atención es muy larga y no alcanzan a atender.
PQR-2025T3-0612,2025-T3,2025,Comuna 5 (Cristo Rey),Comuna 5,Comuna,Otros trámites,Negativo,18,La fila de atención es muy larga y no alcanzan a atender.
PQR-2025T3-0613,2025-T3,2025,Comuna 5 (Cristo Rey),Comuna 5,Comuna,Otros trámites,Positivo,16,La atención en ventanilla fue amable y rápida.
PQR-2025T3-0614,2025-T3,2025,Comuna 5 (Cristo Rey),Comuna 5,Comuna,Otros trámites,Positivo,20,Me resolvieron el trámite sin complicaciones.
PQR-2025T3-0615,2025-T3,2025,Comuna 5 (Cristo Rey),Comuna 5,Comuna,Otros trámites,Neutral,21,Solicito un certificado de mi condición de víctima.
PQR-2025T3-0616,2025-T3,2025,Comuna 5 (Cristo Rey),Comuna 5,Comuna,Otros trámites,Neutral,19,Pregunto por el horario de atención de la oficina.
PQR-2025T3-0617,2025-T3,2025,Comuna 5 (Cristo Rey),Comuna 5,Comuna,Otros trámites,Positivo,20,La atención en ventanilla fue amable y rápida.
PQR-2025T3-0618,2025-T3,2025,Comuna 5 (Cristo Rey),Comuna 5,Comuna,Otros trámites,Positivo,20,La atención en ventanilla fue amable y rápida.
PQR-2025T3-0619,2025-T3,2025,Comuna 5 (Cristo Rey),Comuna 5,Comuna,Otros trámites,Neutral,17,Pregunto por el horario de atención de la oficina.
PQR-2025T3-0620,2025-T3,2025,Comuna 5 (Cristo Rey),Comuna 5,Comuna,Otros trámites,Positivo,19,La atención en ventanilla fue amable y rápida.
PQR-2025T3-0621,2025-T3,2025,Comuna 6 (Huapango),Comuna 6,Comuna,Ayuda humanitaria,Positivo,23,"La atención para la ayuda de emergencia fue oportuna, gracias."
PQR-2025T3-0622,2025-T3,2025,Comuna 6 (Huapango),Comuna 6,Comuna,Ayuda humanitaria,Negativo,18,"Solicité el mercado de emergencia y nunca llegó, mi familia está pasando necesidad."
PQR-2025T3-0623,2025-T3,2025,Comuna 6 (Huapango),Comuna 6,Comuna,Ayuda humanitaria,Negativo,17,Llevo tres meses esperando la ayuda humanitaria y no me han dado respuesta.
PQR-2025T3-0624,2025-T3,2025,Comuna 6 (Huapango),Comuna 6,Comuna,Ayuda humanitaria,Neutral,20,Quisiera saber qué documentos faltan para la ayuda humanitaria.
PQR-2025T3-0625,2025-T3,2025,Comuna 6 (Huapango),Comuna 6,Comuna,Ayuda humanitaria,Positivo,18,Agradezco que me entregaron la ayuda humanitaria rápidamente.
PQR-2025T3-0626,2025-T3,2025,Comuna 6 (Huapango),Comuna 6,Comuna,Ayuda humanitaria,Positivo,17,"La atención para la ayuda de emergencia fue oportuna, gracias."
PQR-2025T3-0627,2025-T3,2025,Comuna 6 (Huapango),Comuna 6,Comuna,Ayuda humanitaria,Negativo,16,Llevo tres meses esperando la ayuda humanitaria y no me han dado respuesta.
PQR-2025T3-0628,2025-T3,2025,Comuna 6 (Huapango),Comuna 6,Comuna,Ayuda humanitaria,Positivo,20,Agradezco que me entregaron la ayuda humanitaria rápidamente.
PQR-2025T3-0629,2025-T3,2025,Comuna 6 (Huapango),Comuna 6,Comuna,Ayuda humanitaria,Neutral,22,Quisiera saber qué documentos faltan para la ayuda humanitaria.
PQR-2025T3-0630,2025-T3,2025,Comuna 6 (Huapango),Comuna 6,Comuna,Ayuda humanitaria,Neutral,22,Quisiera saber qué documentos faltan para la ayuda humanitaria.
PQR-2025T3-0631,2025-T3,2025,Comuna 6 (Huapango),Comuna 6,Comuna,Ayuda humanitaria,Positivo,22,Agradezco que me entregaron la ayuda humanitaria rápidamente.
PQR-2025T3-0632,2025-T3,2025,Comuna 6 (Huapango),Comuna 6,Comuna,Ayuda humanitaria,Negativo,20,Llevo tres meses esperando la ayuda humanitaria y no me han dado respuesta.
PQR-2025T3-0633,2025-T3,2025,Comuna 6 (Huapango),Comuna 6,Comuna,Ayuda humanitaria,Negativo,21,"Solicité el mercado de emergencia y nunca llegó, mi familia está pasando necesidad."
PQR-2025T3-0634,2025-T3,2025,Comuna 6 (Huapango),Comuna 6,Comuna,Ayuda humanitaria,Positivo,21,Agradezco que me entregaron la ayuda humanitaria rápidamente.
PQR-2025T3-0635,2025-T3,2025,Comuna 6 (Huapango),Comuna 6,Comuna,Ayuda humanitaria,Positivo,17,Agradezco que me entregaron la ayuda humanitaria rápidamente.
PQR-2025T3-0636,2025-T3,2025,Comuna 6 (Huapango),Comuna 6,Comuna,Ayuda humanitaria,Negativo,19,"Solicité el mercado de emergencia y nunca llegó, mi familia está pasando necesidad."
PQR-2025T3-0637,2025-T3,2025,Comuna 6 (Huapango),Comuna 6,Comuna,Ayuda humanitaria,Negativo,23,"Solicité el mercado de emergencia y nunca llegó, mi familia está pasando necesidad."
PQR-2025T3-0638,2025-T3,2025,Comuna 6 (Huapango),Comuna 6,Comuna,Ayuda humanitaria,Neutral,18,Quisiera saber qué documentos faltan para la ayuda humanitaria.
PQR-2025T3-0639,2025-T3,2025,Comuna 6 (Huapango),Comuna 6,Comuna,Ayuda humanitaria,Negativo,19,"Solicité el mercado de emergencia y nunca llegó, mi familia está pasando necesidad."
PQR-2025T3-0640,2025-T3,2025,Comuna 6 (Huapango),Comuna 6,Comuna,Ayuda humanitaria,Negativo,16,Llevo tres meses esperando la ayuda humanitaria y no me han dado respuesta.
PQR-2025T3-0641,2025-T3,2025,Comuna 6 (Huapango),Comuna 6,Comuna,Ayuda humanitaria,Positivo,21,Agradezco que me entregaron la ayuda humanitaria rápidamente.
PQR-2025T3-0642,2025-T3,2025,Comuna 6 (Huapango),Comuna 6,Comuna,Ayuda humanitaria,Neutral,20,Pregunto por el estado de mi solicitud de ayuda humanitaria inmediata.
PQR-2025T3-0643,2025-T3,2025,Comuna 6 (Huapango),Comuna 6,Comuna,Ayuda humanitaria,Negativo,22,"Solicité el mercado de emergencia y nunca llegó, mi familia está pasando necesidad."
PQR-2025T3-0644,2025-T3,2025,Comuna 6 (Huapango),Comuna 6,Comuna,Ayuda humanitaria,Neutral,22,Pregunto por el estado de mi solicitud de ayuda humanitaria inmediata.
PQR-2025T3-0645,2025-T3,2025,Comuna 6 (Huapango),Comuna 6,Comuna,Ayuda humanitaria,Positivo,19,"La atención para la ayuda de emergencia fue oportuna, gracias."
PQR-2025T3-0646,2025-T3,2025,Comuna 6 (Huapango),Comuna 6,Comuna,Ayuda humanitaria,Positivo,23,"La atención para la ayuda de emergencia fue oportuna, gracias."
PQR-2025T3-0647,2025-T3,2025,Comuna 6 (Huapango),Comuna 6,Comuna,Ayuda humanitaria,Positivo,20,Agradezco que me entregaron la ayuda humanitaria rápidamente.
PQR-2025T3-0648,2025-T3,2025,Comuna 6 (Huapango),Comuna 6,Comuna,Ayuda humanitaria,Neutral,21,Pregunto por el estado de mi solicitud de ayuda humanitaria inmediata.
PQR-2025T3-0649,2025-T3,2025,Comuna 6 (Huapango),Comuna 6,Comuna,Ayuda humanitaria,Negativo,15,"Solicité el mercado de emergencia y nunca llegó, mi familia está pasando necesidad."
PQR-2025T3-0650,2025-T3,2025,Comuna 6 (Huapango),Comuna 6,Comuna,Ayuda humanitaria,Negativo,19,Llevo tres meses esperando la ayuda humanitaria y no me han dado respuesta.
PQR-2025T3-0651,2025-T3,2025,Comuna 6 (Huapango),Comuna 6,Comuna,Ayuda humanitaria,Negativo,16,"Solicité el mercado de emergencia y nunca llegó, mi familia está pasando necesidad."
PQR-2025T3-0652,2025-T3,2025,Comuna 6 (Huapango),Comuna 6,Comuna,Indemnización / reparación,Neutral,21,Solicito información sobre el turno de mi indemnización administrativa.
PQR-2025T3-0653,2025-T3,2025,Comuna 6 (Huapango),Comuna 6,Comuna,Indemnización / reparación,Negativo,17,No entiendo por qué a otros ya les pagaron la reparación y a mí no.
PQR-2025T3-0654,2025-T3,2025,Comuna 6 (Huapango),Comuna 6,Comuna,Indemnización / reparación,Negativo,20,No entiendo por qué a otros ya les pagaron la reparación y a mí no.
PQR-2025T3-0655,2025-T3,2025,Comuna 6 (Huapango),Comuna 6,Comuna,Indemnización / reparación,Neutral,20,Solicito información sobre el turno de mi indemnización administrativa.
PQR-2025T3-0656,2025-T3,2025,Comuna 6 (Huapango),Comuna 6,Comuna,Indemnización / reparación,Negativo,16,"Fui incluido hace años y todavía no me llega la indemnización, es una injusticia."
PQR-2025T3-0657,2025-T3,2025,Comuna 6 (Huapango),Comuna 6,Comuna,Indemnización / reparación,Neutral,16,¿Cómo consulto el estado de mi proceso de reparación?
PQR-2025T3-0658,2025-T3,2025,Comuna 6 (Huapango),Comuna 6,Comuna,Indemnización / reparación,Negativo,23,No entiendo por qué a otros ya les pagaron la reparación y a mí no.
PQR-2025T3-0659,2025-T3,2025,Comuna 6 (Huapango),Comuna 6,Comuna,Indemnización / reparación,Neutral,19,Solicito información sobre el turno de mi indemnización administrativa.
PQR-2025T3-0660,2025-T3,2025,Comuna 6 (Huapango),Comuna 6,Comuna,Indemnización / reparación,Negativo,19,"Fui incluido hace años y todavía no me llega la indemnización, es una injusticia."
PQR-2025T3-0661,2025-T3,2025,Comuna 6 (Huapango),Comuna 6,Comuna,Indemnización / reparación,Negativo,19,"Fui incluido hace años y todavía no me llega la indemnización, es una injusticia."
PQR-2025T3-0662,2025-T3,2025,Comuna 6 (Huapango),Comuna 6,Comuna,Indemnización / reparación,Negativo,22,"Fui incluido hace años y todavía no me llega la indemnización, es una injusticia."
PQR-2025T3-0663,2025-T3,2025,Comuna 6 (Huapango),Comuna 6,Comuna,Indemnización / reparación,Negativo,19,No entiendo por qué a otros ya les pagaron la reparación y a mí no.
PQR-2025T3-0664,2025-T3,2025,Comuna 6 (Huapango),Comuna 6,Comuna,Indemnización / reparación,Neutral,23,Solicito información sobre el turno de mi indemnización administrativa.
PQR-2025T3-0665,2025-T3,2025,Comuna 6 (Huapango),Comuna 6,Comuna,Indemnización / reparación,Neutral,23,¿Cómo consulto el estado de mi proceso de reparación?
PQR-2025T3-0666,2025-T3,2025,Comuna 6 (Huapango),Comuna 6,Comuna,Indemnización / reparación,Negativo,22,No entiendo por qué a otros ya les pagaron la reparación y a mí no.
PQR-2025T3-0667,2025-T3,2025,Comuna 6 (Huapango),Comuna 6,Comuna,Indemnización / reparación,Neutral,22,Solicito información sobre el turno de mi indemnización administrativa.
PQR-2025T3-0668,2025-T3,2025,Comuna 6 (Huapango),Comuna 6,Comuna,Indemnización / reparación,Neutral,19,¿Cómo consulto el estado de mi proceso de reparación?
PQR-2025T3-0669,2025-T3,2025,Comuna 6 (Huapango),Comuna 6,Comuna,Indemnización / reparación,Negativo,16,No entiendo por qué a otros ya les pagaron la reparación y a mí no.
PQR-2025T3-0670,2025-T3,2025,Comuna 6 (Huapango),Comuna 6,Comuna,Indemnización / reparación,Negativo,15,"Fui incluido hace años y todavía no me llega la indemnización, es una injusticia."
PQR-2025T3-0671,2025-T3,2025,Comuna 6 (Huapango),Comuna 6,Comuna,Indemnización / reparación,Neutral,16,Solicito información sobre el turno de mi indemnización administrativa.
PQR-2025T3-0672,2025-T3,2025,Comuna 6 (Huapango),Comuna 6,Comuna,Indemnización / reparación,Negativo,16,No entiendo por qué a otros ya les pagaron la reparación y a mí no.
PQR-2025T3-0673,2025-T3,2025,Comuna 6 (Huapango),Comuna 6,Comuna,Indemnización / reparación,Neutral,15,¿Cómo consulto el estado de mi proceso de reparación?
PQR-2025T3-0674,2025-T3,2025,Comuna 6 (Huapango),Comuna 6,Comuna,Indemnización / reparación,Negativo,18,No entiendo por qué a otros ya les pagaron la reparación y a mí no.
PQR-2025T3-0675,2025-T3,2025,Comuna 6 (Huapango),Comuna 6,Comuna,Vivienda,Negativo,23,La casa que me asignaron tiene problemas y nadie responde.
PQR-2025T3-0676,2025-T3,2025,Comuna 6 (Huapango),Comuna 6,Comuna,Vivienda,Negativo,15,Postulé al subsidio de vivienda y me rechazaron sin explicación clara.
PQR-2025T3-0677,2025-T3,2025,Comuna 6 (Huapango),Comuna 6,Comuna,Vivienda,Negativo,18,La casa que me asignaron tiene problemas y nadie responde.
PQR-2025T3-0678,2025-T3,2025,Comuna 6 (Huapango),Comuna 6,Comuna,Vivienda,Negativo,20,La casa que me asignaron tiene problemas y nadie responde.
PQR-2025T3-0679,2025-T3,2025,Comuna 6 (Huapango),Comuna 6,Comuna,Vivienda,Negativo,19,Postulé al subsidio de vivienda y me rechazaron sin explicación clara.
PQR-2025T3-0680,2025-T3,2025,Comuna 6 (Huapango),Comuna 6,Comuna,Vivienda,Negativo,15,La casa que me asignaron tiene problemas y nadie responde.
PQR-2025T3-0681,2025-T3,2025,Comuna 6 (Huapango),Comuna 6,Comuna,Vivienda,Negativo,18,La casa que me asignaron tiene problemas y nadie responde.
PQR-2025T3-0682,2025-T3,2025,Comuna 6 (Huapango),Comuna 6,Comuna,Vivienda,Neutral,16,Solicito información sobre el subsidio de mejoramiento de vivienda.
PQR-2025T3-0683,2025-T3,2025,Comuna 6 (Huapango),Comuna 6,Comuna,Vivienda,Neutral,17,Solicito información sobre el subsidio de mejoramiento de vivienda.
PQR-2025T3-0684,2025-T3,2025,Comuna 6 (Huapango),Comuna 6,Comuna,Vivienda,Negativo,16,Postulé al subsidio de vivienda y me rechazaron sin explicación clara.
PQR-2025T3-0685,2025-T3,2025,Comuna 6 (Huapango),Comuna 6,Comuna,Vivienda,Neutral,19,Pregunto por las convocatorias de vivienda para población víctima.
PQR-2025T3-0686,2025-T3,2025,Comuna 6 (Huapango),Comuna 6,Comuna,Vivienda,Neutral,22,Pregunto por las convocatorias de vivienda para población víctima.
PQR-2025T3-0687,2025-T3,2025,Comuna 6 (Huapango),Comuna 6,Comuna,Vivienda,Negativo,17,La casa que me asignaron tiene problemas y nadie responde.
PQR-2025T3-0688,2025-T3,2025,Comuna 6 (Huapango),Comuna 6,Comuna,Vivienda,Negativo,17,Postulé al subsidio de vivienda y me rechazaron sin explicación clara.
PQR-2025T3-0689,2025-T3,2025,Comuna 6 (Huapango),Comuna 6,Comuna,Vivienda,Neutral,18,Solicito información sobre el subsidio de mejoramiento de vivienda.
PQR-2025T3-0690,2025-T3,2025,Comuna 6 (Huapango),Comuna 6,Comuna,Vivienda,Negativo,20,Postulé al subsidio de vivienda y me rechazaron sin explicación clara.
PQR-2025T3-0691,2025-T3,2025,Comuna 6 (Huapango),Comuna 6,Comuna,Vivienda,Negativo,16,Postulé al subsidio de vivienda y me rechazaron sin explicación clara.
PQR-2025T3-0692,2025-T3,2025,Comuna 6 (Huapango),Comuna 6,Comuna,Vivienda,Negativo,19,Postulé al subsidio de vivienda y me rechazaron sin explicación clara.
PQR-2025T3-0693,2025-T3,2025,Comuna 6 (Huapango),Comuna 6,Comuna,Vivienda,Negativo,22,La casa que me asignaron tiene problemas y nadie responde.
PQR-2025T3-0694,2025-T3,2025,Comuna 6 (Huapango),Comuna 6,Comuna,Salud y atención psicosocial,Neutral,22,Solicito una cita de atención psicosocial para mi familia.
PQR-2025T3-0695,2025-T3,2025,Comuna 6 (Huapango),Comuna 6,Comuna,Salud y atención psicosocial,Negativo,20,No hay profesionales suficientes para la atención en salud mental.
PQR-2025T3-0696,2025-T3,2025,Comuna 6 (Huapango),Comuna 6,Comuna,Salud y atención psicosocial,Neutral,16,Pregunto por el programa de atención en salud para víctimas.
PQR-2025T3-0697,2025-T3,2025,Comuna 6 (Huapango),Comuna 6,Comuna,Salud y atención psicosocial,Positivo,22,"Recibí buena orientación en salud, quedé satisfecho."
PQR-2025T3-0698,2025-T3,2025,Comuna 6 (Huapango),Comuna 6,Comuna,Salud y atención psicosocial,Neutral,19,Pregunto por el programa de atención en salud para víctimas.
PQR-2025T3-0699,2025-T3,2025,Comuna 6 (Huapango),Comuna 6,Comuna,Salud y atención psicosocial,Neutral,22,Pregunto por el programa de atención en salud para víctimas.
PQR-2025T3-0700,2025-T3,2025,Comuna 6 (Huapango),Comuna 6,Comuna,Salud y atención psicosocial,Positivo,21,"Recibí buena orientación en salud, quedé satisfecho."
PQR-2025T3-0701,2025-T3,2025,Comuna 6 (Huapango),Comuna 6,Comuna,Salud y atención psicosocial,Neutral,20,Solicito una cita de atención psicosocial para mi familia.
PQR-2025T3-0702,2025-T3,2025,Comuna 6 (Huapango),Comuna 6,Comuna,Salud y atención psicosocial,Negativo,21,Necesito atención psicosocial y me dan citas para dentro de meses.
PQR-2025T3-0703,2025-T3,2025,Comuna 6 (Huapango),Comuna 6,Comuna,Salud y atención psicosocial,Neutral,17,Pregunto por el programa de atención en salud para víctimas.
PQR-2025T3-0704,2025-T3,2025,Comuna 6 (Huapango),Comuna 6,Comuna,Salud y atención psicosocial,Positivo,19,"La atención psicosocial me ha ayudado mucho, gracias al equipo."
PQR-2025T3-0705,2025-T3,2025,Comuna 6 (Huapango),Comuna 6,Comuna,Salud y atención psicosocial,Neutral,18,Solicito una cita de atención psicosocial para mi familia.
PQR-2025T3-0706,2025-T3,2025,Comuna 6 (Huapango),Comuna 6,Comuna,Salud y atención psicosocial,Positivo,16,"Recibí buena orientación en salud, quedé satisfecho."
PQR-2025T3-0707,2025-T3,2025,Comuna 6 (Huapango),Comuna 6,Comuna,Salud y atención psicosocial,Negativo,15,Necesito atención psicosocial y me dan citas para dentro de meses.
PQR-2025T3-0708,2025-T3,2025,Comuna 6 (Huapango),Comuna 6,Comuna,Educación,Neutral,20,Pregunto por el apoyo educativo para el próximo semestre.
PQR-2025T3-0709,2025-T3,2025,Comuna 6 (Huapango),Comuna 6,Comuna,Educación,Positivo,19,La orientación sobre educación superior fue útil.
PQR-2025T3-0710,2025-T3,2025,Comuna 6 (Huapango),Comuna 6,Comuna,Educación,Positivo,17,La orientación sobre educación superior fue útil.
PQR-2025T3-0711,2025-T3,2025,Comuna 6 (Huapango),Comuna 6,Comuna,Educación,Neutral,22,Pregunto por el apoyo educativo para el próximo semestre.
PQR-2025T3-0712,2025-T3,2025,Comuna 6 (Huapango),Comuna 6,Comuna,Educación,Neutral,17,Pregunto por el apoyo educativo para el próximo semestre.
PQR-2025T3-0713,2025-T3,2025,Comuna 6 (Huapango),Comuna 6,Comuna,Educación,Negativo,16,Mi hijo no ha podido acceder al beneficio educativo prometido.
PQR-2025T3-0714,2025-T3,2025,Comuna 6 (Huapango),Comuna 6,Comuna,Educación,Neutral,21,Pregunto por el apoyo educativo para el próximo semestre.
PQR-2025T3-0715,2025-T3,2025,Comuna 6 (Huapango),Comuna 6,Comuna,Educación,Negativo,22,Mi hijo no ha podido acceder al beneficio educativo prometido.
PQR-2025T3-0716,2025-T3,2025,Comuna 6 (Huapango),Comuna 6,Comuna,Educación,Negativo,21,Falta información sobre los cupos educativos para víctimas.
PQR-2025T3-0717,2025-T3,2025,Comuna 6 (Huapango),Comuna 6,Comuna,Educación,Neutral,23,Solicito información sobre becas para estudiantes víctimas.
PQR-2025T3-0718,2025-T3,2025,Comuna 6 (Huapango),Comuna 6,Comuna,Educación,Positivo,16,La orientación sobre educación superior fue útil.
PQR-2025T3-0719,2025-T3,2025,Comuna 6 (Huapango),Comuna 6,Comuna,Educación,Neutral,22,Solicito información sobre becas para estudiantes víctimas.
PQR-2025T3-0720,2025-T3,2025,Comuna 6 (Huapango),Comuna 6,Comuna,Educación,Positivo,16,La orientación sobre educación superior fue útil.
PQR-2025T3-0721,2025-T3,2025,Comuna 6 (Huapango),Comuna 6,Comuna,Registro / inclusión RUV,Negativo,19,Me negaron la inclusión y no me explicaron los motivos.
PQR-2025T3-0722,2025-T3,2025,Comuna 6 (Huapango),Comuna 6,Comuna,Registro / inclusión RUV,Positivo,15,"Me orientaron bien para la declaración, todo salió bien."
PQR-2025T3-0723,2025-T3,2025,Comuna 6 (Huapango),Comuna 6,Comuna,Registro / inclusión RUV,Positivo,15,"Ya quedé incluido en el registro, agradezco la ayuda."
PQR-2025T3-0724,2025-T3,2025,Comuna 6 (Huapango),Comuna 6,Comuna,Registro / inclusión RUV,Neutral,19,¿Qué debo hacer para actualizar mis datos en el RUV?
PQR-2025T3-0725,2025-T3,2025,Comuna 6 (Huapango),Comuna 6,Comuna,Registro / inclusión RUV,Neutral,17,Solicito información sobre mi estado en el Registro Único de Víctimas.
PQR-2025T3-0726,2025-T3,2025,Comuna 6 (Huapango),Comuna 6,Comuna,Registro / inclusión RUV,Positivo,17,"Me orientaron bien para la declaración, todo salió bien."
PQR-2025T3-0727,2025-T3,2025,Comuna 6 (Huapango),Comuna 6,Comuna,Registro / inclusión RUV,Negativo,16,Llevo meses esperando que me incluyan en el RUV y no hay respuesta.
PQR-2025T3-0728,2025-T3,2025,Comuna 6 (Huapango),Comuna 6,Comuna,Registro / inclusión RUV,Negativo,21,Me negaron la inclusión y no me explicaron los motivos.
PQR-2025T3-0729,2025-T3,2025,Comuna 6 (Huapango),Comuna 6,Comuna,Registro / inclusión RUV,Negativo,16,Llevo meses esperando que me incluyan en el RUV y no hay respuesta.
PQR-2025T3-0730,2025-T3,2025,Comuna 6 (Huapango),Comuna 6,Comuna,Registro / inclusión RUV,Negativo,17,Llevo meses esperando que me incluyan en el RUV y no hay respuesta.
PQR-2025T3-0731,2025-T3,2025,Comuna 6 (Huapango),Comuna 6,Comuna,Registro / inclusión RUV,Negativo,17,Me negaron la inclusión y no me explicaron los motivos.
PQR-2025T3-0732,2025-T3,2025,Comuna 6 (Huapango),Comuna 6,Comuna,Registro / inclusión RUV,Neutral,16,Solicito información sobre mi estado en el Registro Único de Víctimas.
PQR-2025T3-0733,2025-T3,2025,Comuna 6 (Huapango),Comuna 6,Comuna,Registro / inclusión RUV,Neutral,18,Solicito información sobre mi estado en el Registro Único de Víctimas.
PQR-2025T3-0734,2025-T3,2025,Comuna 6 (Huapango),Comuna 6,Comuna,Registro / inclusión RUV,Neutral,19,¿Qué debo hacer para actualizar mis datos en el RUV?
PQR-2025T3-0735,2025-T3,2025,Comuna 6 (Huapango),Comuna 6,Comuna,Retornos y reubicación,Negativo,15,Solicité apoyo para el retorno y no hay condiciones de seguridad.
PQR-2025T3-0736,2025-T3,2025,Comuna 6 (Huapango),Comuna 6,Comuna,Retornos y reubicación,Negativo,23,El proceso de reubicación está detenido hace tiempo.
PQR-2025T3-0737,2025-T3,2025,Comuna 6 (Huapango),Comuna 6,Comuna,Retornos y reubicación,Positivo,22,Nos apoyaron en la reubicación de manera adecuada.
PQR-2025T3-0738,2025-T3,2025,Comuna 6 (Huapango),Comuna 6,Comuna,Retornos y reubicación,Negativo,21,Solicité apoyo para el retorno y no hay condiciones de seguridad.
PQR-2025T3-0739,2025-T3,2025,Comuna 6 (Huapango),Comuna 6,Comuna,Retornos y reubicación,Neutral,22,Solicito información sobre acompañamiento para reubicación.
PQR-2025T3-0740,2025-T3,2025,Comuna 6 (Huapango),Comuna 6,Comuna,Retornos y reubicación,Negativo,18,Solicité apoyo para el retorno y no hay condiciones de seguridad.
PQR-2025T3-0741,2025-T3,2025,Comuna 6 (Huapango),Comuna 6,Comuna,Retornos y reubicación,Positivo,22,Nos apoyaron en la reubicación de manera adecuada.
PQR-2025T3-0742,2025-T3,2025,Comuna 6 (Huapango),Comuna 6,Comuna,Retornos y reubicación,Positivo,21,"El acompañamiento para el retorno fue bueno, gracias."
PQR-2025T3-0743,2025-T3,2025,Comuna 6 (Huapango),Comuna 6,Comuna,Retornos y reubicación,Negativo,16,Solicité apoyo para el retorno y no hay condiciones de seguridad.
PQR-2025T3-0744,2025-T3,2025,Comuna 6 (Huapango),Comuna 6,Comuna,Retornos y reubicación,Negativo,15,Solicité apoyo para el retorno y no hay condiciones de seguridad.
PQR-2025T3-0745,2025-T3,2025,Comuna 6 (Huapango),Comuna 6,Comuna,Retornos y reubicación,Negativo,17,Solicité apoyo para el retorno y no hay condiciones de seguridad.
PQR-2025T3-0746,2025-T3,2025,Comuna 6 (Huapango),Comuna 6,Comuna,Retornos y reubicación,Neutral,20,Pregunto por el plan de retorno para mi comunidad.
PQR-2025T3-0747,2025-T3,2025,Comuna 6 (Huapango),Comuna 6,Comuna,Otros trámites,Positivo,16,Me resolvieron el trámite sin complicaciones.
PQR-2025T3-0748,2025-T3,2025,Comuna 6 (Huapango),Comuna 6,Comuna,Otros trámites,Negativo,23,Me han remitido de una oficina a otra sin resolver mi caso.
PQR-2025T3-0749,2025-T3,2025,Comuna 6 (Huapango),Comuna 6,Comuna,Otros trámites,Positivo,22,La atención en ventanilla fue amable y rápida.
PQR-2025T3-0750,2025-T3,2025,Comuna 6 (Huapango),Comuna 6,Comuna,Otros trámites,Negativo,18,Me han remitido de una oficina a otra sin resolver mi caso.
PQR-2025T3-0751,2025-T3,2025,Comuna 6 (Huapango),Comuna 6,Comuna,Otros trámites,Positivo,16,Me resolvieron el trámite sin complicaciones.
PQR-2025T3-0752,2025-T3,2025,Comuna 6 (Huapango),Comuna 6,Comuna,Otros trámites,Negativo,23,La fila de atención es muy larga y no alcanzan a atender.
PQR-2025T3-0753,2025-T3,2025,Comuna 6 (Huapango),Comuna 6,Comuna,Otros trámites,Positivo,20,Me resolvieron el trámite sin complicaciones.
PQR-2025T3-0754,2025-T3,2025,Comuna 6 (Huapango),Comuna 6,Comuna,Otros trámites,Negativo,20,La fila de atención es muy larga y no alcanzan a atender.
PQR-2025T3-0755,2025-T3,2025,Comuna 6 (Huapango),Comuna 6,Comuna,Otros trámites,Negativo,16,La fila de atención es muy larga y no alcanzan a atender.
PQR-2025T3-0756,2025-T3,2025,Corregimiento Pacurita,Corregimiento Pacurita,Corregimiento,Ayuda humanitaria,Neutral,24,Pregunto por el estado de mi solicitud de ayuda humanitaria inmediata.
PQR-2025T3-0757,2025-T3,2025,Corregimiento Pacurita,Corregimiento Pacurita,Corregimiento,Ayuda humanitaria,Positivo,28,Agradezco que me entregaron la ayuda humanitaria rápidamente.
PQR-2025T3-0758,2025-T3,2025,Corregimiento Pacurita,Corregimiento Pacurita,Corregimiento,Ayuda humanitaria,Negativo,21,"Solicité el mercado de emergencia y nunca llegó, mi familia está pasando necesidad."
PQR-2025T3-0759,2025-T3,2025,Corregimiento Pacurita,Corregimiento Pacurita,Corregimiento,Ayuda humanitaria,Neutral,27,Pregunto por el estado de mi solicitud de ayuda humanitaria inmediata.
PQR-2025T3-0760,2025-T3,2025,Corregimiento Pacurita,Corregimiento Pacurita,Corregimiento,Ayuda humanitaria,Neutral,26,Pregunto por el estado de mi solicitud de ayuda humanitaria inmediata.
PQR-2025T3-0761,2025-T3,2025,Corregimiento Pacurita,Corregimiento Pacurita,Corregimiento,Ayuda humanitaria,Neutral,26,Pregunto por el estado de mi solicitud de ayuda humanitaria inmediata.
PQR-2025T3-0762,2025-T3,2025,Corregimiento Pacurita,Corregimiento Pacurita,Corregimiento,Ayuda humanitaria,Positivo,26,"La atención para la ayuda de emergencia fue oportuna, gracias."
PQR-2025T3-0763,2025-T3,2025,Corregimiento Pacurita,Corregimiento Pacurita,Corregimiento,Ayuda humanitaria,Neutral,27,Pregunto por el estado de mi solicitud de ayuda humanitaria inmediata.
PQR-2025T3-0764,2025-T3,2025,Corregimiento Pacurita,Corregimiento Pacurita,Corregimiento,Ayuda humanitaria,Positivo,23,Agradezco que me entregaron la ayuda humanitaria rápidamente.
PQR-2025T3-0765,2025-T3,2025,Corregimiento Pacurita,Corregimiento Pacurita,Corregimiento,Ayuda humanitaria,Neutral,27,Quisiera saber qué documentos faltan para la ayuda humanitaria.
PQR-2025T3-0766,2025-T3,2025,Corregimiento Pacurita,Corregimiento Pacurita,Corregimiento,Ayuda humanitaria,Negativo,21,Llevo tres meses esperando la ayuda humanitaria y no me han dado respuesta.
PQR-2025T3-0767,2025-T3,2025,Corregimiento Pacurita,Corregimiento Pacurita,Corregimiento,Ayuda humanitaria,Negativo,25,Llevo tres meses esperando la ayuda humanitaria y no me han dado respuesta.
PQR-2025T3-0768,2025-T3,2025,Corregimiento Pacurita,Corregimiento Pacurita,Corregimiento,Ayuda humanitaria,Neutral,27,Quisiera saber qué documentos faltan para la ayuda humanitaria.
PQR-2025T3-0769,2025-T3,2025,Corregimiento Pacurita,Corregimiento Pacurita,Corregimiento,Ayuda humanitaria,Neutral,21,Quisiera saber qué documentos faltan para la ayuda humanitaria.
PQR-2025T3-0770,2025-T3,2025,Corregimiento Pacurita,Corregimiento Pacurita,Corregimiento,Ayuda humanitaria,Neutral,29,Quisiera saber qué documentos faltan para la ayuda humanitaria.
PQR-2025T3-0771,2025-T3,2025,Corregimiento Pacurita,Corregimiento Pacurita,Corregimiento,Ayuda humanitaria,Neutral,22,Pregunto por el estado de mi solicitud de ayuda humanitaria inmediata.
PQR-2025T3-0772,2025-T3,2025,Corregimiento Pacurita,Corregimiento Pacurita,Corregimiento,Ayuda humanitaria,Negativo,24,"Solicité el mercado de emergencia y nunca llegó, mi familia está pasando necesidad."
PQR-2025T3-0773,2025-T3,2025,Corregimiento Pacurita,Corregimiento Pacurita,Corregimiento,Ayuda humanitaria,Negativo,25,Llevo tres meses esperando la ayuda humanitaria y no me han dado respuesta.
PQR-2025T3-0774,2025-T3,2025,Corregimiento Pacurita,Corregimiento Pacurita,Corregimiento,Ayuda humanitaria,Negativo,28,"Solicité el mercado de emergencia y nunca llegó, mi familia está pasando necesidad."
PQR-2025T3-0775,2025-T3,2025,Corregimiento Pacurita,Corregimiento Pacurita,Corregimiento,Ayuda humanitaria,Neutral,28,Quisiera saber qué documentos faltan para la ayuda humanitaria.
PQR-2025T3-0776,2025-T3,2025,Corregimiento Pacurita,Corregimiento Pacurita,Corregimiento,Ayuda humanitaria,Neutral,26,Quisiera saber qué documentos faltan para la ayuda humanitaria.
PQR-2025T3-0777,2025-T3,2025,Corregimiento Pacurita,Corregimiento Pacurita,Corregimiento,Ayuda humanitaria,Negativo,24,"Solicité el mercado de emergencia y nunca llegó, mi familia está pasando necesidad."
PQR-2025T3-0778,2025-T3,2025,Corregimiento Pacurita,Corregimiento Pacurita,Corregimiento,Ayuda humanitaria,Neutral,21,Pregunto por el estado de mi solicitud de ayuda humanitaria inmediata.
PQR-2025T3-0779,2025-T3,2025,Corregimiento Pacurita,Corregimiento Pacurita,Corregimiento,Ayuda humanitaria,Neutral,21,Quisiera saber qué documentos faltan para la ayuda humanitaria.
PQR-2025T3-0780,2025-T3,2025,Corregimiento Pacurita,Corregimiento Pacurita,Corregimiento,Ayuda humanitaria,Negativo,24,"Solicité el mercado de emergencia y nunca llegó, mi familia está pasando necesidad."
PQR-2025T3-0781,2025-T3,2025,Corregimiento Pacurita,Corregimiento Pacurita,Corregimiento,Ayuda humanitaria,Neutral,26,Pregunto por el estado de mi solicitud de ayuda humanitaria inmediata.
PQR-2025T3-0782,2025-T3,2025,Corregimiento Pacurita,Corregimiento Pacurita,Corregimiento,Ayuda humanitaria,Negativo,24,"Solicité el mercado de emergencia y nunca llegó, mi familia está pasando necesidad."
PQR-2025T3-0783,2025-T3,2025,Corregimiento Pacurita,Corregimiento Pacurita,Corregimiento,Ayuda humanitaria,Neutral,26,Pregunto por el estado de mi solicitud de ayuda humanitaria inmediata.
PQR-2025T3-0784,2025-T3,2025,Corregimiento Pacurita,Corregimiento Pacurita,Corregimiento,Ayuda humanitaria,Neutral,24,Pregunto por el estado de mi solicitud de ayuda humanitaria inmediata.
PQR-2025T3-0785,2025-T3,2025,Corregimiento Pacurita,Corregimiento Pacurita,Corregimiento,Ayuda humanitaria,Negativo,24,Llevo tres meses esperando la ayuda humanitaria y no me han dado respuesta.
PQR-2025T3-0786,2025-T3,2025,Corregimiento Pacurita,Corregimiento Pacurita,Corregimiento,Ayuda humanitaria,Negativo,26,"Solicité el mercado de emergencia y nunca llegó, mi familia está pasando necesidad."
PQR-2025T3-0787,2025-T3,2025,Corregimiento Pacurita,Corregimiento Pacurita,Corregimiento,Ayuda humanitaria,Positivo,27,"La atención para la ayuda de emergencia fue oportuna, gracias."
PQR-2025T3-0788,2025-T3,2025,Corregimiento Pacurita,Corregimiento Pacurita,Corregimiento,Ayuda humanitaria,Negativo,26,Llevo tres meses esperando la ayuda humanitaria y no me han dado respuesta.
PQR-2025T3-0789,2025-T3,2025,Corregimiento Pacurita,Corregimiento Pacurita,Corregimiento,Ayuda humanitaria,Negativo,23,Llevo tres meses esperando la ayuda humanitaria y no me han dado respuesta.
PQR-2025T3-0790,2025-T3,2025,Corregimiento Pacurita,Corregimiento Pacurita,Corregimiento,Ayuda humanitaria,Neutral,26,Pregunto por el estado de mi solicitud de ayuda humanitaria inmediata.
PQR-2025T3-0791,2025-T3,2025,Corregimiento Pacurita,Corregimiento Pacurita,Corregimiento,Ayuda humanitaria,Negativo,28,Llevo tres meses esperando la ayuda humanitaria y no me han dado respuesta.
PQR-2025T3-0792,2025-T3,2025,Corregimiento Pacurita,Corregimiento Pacurita,Corregimiento,Indemnización / reparación,Negativo,26,No entiendo por qué a otros ya les pagaron la reparación y a mí no.
PQR-2025T3-0793,2025-T3,2025,Corregimiento Pacurita,Corregimiento Pacurita,Corregimiento,Indemnización / reparación,Negativo,22,No entiendo por qué a otros ya les pagaron la reparación y a mí no.
PQR-2025T3-0794,2025-T3,2025,Corregimiento Pacurita,Corregimiento Pacurita,Corregimiento,Indemnización / reparación,Neutral,28,Solicito información sobre el turno de mi indemnización administrativa.
PQR-2025T3-0795,2025-T3,2025,Corregimiento Pacurita,Corregimiento Pacurita,Corregimiento,Indemnización / reparación,Negativo,24,"Fui incluido hace años y todavía no me llega la indemnización, es una injusticia."
PQR-2025T3-0796,2025-T3,2025,Corregimiento Pacurita,Corregimiento Pacurita,Corregimiento,Indemnización / reparación,Negativo,25,No entiendo por qué a otros ya les pagaron la reparación y a mí no.
PQR-2025T3-0797,2025-T3,2025,Corregimiento Pacurita,Corregimiento Pacurita,Corregimiento,Indemnización / reparación,Negativo,26,No entiendo por qué a otros ya les pagaron la reparación y a mí no.
PQR-2025T3-0798,2025-T3,2025,Corregimiento Pacurita,Corregimiento Pacurita,Corregimiento,Indemnización / reparación,Neutral,27,¿Cómo consulto el estado de mi proceso de reparación?
PQR-2025T3-0799,2025-T3,2025,Corregimiento Pacurita,Corregimiento Pacurita,Corregimiento,Indemnización / reparación,Negativo,22,"Fui incluido hace años y todavía no me llega la indemnización, es una injusticia."
PQR-2025T3-0800,2025-T3,2025,Corregimiento Pacurita,Corregimiento Pacurita,Corregimiento,Indemnización / reparación,Negativo,29,"Fui incluido hace años y todavía no me llega la indemnización, es una injusticia."
PQR-2025T3-0801,2025-T3,2025,Corregimiento Pacurita,Corregimiento Pacurita,Corregimiento,Indemnización / reparación,Negativo,26,"Fui incluido hace años y todavía no me llega la indemnización, es una injusticia."
PQR-2025T3-0802,2025-T3,2025,Corregimiento Pacurita,Corregimiento Pacurita,Corregimiento,Indemnización / reparación,Negativo,27,No entiendo por qué a otros ya les pagaron la reparación y a mí no.
PQR-2025T3-0803,2025-T3,2025,Corregimiento Pacurita,Corregimiento Pacurita,Corregimiento,Indemnización / reparación,Neutral,24,¿Cómo consulto el estado de mi proceso de reparación?
PQR-2025T3-0804,2025-T3,2025,Corregimiento Pacurita,Corregimiento Pacurita,Corregimiento,Vivienda,Neutral,22,Solicito información sobre el subsidio de mejoramiento de vivienda.
PQR-2025T3-0805,2025-T3,2025,Corregimiento Pacurita,Corregimiento Pacurita,Corregimiento,Vivienda,Negativo,25,Postulé al subsidio de vivienda y me rechazaron sin explicación clara.
PQR-2025T3-0806,2025-T3,2025,Corregimiento Pacurita,Corregimiento Pacurita,Corregimiento,Vivienda,Neutral,26,Pregunto por las convocatorias de vivienda para población víctima.
PQR-2025T3-0807,2025-T3,2025,Corregimiento Pacurita,Corregimiento Pacurita,Corregimiento,Vivienda,Negativo,28,La casa que me asignaron tiene problemas y nadie responde.
PQR-2025T3-0808,2025-T3,2025,Corregimiento Pacurita,Corregimiento Pacurita,Corregimiento,Vivienda,Neutral,28,Solicito información sobre el subsidio de mejoramiento de vivienda.
PQR-2025T3-0809,2025-T3,2025,Corregimiento Pacurita,Corregimiento Pacurita,Corregimiento,Vivienda,Neutral,21,Solicito información sobre el subsidio de mejoramiento de vivienda.
PQR-2025T3-0810,2025-T3,2025,Corregimiento Pacurita,Corregimiento Pacurita,Corregimiento,Vivienda,Negativo,28,Postulé al subsidio de vivienda y me rechazaron sin explicación clara.
PQR-2025T3-0811,2025-T3,2025,Corregimiento Pacurita,Corregimiento Pacurita,Corregimiento,Vivienda,Negativo,28,La casa que me asignaron tiene problemas y nadie responde.
PQR-2025T3-0812,2025-T3,2025,Corregimiento Pacurita,Corregimiento Pacurita,Corregimiento,Vivienda,Negativo,29,Postulé al subsidio de vivienda y me rechazaron sin explicación clara.
PQR-2025T3-0813,2025-T3,2025,Corregimiento Pacurita,Corregimiento Pacurita,Corregimiento,Vivienda,Negativo,28,Postulé al subsidio de vivienda y me rechazaron sin explicación clara.
PQR-2025T3-0814,2025-T3,2025,Corregimiento Pacurita,Corregimiento Pacurita,Corregimiento,Vivienda,Negativo,21,La casa que me asignaron tiene problemas y nadie responde.
PQR-2025T3-0815,2025-T3,2025,Corregimiento Pacurita,Corregimiento Pacurita,Corregimiento,Vivienda,Negativo,28,La casa que me asignaron tiene problemas y nadie responde.
PQR-2025T3-0816,2025-T3,2025,Corregimiento Pacurita,Corregimiento Pacurita,Corregimiento,Vivienda,Negativo,25,La casa que me asignaron tiene problemas y nadie responde.
PQR-2025T3-0817,2025-T3,2025,Corregimiento Pacurita,Corregimiento Pacurita,Corregimiento,Vivienda,Neutral,21,Pregunto por las convocatorias de vivienda para población víctima.
PQR-2025T3-0818,2025-T3,2025,Corregimiento Pacurita,Corregimiento Pacurita,Corregimiento,Vivienda,Neutral,26,Solicito información sobre el subsidio de mejoramiento de vivienda.
PQR-2025T3-0819,2025-T3,2025,Corregimiento Pacurita,Corregimiento Pacurita,Corregimiento,Vivienda,Neutral,24,Solicito información sobre el subsidio de mejoramiento de vivienda.
PQR-2025T3-0820,2025-T3,2025,Corregimiento Pacurita,Corregimiento Pacurita,Corregimiento,Vivienda,Negativo,26,La casa que me asignaron tiene problemas y nadie responde.
PQR-2025T3-0821,2025-T3,2025,Corregimiento Pacurita,Corregimiento Pacurita,Corregimiento,Vivienda,Negativo,27,Postulé al subsidio de vivienda y me rechazaron sin explicación clara.
PQR-2025T3-0822,2025-T3,2025,Corregimiento Pacurita,Corregimiento Pacurita,Corregimiento,Vivienda,Negativo,23,Postulé al subsidio de vivienda y me rechazaron sin explicación clara.
PQR-2025T3-0823,2025-T3,2025,Corregimiento Pacurita,Corregimiento Pacurita,Corregimiento,Vivienda,Negativo,23,La casa que me asignaron tiene problemas y nadie responde.
PQR-2025T3-0824,2025-T3,2025,Corregimiento Pacurita,Corregimiento Pacurita,Corregimiento,Vivienda,Neutral,28,Pregunto por las convocatorias de vivienda para población víctima.
PQR-2025T3-0825,2025-T3,2025,Corregimiento Pacurita,Corregimiento Pacurita,Corregimiento,Vivienda,Negativo,27,Postulé al subsidio de vivienda y me rechazaron sin explicación clara.
PQR-2025T3-0826,2025-T3,2025,Corregimiento Pacurita,Corregimiento Pacurita,Corregimiento,Vivienda,Negativo,28,La casa que me asignaron tiene problemas y nadie responde.
PQR-2025T3-0827,2025-T3,2025,Corregimiento Pacurita,Corregimiento Pacurita,Corregimiento,Salud y atención psicosocial,Positivo,24,"La atención psicosocial me ha ayudado mucho, gracias al equipo."
PQR-2025T3-0828,2025-T3,2025,Corregimiento Pacurita,Corregimiento Pacurita,Corregimiento,Salud y atención psicosocial,Neutral,28,Pregunto por el programa de atención en salud para víctimas.
PQR-2025T3-0829,2025-T3,2025,Corregimiento Pacurita,Corregimiento Pacurita,Corregimiento,Salud y atención psicosocial,Positivo,24,"La atención psicosocial me ha ayudado mucho, gracias al equipo."
PQR-2025T3-0830,2025-T3,2025,Corregimiento Pacurita,Corregimiento Pacurita,Corregimiento,Salud y atención psicosocial,Negativo,26,Necesito atención psicosocial y me dan citas para dentro de meses.
PQR-2025T3-0831,2025-T3,2025,Corregimiento Pacurita,Corregimiento Pacurita,Corregimiento,Salud y atención psicosocial,Negativo,22,Necesito atención psicosocial y me dan citas para dentro de meses.
PQR-2025T3-0832,2025-T3,2025,Corregimiento Pacurita,Corregimiento Pacurita,Corregimiento,Salud y atención psicosocial,Negativo,25,Necesito atención psicosocial y me dan citas para dentro de meses.
PQR-2025T3-0833,2025-T3,2025,Corregimiento Pacurita,Corregimiento Pacurita,Corregimiento,Salud y atención psicosocial,Neutral,28,Pregunto por el programa de atención en salud para víctimas.
PQR-2025T3-0834,2025-T3,2025,Corregimiento Pacurita,Corregimiento Pacurita,Corregimiento,Salud y atención psicosocial,Neutral,25,Solicito una cita de atención psicosocial para mi familia.
PQR-2025T3-0835,2025-T3,2025,Corregimiento Pacurita,Corregimiento Pacurita,Corregimiento,Salud y atención psicosocial,Negativo,27,No hay profesionales suficientes para la atención en salud mental.
PQR-2025T3-0836,2025-T3,2025,Corregimiento Pacurita,Corregimiento Pacurita,Corregimiento,Salud y atención psicosocial,Neutral,27,Solicito una cita de atención psicosocial para mi familia.
PQR-2025T3-0837,2025-T3,2025,Corregimiento Pacurita,Corregimiento Pacurita,Corregimiento,Salud y atención psicosocial,Negativo,27,Necesito atención psicosocial y me dan citas para dentro de meses.
PQR-2025T3-0838,2025-T3,2025,Corregimiento Pacurita,Corregimiento Pacurita,Corregimiento,Salud y atención psicosocial,Positivo,27,"La atención psicosocial me ha ayudado mucho, gracias al equipo."
PQR-2025T3-0839,2025-T3,2025,Corregimiento Pacurita,Corregimiento Pacurita,Corregimiento,Salud y atención psicosocial,Negativo,28,Necesito atención psicosocial y me dan citas para dentro de meses.
PQR-2025T3-0840,2025-T3,2025,Corregimiento Pacurita,Corregimiento Pacurita,Corregimiento,Salud y atención psicosocial,Negativo,25,Necesito atención psicosocial y me dan citas para dentro de meses.
PQR-2025T3-0841,2025-T3,2025,Corregimiento Pacurita,Corregimiento Pacurita,Corregimiento,Salud y atención psicosocial,Positivo,22,"Recibí buena orientación en salud, quedé satisfecho."
PQR-2025T3-0842,2025-T3,2025,Corregimiento Pacurita,Corregimiento Pacurita,Corregimiento,Salud y atención psicosocial,Positivo,21,"La atención psicosocial me ha ayudado mucho, gracias al equipo."
PQR-2025T3-0843,2025-T3,2025,Corregimiento Pacurita,Corregimiento Pacurita,Corregimiento,Salud y atención psicosocial,Negativo,25,Necesito atención psicosocial y me dan citas para dentro de meses.
PQR-2025T3-0844,2025-T3,2025,Corregimiento Pacurita,Corregimiento Pacurita,Corregimiento,Salud y atención psicosocial,Neutral,25,Solicito una cita de atención psicosocial para mi familia.
PQR-2025T3-0845,2025-T3,2025,Corregimiento Pacurita,Corregimiento Pacurita,Corregimiento,Educación,Positivo,24,La orientación sobre educación superior fue útil.
PQR-2025T3-0846,2025-T3,2025,Corregimiento Pacurita,Corregimiento Pacurita,Corregimiento,Educación,Negativo,24,Falta información sobre los cupos educativos para víctimas.
PQR-2025T3-0847,2025-T3,2025,Corregimiento Pacurita,Corregimiento Pacurita,Corregimiento,Educación,Positivo,25,La orientación sobre educación superior fue útil.
PQR-2025T3-0848,2025-T3,2025,Corregimiento Pacurita,Corregimiento Pacurita,Corregimiento,Educación,Positivo,24,La orientación sobre educación superior fue útil.
PQR-2025T3-0849,2025-T3,2025,Corregimiento Pacurita,Corregimiento Pacurita,Corregimiento,Educación,Positivo,24,La orientación sobre educación superior fue útil.
PQR-2025T3-0850,2025-T3,2025,Corregimiento Pacurita,Corregimiento Pacurita,Corregimiento,Educación,Neutral,21,Pregunto por el apoyo educativo para el próximo semestre.
PQR-2025T3-0851,2025-T3,2025,Corregimiento Pacurita,Corregimiento Pacurita,Corregimiento,Educación,Positivo,28,La orientación sobre educación superior fue útil.
PQR-2025T3-0852,2025-T3,2025,Corregimiento Pacurita,Corregimiento Pacurita,Corregimiento,Educación,Negativo,27,Falta información sobre los cupos educativos para víctimas.
PQR-2025T3-0853,2025-T3,2025,Corregimiento Pacurita,Corregimiento Pacurita,Corregimiento,Educación,Positivo,25,La orientación sobre educación superior fue útil.
PQR-2025T3-0854,2025-T3,2025,Corregimiento Pacurita,Corregimiento Pacurita,Corregimiento,Educación,Neutral,25,Pregunto por el apoyo educativo para el próximo semestre.
PQR-2025T3-0855,2025-T3,2025,Corregimiento Pacurita,Corregimiento Pacurita,Corregimiento,Educación,Neutral,23,Pregunto por el apoyo educativo para el próximo semestre.
PQR-2025T3-0856,2025-T3,2025,Corregimiento Pacurita,Corregimiento Pacurita,Corregimiento,Registro / inclusión RUV,Neutral,24,Solicito información sobre mi estado en el Registro Único de Víctimas.
PQR-2025T3-0857,2025-T3,2025,Corregimiento Pacurita,Corregimiento Pacurita,Corregimiento,Registro / inclusión RUV,Negativo,29,Llevo meses esperando que me incluyan en el RUV y no hay respuesta.
PQR-2025T3-0858,2025-T3,2025,Corregimiento Pacurita,Corregimiento Pacurita,Corregimiento,Registro / inclusión RUV,Negativo,22,Me negaron la inclusión y no me explicaron los motivos.
PQR-2025T3-0859,2025-T3,2025,Corregimiento Pacurita,Corregimiento Pacurita,Corregimiento,Registro / inclusión RUV,Negativo,21,Me negaron la inclusión y no me explicaron los motivos.
PQR-2025T3-0860,2025-T3,2025,Corregimiento Pacurita,Corregimiento Pacurita,Corregimiento,Registro / inclusión RUV,Negativo,29,Me negaron la inclusión y no me explicaron los motivos.
PQR-2025T3-0861,2025-T3,2025,Corregimiento Pacurita,Corregimiento Pacurita,Corregimiento,Registro / inclusión RUV,Negativo,21,Me negaron la inclusión y no me explicaron los motivos.
PQR-2025T3-0862,2025-T3,2025,Corregimiento Pacurita,Corregimiento Pacurita,Corregimiento,Registro / inclusión RUV,Negativo,22,Llevo meses esperando que me incluyan en el RUV y no hay respuesta.
PQR-2025T3-0863,2025-T3,2025,Corregimiento Pacurita,Corregimiento Pacurita,Corregimiento,Registro / inclusión RUV,Negativo,24,Me negaron la inclusión y no me explicaron los motivos.
PQR-2025T3-0864,2025-T3,2025,Corregimiento Pacurita,Corregimiento Pacurita,Corregimiento,Registro / inclusión RUV,Neutral,28,Solicito información sobre mi estado en el Registro Único de Víctimas.
PQR-2025T3-0865,2025-T3,2025,Corregimiento Pacurita,Corregimiento Pacurita,Corregimiento,Retornos y reubicación,Neutral,25,Solicito información sobre acompañamiento para reubicación.
PQR-2025T3-0866,2025-T3,2025,Corregimiento Pacurita,Corregimiento Pacurita,Corregimiento,Retornos y reubicación,Positivo,22,Nos apoyaron en la reubicación de manera adecuada.
PQR-2025T3-0867,2025-T3,2025,Corregimiento Pacurita,Corregimiento Pacurita,Corregimiento,Retornos y reubicación,Negativo,25,El proceso de reubicación está detenido hace tiempo.
PQR-2025T3-0868,2025-T3,2025,Corregimiento Pacurita,Corregimiento Pacurita,Corregimiento,Retornos y reubicación,Neutral,27,Pregunto por el plan de retorno para mi comunidad.
PQR-2025T3-0869,2025-T3,2025,Corregimiento Pacurita,Corregimiento Pacurita,Corregimiento,Retornos y reubicación,Negativo,22,Solicité apoyo para el retorno y no hay condiciones de seguridad.
PQR-2025T3-0870,2025-T3,2025,Corregimiento Pacurita,Corregimiento Pacurita,Corregimiento,Retornos y reubicación,Negativo,28,El proceso de reubicación está detenido hace tiempo.
PQR-2025T3-0871,2025-T3,2025,Corregimiento Pacurita,Corregimiento Pacurita,Corregimiento,Retornos y reubicación,Negativo,28,El proceso de reubicación está detenido hace tiempo.
PQR-2025T3-0872,2025-T3,2025,Corregimiento Pacurita,Corregimiento Pacurita,Corregimiento,Retornos y reubicación,Neutral,24,Solicito información sobre acompañamiento para reubicación.
PQR-2025T3-0873,2025-T3,2025,Corregimiento Pacurita,Corregimiento Pacurita,Corregimiento,Retornos y reubicación,Positivo,27,Nos apoyaron en la reubicación de manera adecuada.
PQR-2025T3-0874,2025-T3,2025,Corregimiento Pacurita,Corregimiento Pacurita,Corregimiento,Otros trámites,Negativo,25,Me han remitido de una oficina a otra sin resolver mi caso.
PQR-2025T3-0875,2025-T3,2025,Corregimiento Pacurita,Corregimiento Pacurita,Corregimiento,Otros trámites,Neutral,29,Solicito un certificado de mi condición de víctima.
PQR-2025T3-0876,2025-T3,2025,Corregimiento Pacurita,Corregimiento Pacurita,Corregimiento,Otros trámites,Positivo,27,La atención en ventanilla fue amable y rápida.
PQR-2025T3-0877,2025-T3,2025,Corregimiento Pacurita,Corregimiento Pacurita,Corregimiento,Otros trámites,Positivo,23,La atención en ventanilla fue amable y rápida.
PQR-2025T3-0878,2025-T3,2025,Corregimiento Pacurita,Corregimiento Pacurita,Corregimiento,Otros trámites,Neutral,22,Pregunto por el horario de atención de la oficina.
PQR-2025T3-0879,2025-T3,2025,Corregimiento Pacurita,Corregimiento Pacurita,Corregimiento,Otros trámites,Neutral,22,Solicito un certificado de mi condición de víctima.
PQR-2025T3-0880,2025-T3,2025,Corregimiento Pacurita,Corregimiento Pacurita,Corregimiento,Otros trámites,Negativo,25,La fila de atención es muy larga y no alcanzan a atender.
PQR-2025T3-0881,2025-T3,2025,Corregimiento Pacurita,Corregimiento Pacurita,Corregimiento,Otros trámites,Neutral,22,Pregunto por el horario de atención de la oficina.
PQR-2025T3-0882,2025-T3,2025,Corregimiento Pacurita,Corregimiento Pacurita,Corregimiento,Otros trámites,Negativo,22,La fila de atención es muy larga y no alcanzan a atender.
PQR-2025T3-0883,2025-T3,2025,Corregimiento Tutunendo,Corregimiento Tutunendo,Corregimiento,Ayuda humanitaria,Negativo,28,"Solicité el mercado de emergencia y nunca llegó, mi familia está pasando necesidad."
PQR-2025T3-0884,2025-T3,2025,Corregimiento Tutunendo,Corregimiento Tutunendo,Corregimiento,Ayuda humanitaria,Neutral,25,Quisiera saber qué documentos faltan para la ayuda humanitaria.
PQR-2025T3-0885,2025-T3,2025,Corregimiento Tutunendo,Corregimiento Tutunendo,Corregimiento,Ayuda humanitaria,Neutral,21,Pregunto por el estado de mi solicitud de ayuda humanitaria inmediata.
PQR-2025T3-0886,2025-T3,2025,Corregimiento Tutunendo,Corregimiento Tutunendo,Corregimiento,Ayuda humanitaria,Neutral,26,Pregunto por el estado de mi solicitud de ayuda humanitaria inmediata.
PQR-2025T3-0887,2025-T3,2025,Corregimiento Tutunendo,Corregimiento Tutunendo,Corregimiento,Ayuda humanitaria,Neutral,27,Pregunto por el estado de mi solicitud de ayuda humanitaria inmediata.
PQR-2025T3-0888,2025-T3,2025,Corregimiento Tutunendo,Corregimiento Tutunendo,Corregimiento,Ayuda humanitaria,Negativo,21,"Solicité el mercado de emergencia y nunca llegó, mi familia está pasando necesidad."
PQR-2025T3-0889,2025-T3,2025,Corregimiento Tutunendo,Corregimiento Tutunendo,Corregimiento,Ayuda humanitaria,Positivo,25,Agradezco que me entregaron la ayuda humanitaria rápidamente.
PQR-2025T3-0890,2025-T3,2025,Corregimiento Tutunendo,Corregimiento Tutunendo,Corregimiento,Ayuda humanitaria,Negativo,22,"Solicité el mercado de emergencia y nunca llegó, mi familia está pasando necesidad."
PQR-2025T3-0891,2025-T3,2025,Corregimiento Tutunendo,Corregimiento Tutunendo,Corregimiento,Ayuda humanitaria,Neutral,27,Pregunto por el estado de mi solicitud de ayuda humanitaria inmediata.
PQR-2025T3-0892,2025-T3,2025,Corregimiento Tutunendo,Corregimiento Tutunendo,Corregimiento,Ayuda humanitaria,Negativo,23,"Solicité el mercado de emergencia y nunca llegó, mi familia está pasando necesidad."
PQR-2025T3-0893,2025-T3,2025,Corregimiento Tutunendo,Corregimiento Tutunendo,Corregimiento,Ayuda humanitaria,Negativo,23,"Solicité el mercado de emergencia y nunca llegó, mi familia está pasando necesidad."
PQR-2025T3-0894,2025-T3,2025,Corregimiento Tutunendo,Corregimiento Tutunendo,Corregimiento,Ayuda humanitaria,Negativo,26,"Solicité el mercado de emergencia y nunca llegó, mi familia está pasando necesidad."
PQR-2025T3-0895,2025-T3,2025,Corregimiento Tutunendo,Corregimiento Tutunendo,Corregimiento,Ayuda humanitaria,Positivo,25,Agradezco que me entregaron la ayuda humanitaria rápidamente.
PQR-2025T3-0896,2025-T3,2025,Corregimiento Tutunendo,Corregimiento Tutunendo,Corregimiento,Ayuda humanitaria,Negativo,27,Llevo tres meses esperando la ayuda humanitaria y no me han dado respuesta.
PQR-2025T3-0897,2025-T3,2025,Corregimiento Tutunendo,Corregimiento Tutunendo,Corregimiento,Ayuda humanitaria,Positivo,26,Agradezco que me entregaron la ayuda humanitaria rápidamente.
PQR-2025T3-0898,2025-T3,2025,Corregimiento Tutunendo,Corregimiento Tutunendo,Corregimiento,Ayuda humanitaria,Positivo,28,"La atención para la ayuda de emergencia fue oportuna, gracias."
PQR-2025T3-0899,2025-T3,2025,Corregimiento Tutunendo,Corregimiento Tutunendo,Corregimiento,Ayuda humanitaria,Neutral,23,Quisiera saber qué documentos faltan para la ayuda humanitaria.
PQR-2025T3-0900,2025-T3,2025,Corregimiento Tutunendo,Corregimiento Tutunendo,Corregimiento,Ayuda humanitaria,Negativo,22,"Solicité el mercado de emergencia y nunca llegó, mi familia está pasando necesidad."
PQR-2025T3-0901,2025-T3,2025,Corregimiento Tutunendo,Corregimiento Tutunendo,Corregimiento,Ayuda humanitaria,Negativo,22,Llevo tres meses esperando la ayuda humanitaria y no me han dado respuesta.
PQR-2025T3-0902,2025-T3,2025,Corregimiento Tutunendo,Corregimiento Tutunendo,Corregimiento,Ayuda humanitaria,Negativo,26,"Solicité el mercado de emergencia y nunca llegó, mi familia está pasando necesidad."
PQR-2025T3-0903,2025-T3,2025,Corregimiento Tutunendo,Corregimiento Tutunendo,Corregimiento,Ayuda humanitaria,Negativo,21,Llevo tres meses esperando la ayuda humanitaria y no me han dado respuesta.
PQR-2025T3-0904,2025-T3,2025,Corregimiento Tutunendo,Corregimiento Tutunendo,Corregimiento,Ayuda humanitaria,Neutral,29,Pregunto por el estado de mi solicitud de ayuda humanitaria inmediata.
PQR-2025T3-0905,2025-T3,2025,Corregimiento Tutunendo,Corregimiento Tutunendo,Corregimiento,Ayuda humanitaria,Negativo,23,Llevo tres meses esperando la ayuda humanitaria y no me han dado respuesta.
PQR-2025T3-0906,2025-T3,2025,Corregimiento Tutunendo,Corregimiento Tutunendo,Corregimiento,Ayuda humanitaria,Negativo,27,Llevo tres meses esperando la ayuda humanitaria y no me han dado respuesta.
PQR-2025T3-0907,2025-T3,2025,Corregimiento Tutunendo,Corregimiento Tutunendo,Corregimiento,Ayuda humanitaria,Neutral,29,Quisiera saber qué documentos faltan para la ayuda humanitaria.
PQR-2025T3-0908,2025-T3,2025,Corregimiento Tutunendo,Corregimiento Tutunendo,Corregimiento,Ayuda humanitaria,Positivo,22,Agradezco que me entregaron la ayuda humanitaria rápidamente.
PQR-2025T3-0909,2025-T3,2025,Corregimiento Tutunendo,Corregimiento Tutunendo,Corregimiento,Ayuda humanitaria,Negativo,23,Llevo tres meses esperando la ayuda humanitaria y no me han dado respuesta.
PQR-2025T3-0910,2025-T3,2025,Corregimiento Tutunendo,Corregimiento Tutunendo,Corregimiento,Ayuda humanitaria,Positivo,27,Agradezco que me entregaron la ayuda humanitaria rápidamente.
PQR-2025T3-0911,2025-T3,2025,Corregimiento Tutunendo,Corregimiento Tutunendo,Corregimiento,Ayuda humanitaria,Negativo,26,Llevo tres meses esperando la ayuda humanitaria y no me han dado respuesta.
PQR-2025T3-0912,2025-T3,2025,Corregimiento Tutunendo,Corregimiento Tutunendo,Corregimiento,Ayuda humanitaria,Negativo,21,Llevo tres meses esperando la ayuda humanitaria y no me han dado respuesta.
PQR-2025T3-0913,2025-T3,2025,Corregimiento Tutunendo,Corregimiento Tutunendo,Corregimiento,Ayuda humanitaria,Negativo,22,"Solicité el mercado de emergencia y nunca llegó, mi familia está pasando necesidad."
PQR-2025T3-0914,2025-T3,2025,Corregimiento Tutunendo,Corregimiento Tutunendo,Corregimiento,Ayuda humanitaria,Neutral,25,Quisiera saber qué documentos faltan para la ayuda humanitaria.
PQR-2025T3-0915,2025-T3,2025,Corregimiento Tutunendo,Corregimiento Tutunendo,Corregimiento,Ayuda humanitaria,Negativo,27,"Solicité el mercado de emergencia y nunca llegó, mi familia está pasando necesidad."
PQR-2025T3-0916,2025-T3,2025,Corregimiento Tutunendo,Corregimiento Tutunendo,Corregimiento,Ayuda humanitaria,Negativo,27,Llevo tres meses esperando la ayuda humanitaria y no me han dado respuesta.
PQR-2025T3-0917,2025-T3,2025,Corregimiento Tutunendo,Corregimiento Tutunendo,Corregimiento,Indemnización / reparación,Negativo,27,"Fui incluido hace años y todavía no me llega la indemnización, es una injusticia."
PQR-2025T3-0918,2025-T3,2025,Corregimiento Tutunendo,Corregimiento Tutunendo,Corregimiento,Indemnización / reparación,Negativo,25,"Fui incluido hace años y todavía no me llega la indemnización, es una injusticia."
PQR-2025T3-0919,2025-T3,2025,Corregimiento Tutunendo,Corregimiento Tutunendo,Corregimiento,Indemnización / reparación,Negativo,23,No entiendo por qué a otros ya les pagaron la reparación y a mí no.
PQR-2025T3-0920,2025-T3,2025,Corregimiento Tutunendo,Corregimiento Tutunendo,Corregimiento,Indemnización / reparación,Negativo,25,No entiendo por qué a otros ya les pagaron la reparación y a mí no.
PQR-2025T3-0921,2025-T3,2025,Corregimiento Tutunendo,Corregimiento Tutunendo,Corregimiento,Indemnización / reparación,Neutral,21,¿Cómo consulto el estado de mi proceso de reparación?
PQR-2025T3-0922,2025-T3,2025,Corregimiento Tutunendo,Corregimiento Tutunendo,Corregimiento,Indemnización / reparación,Negativo,28,No entiendo por qué a otros ya les pagaron la reparación y a mí no.
PQR-2025T3-0923,2025-T3,2025,Corregimiento Tutunendo,Corregimiento Tutunendo,Corregimiento,Indemnización / reparación,Negativo,26,No entiendo por qué a otros ya les pagaron la reparación y a mí no.
PQR-2025T3-0924,2025-T3,2025,Corregimiento Tutunendo,Corregimiento Tutunendo,Corregimiento,Indemnización / reparación,Negativo,21,"Fui incluido hace años y todavía no me llega la indemnización, es una injusticia."
PQR-2025T3-0925,2025-T3,2025,Corregimiento Tutunendo,Corregimiento Tutunendo,Corregimiento,Indemnización / reparación,Negativo,27,"Fui incluido hace años y todavía no me llega la indemnización, es una injusticia."
PQR-2025T3-0926,2025-T3,2025,Corregimiento Tutunendo,Corregimiento Tutunendo,Corregimiento,Indemnización / reparación,Neutral,27,¿Cómo consulto el estado de mi proceso de reparación?
PQR-2025T3-0927,2025-T3,2025,Corregimiento Tutunendo,Corregimiento Tutunendo,Corregimiento,Indemnización / reparación,Negativo,23,No entiendo por qué a otros ya les pagaron la reparación y a mí no.
PQR-2025T3-0928,2025-T3,2025,Corregimiento Tutunendo,Corregimiento Tutunendo,Corregimiento,Indemnización / reparación,Negativo,28,No entiendo por qué a otros ya les pagaron la reparación y a mí no.
PQR-2025T3-0929,2025-T3,2025,Corregimiento Tutunendo,Corregimiento Tutunendo,Corregimiento,Indemnización / reparación,Neutral,24,Solicito información sobre el turno de mi indemnización administrativa.
PQR-2025T3-0930,2025-T3,2025,Corregimiento Tutunendo,Corregimiento Tutunendo,Corregimiento,Indemnización / reparación,Negativo,24,No entiendo por qué a otros ya les pagaron la reparación y a mí no.
PQR-2025T3-0931,2025-T3,2025,Corregimiento Tutunendo,Corregimiento Tutunendo,Corregimiento,Indemnización / reparación,Negativo,26,"Fui incluido hace años y todavía no me llega la indemnización, es una injusticia."
PQR-2025T3-0932,2025-T3,2025,Corregimiento Tutunendo,Corregimiento Tutunendo,Corregimiento,Indemnización / reparación,Negativo,24,"Fui incluido hace años y todavía no me llega la indemnización, es una injusticia."
PQR-2025T3-0933,2025-T3,2025,Corregimiento Tutunendo,Corregimiento Tutunendo,Corregimiento,Indemnización / reparación,Negativo,21,"Fui incluido hace años y todavía no me llega la indemnización, es una injusticia."
PQR-2025T3-0934,2025-T3,2025,Corregimiento Tutunendo,Corregimiento Tutunendo,Corregimiento,Indemnización / reparación,Negativo,27,No entiendo por qué a otros ya les pagaron la reparación y a mí no.
PQR-2025T3-0935,2025-T3,2025,Corregimiento Tutunendo,Corregimiento Tutunendo,Corregimiento,Indemnización / reparación,Negativo,24,"Fui incluido hace años y todavía no me llega la indemnización, es una injusticia."
PQR-2025T3-0936,2025-T3,2025,Corregimiento Tutunendo,Corregimiento Tutunendo,Corregimiento,Indemnización / reparación,Negativo,27,"Fui incluido hace años y todavía no me llega la indemnización, es una injusticia."
PQR-2025T3-0937,2025-T3,2025,Corregimiento Tutunendo,Corregimiento Tutunendo,Corregimiento,Indemnización / reparación,Neutral,22,¿Cómo consulto el estado de mi proceso de reparación?
PQR-2025T3-0938,2025-T3,2025,Corregimiento Tutunendo,Corregimiento Tutunendo,Corregimiento,Indemnización / reparación,Neutral,29,Solicito información sobre el turno de mi indemnización administrativa.
PQR-2025T3-0939,2025-T3,2025,Corregimiento Tutunendo,Corregimiento Tutunendo,Corregimiento,Indemnización / reparación,Negativo,24,"Fui incluido hace años y todavía no me llega la indemnización, es una injusticia."
PQR-2025T3-0940,2025-T3,2025,Corregimiento Tutunendo,Corregimiento Tutunendo,Corregimiento,Indemnización / reparación,Neutral,22,Solicito información sobre el turno de mi indemnización administrativa.
PQR-2025T3-0941,2025-T3,2025,Corregimiento Tutunendo,Corregimiento Tutunendo,Corregimiento,Indemnización / reparación,Negativo,28,No entiendo por qué a otros ya les pagaron la reparación y a mí no.
PQR-2025T3-0942,2025-T3,2025,Corregimiento Tutunendo,Corregimiento Tutunendo,Corregimiento,Indemnización / reparación,Negativo,26,"Fui incluido hace años y todavía no me llega la indemnización, es una injusticia."
PQR-2025T3-0943,2025-T3,2025,Corregimiento Tutunendo,Corregimiento Tutunendo,Corregimiento,Indemnización / reparación,Positivo,25,"Por fin recibí la indemnización, agradezco la gestión de la oficina."
PQR-2025T3-0944,2025-T3,2025,Corregimiento Tutunendo,Corregimiento Tutunendo,Corregimiento,Indemnización / reparación,Negativo,26,"Fui incluido hace años y todavía no me llega la indemnización, es una injusticia."
PQR-2025T3-0945,2025-T3,2025,Corregimiento Tutunendo,Corregimiento Tutunendo,Corregimiento,Indemnización / reparación,Negativo,29,"Fui incluido hace años y todavía no me llega la indemnización, es una injusticia."
PQR-2025T3-0946,2025-T3,2025,Corregimiento Tutunendo,Corregimiento Tutunendo,Corregimiento,Vivienda,Positivo,26,El proceso de postulación a vivienda fue claro.
PQR-2025T3-0947,2025-T3,2025,Corregimiento Tutunendo,Corregimiento Tutunendo,Corregimiento,Vivienda,Negativo,26,Postulé al subsidio de vivienda y me rechazaron sin explicación clara.
PQR-2025T3-0948,2025-T3,2025,Corregimiento Tutunendo,Corregimiento Tutunendo,Corregimiento,Vivienda,Negativo,26,La casa que me asignaron tiene problemas y nadie responde.
PQR-2025T3-0949,2025-T3,2025,Corregimiento Tutunendo,Corregimiento Tutunendo,Corregimiento,Vivienda,Negativo,26,Postulé al subsidio de vivienda y me rechazaron sin explicación clara.
PQR-2025T3-0950,2025-T3,2025,Corregimiento Tutunendo,Corregimiento Tutunendo,Corregimiento,Vivienda,Positivo,21,"Me asignaron la vivienda, muy agradecido con el acompañamiento."
PQR-2025T3-0951,2025-T3,2025,Corregimiento Tutunendo,Corregimiento Tutunendo,Corregimiento,Vivienda,Neutral,26,Pregunto por las convocatorias de vivienda para población víctima.
PQR-2025T3-0952,2025-T3,2025,Corregimiento Tutunendo,Corregimiento Tutunendo,Corregimiento,Vivienda,Neutral,28,Solicito información sobre el subsidio de mejoramiento de vivienda.
PQR-2025T3-0953,2025-T3,2025,Corregimiento Tutunendo,Corregimiento Tutunendo,Corregimiento,Vivienda,Neutral,28,Pregunto por las convocatorias de vivienda para población víctima.
PQR-2025T3-0954,2025-T3,2025,Corregimiento Tutunendo,Corregimiento Tutunendo,Corregimiento,Vivienda,Neutral,22,Solicito información sobre el subsidio de mejoramiento de vivienda.
PQR-2025T3-0955,2025-T3,2025,Corregimiento Tutunendo,Corregimiento Tutunendo,Corregimiento,Vivienda,Negativo,22,La casa que me asignaron tiene problemas y nadie responde.
PQR-2025T3-0956,2025-T3,2025,Corregimiento Tutunendo,Corregimiento Tutunendo,Corregimiento,Vivienda,Negativo,28,Postulé al subsidio de vivienda y me rechazaron sin explicación clara.
PQR-2025T3-0957,2025-T3,2025,Corregimiento Tutunendo,Corregimiento Tutunendo,Corregimiento,Vivienda,Neutral,26,Solicito información sobre el subsidio de mejoramiento de vivienda.
PQR-2025T3-0958,2025-T3,2025,Corregimiento Tutunendo,Corregimiento Tutunendo,Corregimiento,Vivienda,Negativo,28,Postulé al subsidio de vivienda y me rechazaron sin explicación clara.
PQR-2025T3-0959,2025-T3,2025,Corregimiento Tutunendo,Corregimiento Tutunendo,Corregimiento,Vivienda,Neutral,28,Solicito información sobre el subsidio de mejoramiento de vivienda.
PQR-2025T3-0960,2025-T3,2025,Corregimiento Tutunendo,Corregimiento Tutunendo,Corregimiento,Vivienda,Neutral,28,Solicito información sobre el subsidio de mejoramiento de vivienda.
PQR-2025T3-0961,2025-T3,2025,Corregimiento Tutunendo,Corregimiento Tutunendo,Corregimiento,Vivienda,Neutral,21,Pregunto por las convocatorias de vivienda para población víctima.
PQR-2025T3-0962,2025-T3,2025,Corregimiento Tutunendo,Corregimiento Tutunendo,Corregimiento,Vivienda,Negativo,23,La casa que me asignaron tiene problemas y nadie responde.
PQR-2025T3-0963,2025-T3,2025,Corregimiento Tutunendo,Corregimiento Tutunendo,Corregimiento,Vivienda,Negativo,25,Postulé al subsidio de vivienda y me rechazaron sin explicación clara.
PQR-2025T3-0964,2025-T3,2025,Corregimiento Tutunendo,Corregimiento Tutunendo,Corregimiento,Vivienda,Neutral,22,Solicito información sobre el subsidio de mejoramiento de vivienda.
PQR-2025T3-0965,2025-T3,2025,Corregimiento Tutunendo,Corregimiento Tutunendo,Corregimiento,Vivienda,Negativo,28,Postulé al subsidio de vivienda y me rechazaron sin explicación clara.
PQR-2025T3-0966,2025-T3,2025,Corregimiento Tutunendo,Corregimiento Tutunendo,Corregimiento,Vivienda,Neutral,23,Solicito información sobre el subsidio de mejoramiento de vivienda.
PQR-2025T3-0967,2025-T3,2025,Corregimiento Tutunendo,Corregimiento Tutunendo,Corregimiento,Vivienda,Negativo,28,Postulé al subsidio de vivienda y me rechazaron sin explicación clara.
PQR-2025T3-0968,2025-T3,2025,Corregimiento Tutunendo,Corregimiento Tutunendo,Corregimiento,Vivienda,Negativo,23,La casa que me asignaron tiene problemas y nadie responde.
PQR-2025T3-0969,2025-T3,2025,Corregimiento Tutunendo,Corregimiento Tutunendo,Corregimiento,Salud y atención psicosocial,Positivo,22,"La atención psicosocial me ha ayudado mucho, gracias al equipo."
PQR-2025T3-0970,2025-T3,2025,Corregimiento Tutunendo,Corregimiento Tutunendo,Corregimiento,Salud y atención psicosocial,Positivo,29,"La atención psicosocial me ha ayudado mucho, gracias al equipo."
PQR-2025T3-0971,2025-T3,2025,Corregimiento Tutunendo,Corregimiento Tutunendo,Corregimiento,Salud y atención psicosocial,Negativo,21,No hay profesionales suficientes para la atención en salud mental.
PQR-2025T3-0972,2025-T3,2025,Corregimiento Tutunendo,Corregimiento Tutunendo,Corregimiento,Salud y atención psicosocial,Neutral,26,Pregunto por el programa de atención en salud para víctimas.
PQR-2025T3-0973,2025-T3,2025,Corregimiento Tutunendo,Corregimiento Tutunendo,Corregimiento,Salud y atención psicosocial,Positivo,22,"Recibí buena orientación en salud, quedé satisfecho."
PQR-2025T3-0974,2025-T3,2025,Corregimiento Tutunendo,Corregimiento Tutunendo,Corregimiento,Salud y atención psicosocial,Negativo,27,No hay profesionales suficientes para la atención en salud mental.
PQR-2025T3-0975,2025-T3,2025,Corregimiento Tutunendo,Corregimiento Tutunendo,Corregimiento,Salud y atención psicosocial,Neutral,22,Solicito una cita de atención psicosocial para mi familia.
PQR-2025T3-0976,2025-T3,2025,Corregimiento Tutunendo,Corregimiento Tutunendo,Corregimiento,Salud y atención psicosocial,Neutral,24,Solicito una cita de atención psicosocial para mi familia.
PQR-2025T3-0977,2025-T3,2025,Corregimiento Tutunendo,Corregimiento Tutunendo,Corregimiento,Salud y atención psicosocial,Neutral,25,Pregunto por el programa de atención en salud para víctimas.
PQR-2025T3-0978,2025-T3,2025,Corregimiento Tutunendo,Corregimiento Tutunendo,Corregimiento,Educación,Negativo,26,Falta información sobre los cupos educativos para víctimas.
PQR-2025T3-0979,2025-T3,2025,Corregimiento Tutunendo,Corregimiento Tutunendo,Corregimiento,Educación,Neutral,26,Pregunto por el apoyo educativo para el próximo semestre.
PQR-2025T3-0980,2025-T3,2025,Corregimiento Tutunendo,Corregimiento Tutunendo,Corregimiento,Educación,Negativo,22,Mi hijo no ha podido acceder al beneficio educativo prometido.
PQR-2025T3-0981,2025-T3,2025,Corregimiento Tutunendo,Corregimiento Tutunendo,Corregimiento,Educación,Neutral,28,Solicito información sobre becas para estudiantes víctimas.
PQR-2025T3-0982,2025-T3,2025,Corregimiento Tutunendo,Corregimiento Tutunendo,Corregimiento,Educación,Negativo,28,Falta información sobre los cupos educativos para víctimas.
PQR-2025T3-0983,2025-T3,2025,Corregimiento Tutunendo,Corregimiento Tutunendo,Corregimiento,Educación,Positivo,21,La orientación sobre educación superior fue útil.
PQR-2025T3-0984,2025-T3,2025,Corregimiento Tutunendo,Corregimiento Tutunendo,Corregimiento,Educación,Positivo,26,"Mi hija obtuvo el apoyo educativo, muy agradecida."
PQR-2025T3-0985,2025-T3,2025,Corregimiento Tutunendo,Corregimiento Tutunendo,Corregimiento,Educación,Negativo,26,Falta información sobre los cupos educativos para víctimas.
PQR-2025T3-0986,2025-T3,2025,Corregimiento Tutunendo,Corregimiento Tutunendo,Corregimiento,Educación,Positivo,28,La orientación sobre educación superior fue útil.
PQR-2025T3-0987,2025-T3,2025,Corregimiento Tutunendo,Corregimiento Tutunendo,Corregimiento,Educación,Positivo,26,La orientación sobre educación superior fue útil.
PQR-2025T3-0988,2025-T3,2025,Corregimiento Tutunendo,Corregimiento Tutunendo,Corregimiento,Educación,Positivo,24,"Mi hija obtuvo el apoyo educativo, muy agradecida."
PQR-2025T3-0989,2025-T3,2025,Corregimiento Tutunendo,Corregimiento Tutunendo,Corregimiento,Registro / inclusión RUV,Negativo,27,Me negaron la inclusión y no me explicaron los motivos.
PQR-2025T3-0990,2025-T3,2025,Corregimiento Tutunendo,Corregimiento Tutunendo,Corregimiento,Registro / inclusión RUV,Neutral,25,Solicito información sobre mi estado en el Registro Único de Víctimas.
PQR-2025T3-0991,2025-T3,2025,Corregimiento Tutunendo,Corregimiento Tutunendo,Corregimiento,Registro / inclusión RUV,Positivo,22,"Me orientaron bien para la declaración, todo salió bien."
PQR-2025T3-0992,2025-T3,2025,Corregimiento Tutunendo,Corregimiento Tutunendo,Corregimiento,Registro / inclusión RUV,Negativo,27,Llevo meses esperando que me incluyan en el RUV y no hay respuesta.
PQR-2025T3-0993,2025-T3,2025,Corregimiento Tutunendo,Corregimiento Tutunendo,Corregimiento,Registro / inclusión RUV,Positivo,27,"Me orientaron bien para la declaración, todo salió bien."
PQR-2025T3-0994,2025-T3,2025,Corregimiento Tutunendo,Corregimiento Tutunendo,Corregimiento,Registro / inclusión RUV,Positivo,24,"Me orientaron bien para la declaración, todo salió bien."
PQR-2025T3-0995,2025-T3,2025,Corregimiento Tutunendo,Corregimiento Tutunendo,Corregimiento,Registro / inclusión RUV,Neutral,23,Solicito información sobre mi estado en el Registro Único de Víctimas.
PQR-2025T3-0996,2025-T3,2025,Corregimiento Tutunendo,Corregimiento Tutunendo,Corregimiento,Registro / inclusión RUV,Negativo,25,Llevo meses esperando que me incluyan en el RUV y no hay respuesta.
PQR-2025T3-0997,2025-T3,2025,Corregimiento Tutunendo,Corregimiento Tutunendo,Corregimiento,Registro / inclusión RUV,Positivo,25,"Ya quedé incluido en el registro, agradezco la ayuda."
PQR-2025T3-0998,2025-T3,2025,Corregimiento Tutunendo,Corregimiento Tutunendo,Corregimiento,Registro / inclusión RUV,Negativo,28,Me negaron la inclusión y no me explicaron los motivos.
PQR-2025T3-0999,2025-T3,2025,Corregimiento Tutunendo,Corregimiento Tutunendo,Corregimiento,Registro / inclusión RUV,Neutral,24,Solicito información sobre mi estado en el Registro Único de Víctimas.
PQR-2025T3-1000,2025-T3,2025,Corregimiento Tutunendo,Corregimiento Tutunendo,Corregimiento,Registro / inclusión RUV,Neutral,23,Solicito información sobre mi estado en el Registro Único de Víctimas.
PQR-2025T3-1001,2025-T3,2025,Corregimiento Tutunendo,Corregimiento Tutunendo,Corregimiento,Registro / inclusión RUV,Neutral,24,¿Qué debo hacer para actualizar mis datos en el RUV?
PQR-2025T3-1002,2025-T3,2025,Corregimiento Tutunendo,Corregimiento Tutunendo,Corregimiento,Retornos y reubicación,Positivo,23,"El acompañamiento para el retorno fue bueno, gracias."
PQR-2025T3-1003,2025-T3,2025,Corregimiento Tutunendo,Corregimiento Tutunendo,Corregimiento,Retornos y reubicación,Negativo,27,El proceso de reubicación está detenido hace tiempo.
PQR-2025T3-1004,2025-T3,2025,Corregimiento Tutunendo,Corregimiento Tutunendo,Corregimiento,Retornos y reubicación,Neutral,28,Pregunto por el plan de retorno para mi comunidad.
PQR-2025T3-1005,2025-T3,2025,Corregimiento Tutunendo,Corregimiento Tutunendo,Corregimiento,Retornos y reubicación,Positivo,28,"El acompañamiento para el retorno fue bueno, gracias."
PQR-2025T3-1006,2025-T3,2025,Corregimiento Tutunendo,Corregimiento Tutunendo,Corregimiento,Retornos y reubicación,Neutral,21,Solicito información sobre acompañamiento para reubicación.
PQR-2025T3-1007,2025-T3,2025,Corregimiento Tutunendo,Corregimiento Tutunendo,Corregimiento,Retornos y reubicación,Neutral,26,Pregunto por el plan de retorno para mi comunidad.
PQR-2025T3-1008,2025-T3,2025,Corregimiento Tutunendo,Corregimiento Tutunendo,Corregimiento,Retornos y reubicación,Positivo,24,Nos apoyaron en la reubicación de manera adecuada.
PQR-2025T3-1009,2025-T3,2025,Corregimiento Tutunendo,Corregimiento Tutunendo,Corregimiento,Retornos y reubicación,Negativo,24,Solicité apoyo para el retorno y no hay condiciones de seguridad.
PQR-2025T3-1010,2025-T3,2025,Corregimiento Tutunendo,Corregimiento Tutunendo,Corregimiento,Retornos y reubicación,Positivo,25,"El acompañamiento para el retorno fue bueno, gracias."
PQR-2025T3-1011,2025-T3,2025,Corregimiento Tutunendo,Corregimiento Tutunendo,Corregimiento,Otros trámites,Neutral,21,Solicito un certificado de mi condición de víctima.
PQR-2025T3-1012,2025-T3,2025,Corregimiento Tutunendo,Corregimiento Tutunendo,Corregimiento,Otros trámites,Neutral,22,Pregunto por el horario de atención de la oficina.
PQR-2025T3-1013,2025-T3,2025,Corregimiento Tutunendo,Corregimiento Tutunendo,Corregimiento,Otros trámites,Negativo,21,La fila de atención es muy larga y no alcanzan a atender.
PQR-2025T3-1014,2025-T3,2025,Corregimiento Tutunendo,Corregimiento Tutunendo,Corregimiento,Otros trámites,Negativo,24,La fila de atención es muy larga y no alcanzan a atender.
PQR-2025T3-1015,2025-T3,2025,Corregimiento Tutunendo,Corregimiento Tutunendo,Corregimiento,Otros trámites,Neutral,25,Pregunto por el horario de atención de la oficina.
PQR-2025T3-1016,2025-T3,2025,Corregimiento Tutunendo,Corregimiento Tutunendo,Corregimiento,Otros trámites,Negativo,28,Me han remitido de una oficina a otra sin resolver mi caso.
PQR-2025T3-1017,2025-T3,2025,Corregimiento Guayabal,Corregimiento Guayabal,Corregimiento,Ayuda humanitaria,Negativo,22,"Solicité el mercado de emergencia y nunca llegó, mi familia está pasando necesidad."
PQR-2025T3-1018,2025-T3,2025,Corregimiento Guayabal,Corregimiento Guayabal,Corregimiento,Ayuda humanitaria,Negativo,21,"Solicité el mercado de emergencia y nunca llegó, mi familia está pasando necesidad."
PQR-2025T3-1019,2025-T3,2025,Corregimiento Guayabal,Corregimiento Guayabal,Corregimiento,Ayuda humanitaria,Positivo,24,Agradezco que me entregaron la ayuda humanitaria rápidamente.
PQR-2025T3-1020,2025-T3,2025,Corregimiento Guayabal,Corregimiento Guayabal,Corregimiento,Ayuda humanitaria,Negativo,26,"Solicité el mercado de emergencia y nunca llegó, mi familia está pasando necesidad."
PQR-2025T3-1021,2025-T3,2025,Corregimiento Guayabal,Corregimiento Guayabal,Corregimiento,Ayuda humanitaria,Negativo,24,Llevo tres meses esperando la ayuda humanitaria y no me han dado respuesta.
PQR-2025T3-1022,2025-T3,2025,Corregimiento Guayabal,Corregimiento Guayabal,Corregimiento,Ayuda humanitaria,Negativo,26,"Solicité el mercado de emergencia y nunca llegó, mi familia está pasando necesidad."
PQR-2025T3-1023,2025-T3,2025,Corregimiento Guayabal,Corregimiento Guayabal,Corregimiento,Ayuda humanitaria,Negativo,24,Llevo tres meses esperando la ayuda humanitaria y no me han dado respuesta.
PQR-2025T3-1024,2025-T3,2025,Corregimiento Guayabal,Corregimiento Guayabal,Corregimiento,Ayuda humanitaria,Positivo,24,Agradezco que me entregaron la ayuda humanitaria rápidamente.
PQR-2025T3-1025,2025-T3,2025,Corregimiento Guayabal,Corregimiento Guayabal,Corregimiento,Ayuda humanitaria,Negativo,26,Llevo tres meses esperando la ayuda humanitaria y no me han dado respuesta.
PQR-2025T3-1026,2025-T3,2025,Corregimiento Guayabal,Corregimiento Guayabal,Corregimiento,Ayuda humanitaria,Neutral,27,Quisiera saber qué documentos faltan para la ayuda humanitaria.
PQR-2025T3-1027,2025-T3,2025,Corregimiento Guayabal,Corregimiento Guayabal,Corregimiento,Ayuda humanitaria,Positivo,26,"La atención para la ayuda de emergencia fue oportuna, gracias."
PQR-2025T3-1028,2025-T3,2025,Corregimiento Guayabal,Corregimiento Guayabal,Corregimiento,Ayuda humanitaria,Positivo,23,Agradezco que me entregaron la ayuda humanitaria rápidamente.
PQR-2025T3-1029,2025-T3,2025,Corregimiento Guayabal,Corregimiento Guayabal,Corregimiento,Ayuda humanitaria,Negativo,26,"Solicité el mercado de emergencia y nunca llegó, mi familia está pasando necesidad."
PQR-2025T3-1030,2025-T3,2025,Corregimiento Guayabal,Corregimiento Guayabal,Corregimiento,Ayuda humanitaria,Positivo,28,Agradezco que me entregaron la ayuda humanitaria rápidamente.
PQR-2025T3-1031,2025-T3,2025,Corregimiento Guayabal,Corregimiento Guayabal,Corregimiento,Ayuda humanitaria,Negativo,21,"Solicité el mercado de emergencia y nunca llegó, mi familia está pasando necesidad."
PQR-2025T3-1032,2025-T3,2025,Corregimiento Guayabal,Corregimiento Guayabal,Corregimiento,Ayuda humanitaria,Positivo,25,Agradezco que me entregaron la ayuda humanitaria rápidamente.
PQR-2025T3-1033,2025-T3,2025,Corregimiento Guayabal,Corregimiento Guayabal,Corregimiento,Ayuda humanitaria,Positivo,28,Agradezco que me entregaron la ayuda humanitaria rápidamente.
PQR-2025T3-1034,2025-T3,2025,Corregimiento Guayabal,Corregimiento Guayabal,Corregimiento,Ayuda humanitaria,Negativo,26,"Solicité el mercado de emergencia y nunca llegó, mi familia está pasando necesidad."
PQR-2025T3-1035,2025-T3,2025,Corregimiento Guayabal,Corregimiento Guayabal,Corregimiento,Ayuda humanitaria,Positivo,22,"La atención para la ayuda de emergencia fue oportuna, gracias."
PQR-2025T3-1036,2025-T3,2025,Corregimiento Guayabal,Corregimiento Guayabal,Corregimiento,Indemnización / reparación,Negativo,29,"Fui incluido hace años y todavía no me llega la indemnización, es una injusticia."
PQR-2025T3-1037,2025-T3,2025,Corregimiento Guayabal,Corregimiento Guayabal,Corregimiento,Indemnización / reparación,Neutral,22,Solicito información sobre el turno de mi indemnización administrativa.
PQR-2025T3-1038,2025-T3,2025,Corregimiento Guayabal,Corregimiento Guayabal,Corregimiento,Indemnización / reparación,Negativo,24,"Fui incluido hace años y todavía no me llega la indemnización, es una injusticia."
PQR-2025T3-1039,2025-T3,2025,Corregimiento Guayabal,Corregimiento Guayabal,Corregimiento,Indemnización / reparación,Negativo,23,No entiendo por qué a otros ya les pagaron la reparación y a mí no.
PQR-2025T3-1040,2025-T3,2025,Corregimiento Guayabal,Corregimiento Guayabal,Corregimiento,Indemnización / reparación,Negativo,28,No entiendo por qué a otros ya les pagaron la reparación y a mí no.
PQR-2025T3-1041,2025-T3,2025,Corregimiento Guayabal,Corregimiento Guayabal,Corregimiento,Indemnización / reparación,Negativo,21,"Fui incluido hace años y todavía no me llega la indemnización, es una injusticia."
PQR-2025T3-1042,2025-T3,2025,Corregimiento Guayabal,Corregimiento Guayabal,Corregimiento,Indemnización / reparación,Neutral,26,Solicito información sobre el turno de mi indemnización administrativa.
PQR-2025T3-1043,2025-T3,2025,Corregimiento Guayabal,Corregimiento Guayabal,Corregimiento,Indemnización / reparación,Negativo,28,No entiendo por qué a otros ya les pagaron la reparación y a mí no.
PQR-2025T3-1044,2025-T3,2025,Corregimiento Guayabal,Corregimiento Guayabal,Corregimiento,Indemnización / reparación,Negativo,23,"Fui incluido hace años y todavía no me llega la indemnización, es una injusticia."
PQR-2025T3-1045,2025-T3,2025,Corregimiento Guayabal,Corregimiento Guayabal,Corregimiento,Indemnización / reparación,Negativo,21,"Fui incluido hace años y todavía no me llega la indemnización, es una injusticia."
PQR-2025T3-1046,2025-T3,2025,Corregimiento Guayabal,Corregimiento Guayabal,Corregimiento,Indemnización / reparación,Positivo,25,"Por fin recibí la indemnización, agradezco la gestión de la oficina."
PQR-2025T3-1047,2025-T3,2025,Corregimiento Guayabal,Corregimiento Guayabal,Corregimiento,Indemnización / reparación,Negativo,28,"Fui incluido hace años y todavía no me llega la indemnización, es una injusticia."
PQR-2025T3-1048,2025-T3,2025,Corregimiento Guayabal,Corregimiento Guayabal,Corregimiento,Indemnización / reparación,Negativo,28,No entiendo por qué a otros ya les pagaron la reparación y a mí no.
PQR-2025T3-1049,2025-T3,2025,Corregimiento Guayabal,Corregimiento Guayabal,Corregimiento,Indemnización / reparación,Neutral,26,Solicito información sobre el turno de mi indemnización administrativa.
PQR-2025T3-1050,2025-T3,2025,Corregimiento Guayabal,Corregimiento Guayabal,Corregimiento,Vivienda,Negativo,24,La casa que me asignaron tiene problemas y nadie responde.
PQR-2025T3-1051,2025-T3,2025,Corregimiento Guayabal,Corregimiento Guayabal,Corregimiento,Vivienda,Neutral,25,Solicito información sobre el subsidio de mejoramiento de vivienda.
PQR-2025T3-1052,2025-T3,2025,Corregimiento Guayabal,Corregimiento Guayabal,Corregimiento,Vivienda,Neutral,24,Pregunto por las convocatorias de vivienda para población víctima.
PQR-2025T3-1053,2025-T3,2025,Corregimiento Guayabal,Corregimiento Guayabal,Corregimiento,Vivienda,Negativo,26,Postulé al subsidio de vivienda y me rechazaron sin explicación clara.
PQR-2025T3-1054,2025-T3,2025,Corregimiento Guayabal,Corregimiento Guayabal,Corregimiento,Vivienda,Neutral,24,Pregunto por las convocatorias de vivienda para población víctima.
PQR-2025T3-1055,2025-T3,2025,Corregimiento Guayabal,Corregimiento Guayabal,Corregimiento,Vivienda,Neutral,21,Pregunto por las convocatorias de vivienda para población víctima.
PQR-2025T3-1056,2025-T3,2025,Corregimiento Guayabal,Corregimiento Guayabal,Corregimiento,Vivienda,Positivo,26,"Me asignaron la vivienda, muy agradecido con el acompañamiento."
PQR-2025T3-1057,2025-T3,2025,Corregimiento Guayabal,Corregimiento Guayabal,Corregimiento,Vivienda,Negativo,22,Postulé al subsidio de vivienda y me rechazaron sin explicación clara.
PQR-2025T3-1058,2025-T3,2025,Corregimiento Guayabal,Corregimiento Guayabal,Corregimiento,Vivienda,Positivo,28,"Me asignaron la vivienda, muy agradecido con el acompañamiento."
PQR-2025T3-1059,2025-T3,2025,Corregimiento Guayabal,Corregimiento Guayabal,Corregimiento,Vivienda,Negativo,22,La casa que me asignaron tiene problemas y nadie responde.
PQR-2025T3-1060,2025-T3,2025,Corregimiento Guayabal,Corregimiento Guayabal,Corregimiento,Vivienda,Neutral,23,Solicito información sobre el subsidio de mejoramiento de vivienda.
PQR-2025T3-1061,2025-T3,2025,Corregimiento Guayabal,Corregimiento Guayabal,Corregimiento,Vivienda,Negativo,27,Postulé al subsidio de vivienda y me rechazaron sin explicación clara.
PQR-2025T3-1062,2025-T3,2025,Corregimiento Guayabal,Corregimiento Guayabal,Corregimiento,Vivienda,Negativo,28,La casa que me asignaron tiene problemas y nadie responde.
PQR-2025T3-1063,2025-T3,2025,Corregimiento Guayabal,Corregimiento Guayabal,Corregimiento,Vivienda,Negativo,24,Postulé al subsidio de vivienda y me rechazaron sin explicación clara.
PQR-2025T3-1064,2025-T3,2025,Corregimiento Guayabal,Corregimiento Guayabal,Corregimiento,Vivienda,Negativo,23,La casa que me asignaron tiene problemas y nadie responde.
PQR-2025T3-1065,2025-T3,2025,Corregimiento Guayabal,Corregimiento Guayabal,Corregimiento,Vivienda,Neutral,24,Solicito información sobre el subsidio de mejoramiento de vivienda.
PQR-2025T3-1066,2025-T3,2025,Corregimiento Guayabal,Corregimiento Guayabal,Corregimiento,Vivienda,Negativo,24,Postulé al subsidio de vivienda y me rechazaron sin explicación clara.
PQR-2025T3-1067,2025-T3,2025,Corregimiento Guayabal,Corregimiento Guayabal,Corregimiento,Vivienda,Positivo,21,El proceso de postulación a vivienda fue claro.
PQR-2025T3-1068,2025-T3,2025,Corregimiento Guayabal,Corregimiento Guayabal,Corregimiento,Vivienda,Positivo,25,"Me asignaron la vivienda, muy agradecido con el acompañamiento."
PQR-2025T3-1069,2025-T3,2025,Corregimiento Guayabal,Corregimiento Guayabal,Corregimiento,Vivienda,Negativo,26,Postulé al subsidio de vivienda y me rechazaron sin explicación clara.
PQR-2025T3-1070,2025-T3,2025,Corregimiento Guayabal,Corregimiento Guayabal,Corregimiento,Vivienda,Neutral,27,Solicito información sobre el subsidio de mejoramiento de vivienda.
PQR-2025T3-1071,2025-T3,2025,Corregimiento Guayabal,Corregimiento Guayabal,Corregimiento,Vivienda,Neutral,27,Pregunto por las convocatorias de vivienda para población víctima.
PQR-2025T3-1072,2025-T3,2025,Corregimiento Guayabal,Corregimiento Guayabal,Corregimiento,Vivienda,Negativo,21,La casa que me asignaron tiene problemas y nadie responde.
PQR-2025T3-1073,2025-T3,2025,Corregimiento Guayabal,Corregimiento Guayabal,Corregimiento,Salud y atención psicosocial,Negativo,23,Necesito atención psicosocial y me dan citas para dentro de meses.
PQR-2025T3-1074,2025-T3,2025,Corregimiento Guayabal,Corregimiento Guayabal,Corregimiento,Salud y atención psicosocial,Positivo,25,"Recibí buena orientación en salud, quedé satisfecho."
PQR-2025T3-1075,2025-T3,2025,Corregimiento Guayabal,Corregimiento Guayabal,Corregimiento,Salud y atención psicosocial,Negativo,25,Necesito atención psicosocial y me dan citas para dentro de meses.
PQR-2025T3-1076,2025-T3,2025,Corregimiento Guayabal,Corregimiento Guayabal,Corregimiento,Salud y atención psicosocial,Positivo,25,"La atención psicosocial me ha ayudado mucho, gracias al equipo."
PQR-2025T3-1077,2025-T3,2025,Corregimiento Guayabal,Corregimiento Guayabal,Corregimiento,Salud y atención psicosocial,Neutral,25,Solicito una cita de atención psicosocial para mi familia.
PQR-2025T3-1078,2025-T3,2025,Corregimiento Guayabal,Corregimiento Guayabal,Corregimiento,Salud y atención psicosocial,Positivo,26,"La atención psicosocial me ha ayudado mucho, gracias al equipo."
PQR-2025T3-1079,2025-T3,2025,Corregimiento Guayabal,Corregimiento Guayabal,Corregimiento,Salud y atención psicosocial,Neutral,23,Solicito una cita de atención psicosocial para mi familia.
PQR-2025T3-1080,2025-T3,2025,Corregimiento Guayabal,Corregimiento Guayabal,Corregimiento,Salud y atención psicosocial,Negativo,28,No hay profesionales suficientes para la atención en salud mental.
PQR-2025T3-1081,2025-T3,2025,Corregimiento Guayabal,Corregimiento Guayabal,Corregimiento,Salud y atención psicosocial,Negativo,27,Necesito atención psicosocial y me dan citas para dentro de meses.
PQR-2025T3-1082,2025-T3,2025,Corregimiento Guayabal,Corregimiento Guayabal,Corregimiento,Salud y atención psicosocial,Positivo,23,"La atención psicosocial me ha ayudado mucho, gracias al equipo."
PQR-2025T3-1083,2025-T3,2025,Corregimiento Guayabal,Corregimiento Guayabal,Corregimiento,Salud y atención psicosocial,Negativo,23,Necesito atención psicosocial y me dan citas para dentro de meses.
PQR-2025T3-1084,2025-T3,2025,Corregimiento Guayabal,Corregimiento Guayabal,Corregimiento,Salud y atención psicosocial,Neutral,25,Solicito una cita de atención psicosocial para mi familia.
PQR-2025T3-1085,2025-T3,2025,Corregimiento Guayabal,Corregimiento Guayabal,Corregimiento,Salud y atención psicosocial,Neutral,22,Solicito una cita de atención psicosocial para mi familia.
PQR-2025T3-1086,2025-T3,2025,Corregimiento Guayabal,Corregimiento Guayabal,Corregimiento,Salud y atención psicosocial,Negativo,25,No hay profesionales suficientes para la atención en salud mental.
PQR-2025T3-1087,2025-T3,2025,Corregimiento Guayabal,Corregimiento Guayabal,Corregimiento,Salud y atención psicosocial,Neutral,26,Solicito una cita de atención psicosocial para mi familia.
PQR-2025T3-1088,2025-T3,2025,Corregimiento Guayabal,Corregimiento Guayabal,Corregimiento,Educación,Neutral,24,Pregunto por el apoyo educativo para el próximo semestre.
PQR-2025T3-1089,2025-T3,2025,Corregimiento Guayabal,Corregimiento Guayabal,Corregimiento,Educación,Negativo,21,Mi hijo no ha podido acceder al beneficio educativo prometido.
PQR-2025T3-1090,2025-T3,2025,Corregimiento Guayabal,Corregimiento Guayabal,Corregimiento,Educación,Neutral,28,Pregunto por el apoyo educativo para el próximo semestre.
PQR-2025T3-1091,2025-T3,2025,Corregimiento Guayabal,Corregimiento Guayabal,Corregimiento,Educación,Positivo,27,La orientación sobre educación superior fue útil.
PQR-2025T3-1092,2025-T3,2025,Corregimiento Guayabal,Corregimiento Guayabal,Corregimiento,Educación,Positivo,25,La orientación sobre educación superior fue útil.
PQR-2025T3-1093,2025-T3,2025,Corregimiento Guayabal,Corregimiento Guayabal,Corregimiento,Educación,Negativo,25,Mi hijo no ha podido acceder al beneficio educativo prometido.
PQR-2025T3-1094,2025-T3,2025,Corregimiento Guayabal,Corregimiento Guayabal,Corregimiento,Registro / inclusión RUV,Negativo,28,Me negaron la inclusión y no me explicaron los motivos.
PQR-2025T3-1095,2025-T3,2025,Corregimiento Guayabal,Corregimiento Guayabal,Corregimiento,Registro / inclusión RUV,Neutral,26,¿Qué debo hacer para actualizar mis datos en el RUV?
PQR-2025T3-1096,2025-T3,2025,Corregimiento Guayabal,Corregimiento Guayabal,Corregimiento,Registro / inclusión RUV,Negativo,23,Llevo meses esperando que me incluyan en el RUV y no hay respuesta.
PQR-2025T3-1097,2025-T3,2025,Corregimiento Guayabal,Corregimiento Guayabal,Corregimiento,Registro / inclusión RUV,Negativo,25,Llevo meses esperando que me incluyan en el RUV y no hay respuesta.
PQR-2025T3-1098,2025-T3,2025,Corregimiento Guayabal,Corregimiento Guayabal,Corregimiento,Registro / inclusión RUV,Negativo,23,Llevo meses esperando que me incluyan en el RUV y no hay respuesta.
PQR-2025T3-1099,2025-T3,2025,Corregimiento Guayabal,Corregimiento Guayabal,Corregimiento,Registro / inclusión RUV,Negativo,23,Llevo meses esperando que me incluyan en el RUV y no hay respuesta.
PQR-2025T3-1100,2025-T3,2025,Corregimiento Guayabal,Corregimiento Guayabal,Corregimiento,Registro / inclusión RUV,Negativo,24,Llevo meses esperando que me incluyan en el RUV y no hay respuesta.
PQR-2025T3-1101,2025-T3,2025,Corregimiento Guayabal,Corregimiento Guayabal,Corregimiento,Registro / inclusión RUV,Negativo,25,Me negaron la inclusión y no me explicaron los motivos.
PQR-2025T3-1102,2025-T3,2025,Corregimiento Guayabal,Corregimiento Guayabal,Corregimiento,Registro / inclusión RUV,Negativo,26,Llevo meses esperando que me incluyan en el RUV y no hay respuesta.
PQR-2025T3-1103,2025-T3,2025,Corregimiento Guayabal,Corregimiento Guayabal,Corregimiento,Registro / inclusión RUV,Neutral,22,¿Qué debo hacer para actualizar mis datos en el RUV?
PQR-2025T3-1104,2025-T3,2025,Corregimiento Guayabal,Corregimiento Guayabal,Corregimiento,Registro / inclusión RUV,Negativo,27,Llevo meses esperando que me incluyan en el RUV y no hay respuesta.
PQR-2025T3-1105,2025-T3,2025,Corregimiento Guayabal,Corregimiento Guayabal,Corregimiento,Registro / inclusión RUV,Negativo,22,Me negaron la inclusión y no me explicaron los motivos.
PQR-2025T3-1106,2025-T3,2025,Corregimiento Guayabal,Corregimiento Guayabal,Corregimiento,Registro / inclusión RUV,Negativo,26,Llevo meses esperando que me incluyan en el RUV y no hay respuesta.
PQR-2025T3-1107,2025-T3,2025,Corregimiento Guayabal,Corregimiento Guayabal,Corregimiento,Registro / inclusión RUV,Neutral,21,Solicito información sobre mi estado en el Registro Único de Víctimas.
PQR-2025T3-1108,2025-T3,2025,Corregimiento Guayabal,Corregimiento Guayabal,Corregimiento,Registro / inclusión RUV,Positivo,24,"Me orientaron bien para la declaración, todo salió bien."
PQR-2025T3-1109,2025-T3,2025,Corregimiento Guayabal,Corregimiento Guayabal,Corregimiento,Registro / inclusión RUV,Positivo,24,"Ya quedé incluido en el registro, agradezco la ayuda."
PQR-2025T3-1110,2025-T3,2025,Corregimiento Guayabal,Corregimiento Guayabal,Corregimiento,Registro / inclusión RUV,Positivo,27,"Ya quedé incluido en el registro, agradezco la ayuda."
PQR-2025T3-1111,2025-T3,2025,Corregimiento Guayabal,Corregimiento Guayabal,Corregimiento,Retornos y reubicación,Negativo,28,El proceso de reubicación está detenido hace tiempo.
PQR-2025T3-1112,2025-T3,2025,Corregimiento Guayabal,Corregimiento Guayabal,Corregimiento,Retornos y reubicación,Negativo,23,Solicité apoyo para el retorno y no hay condiciones de seguridad.
PQR-2025T3-1113,2025-T3,2025,Corregimiento Guayabal,Corregimiento Guayabal,Corregimiento,Retornos y reubicación,Neutral,27,Pregunto por el plan de retorno para mi comunidad.
PQR-2025T3-1114,2025-T3,2025,Corregimiento Guayabal,Corregimiento Guayabal,Corregimiento,Retornos y reubicación,Neutral,22,Solicito información sobre acompañamiento para reubicación.
PQR-2025T3-1115,2025-T3,2025,Corregimiento Guayabal,Corregimiento Guayabal,Corregimiento,Retornos y reubicación,Neutral,23,Solicito información sobre acompañamiento para reubicación.
PQR-2025T3-1116,2025-T3,2025,Corregimiento Guayabal,Corregimiento Guayabal,Corregimiento,Retornos y reubicación,Negativo,23,Solicité apoyo para el retorno y no hay condiciones de seguridad.
PQR-2025T3-1117,2025-T3,2025,Corregimiento Guayabal,Corregimiento Guayabal,Corregimiento,Retornos y reubicación,Negativo,28,El proceso de reubicación está detenido hace tiempo.
PQR-2025T3-1118,2025-T3,2025,Corregimiento Guayabal,Corregimiento Guayabal,Corregimiento,Retornos y reubicación,Negativo,22,El proceso de reubicación está detenido hace tiempo.
PQR-2025T3-1119,2025-T3,2025,Corregimiento Guayabal,Corregimiento Guayabal,Corregimiento,Retornos y reubicación,Neutral,25,Pregunto por el plan de retorno para mi comunidad.
PQR-2025T3-1120,2025-T3,2025,Corregimiento Guayabal,Corregimiento Guayabal,Corregimiento,Otros trámites,Negativo,29,La fila de atención es muy larga y no alcanzan a atender.
PQR-2025T3-1121,2025-T3,2025,Corregimiento Guayabal,Corregimiento Guayabal,Corregimiento,Otros trámites,Neutral,28,Pregunto por el horario de atención de la oficina.
PQR-2025T3-1122,2025-T3,2025,Corregimiento Guayabal,Corregimiento Guayabal,Corregimiento,Otros trámites,Negativo,28,La fila de atención es muy larga y no alcanzan a atender.
PQR-2025T3-1123,2025-T3,2025,Corregimiento Guayabal,Corregimiento Guayabal,Corregimiento,Otros trámites,Negativo,25,La fila de atención es muy larga y no alcanzan a atender.
PQR-2025T3-1124,2025-T3,2025,Corregimiento Guayabal,Corregimiento Guayabal,Corregimiento,Otros trámites,Negativo,24,Me han remitido de una oficina a otra sin resolver mi caso.
PQR-2025T3-1125,2025-T3,2025,Corregimiento Guayabal,Corregimiento Guayabal,Corregimiento,Otros trámites,Positivo,25,Me resolvieron el trámite sin complicaciones.
PQR-2025T3-1126,2025-T3,2025,Corregimiento Guayabal,Corregimiento Guayabal,Corregimiento,Otros trámites,Positivo,23,Me resolvieron el trámite sin complicaciones.
PQR-2025T3-1127,2025-T3,2025,Corregimiento Guayabal,Corregimiento Guayabal,Corregimiento,Otros trámites,Neutral,29,Solicito un certificado de mi condición de víctima.
PQR-2025T3-1128,2025-T3,2025,Corregimiento Guayabal,Corregimiento Guayabal,Corregimiento,Otros trámites,Neutral,26,Pregunto por el horario de atención de la oficina.
PQR-2025T4-1129,2025-T4,2025,Comuna 1 (Centro),Comuna 1,Comuna,Ayuda humanitaria,Positivo,14,Agradezco que me entregaron la ayuda humanitaria rápidamente.
PQR-2025T4-1130,2025-T4,2025,Comuna 1 (Centro),Comuna 1,Comuna,Ayuda humanitaria,Negativo,19,Llevo tres meses esperando la ayuda humanitaria y no me han dado respuesta.
PQR-2025T4-1131,2025-T4,2025,Comuna 1 (Centro),Comuna 1,Comuna,Ayuda humanitaria,Negativo,15,"Solicité el mercado de emergencia y nunca llegó, mi familia está pasando necesidad."
PQR-2025T4-1132,2025-T4,2025,Comuna 1 (Centro),Comuna 1,Comuna,Ayuda humanitaria,Positivo,15,Agradezco que me entregaron la ayuda humanitaria rápidamente.
PQR-2025T4-1133,2025-T4,2025,Comuna 1 (Centro),Comuna 1,Comuna,Ayuda humanitaria,Positivo,18,Agradezco que me entregaron la ayuda humanitaria rápidamente.
PQR-2025T4-1134,2025-T4,2025,Comuna 1 (Centro),Comuna 1,Comuna,Ayuda humanitaria,Neutral,17,Quisiera saber qué documentos faltan para la ayuda humanitaria.
PQR-2025T4-1135,2025-T4,2025,Comuna 1 (Centro),Comuna 1,Comuna,Ayuda humanitaria,Negativo,19,"Solicité el mercado de emergencia y nunca llegó, mi familia está pasando necesidad."
PQR-2025T4-1136,2025-T4,2025,Comuna 1 (Centro),Comuna 1,Comuna,Ayuda humanitaria,Neutral,18,Quisiera saber qué documentos faltan para la ayuda humanitaria.
PQR-2025T4-1137,2025-T4,2025,Comuna 1 (Centro),Comuna 1,Comuna,Ayuda humanitaria,Neutral,20,Pregunto por el estado de mi solicitud de ayuda humanitaria inmediata.
PQR-2025T4-1138,2025-T4,2025,Comuna 1 (Centro),Comuna 1,Comuna,Ayuda humanitaria,Neutral,15,Pregunto por el estado de mi solicitud de ayuda humanitaria inmediata.
PQR-2025T4-1139,2025-T4,2025,Comuna 1 (Centro),Comuna 1,Comuna,Ayuda humanitaria,Negativo,14,Llevo tres meses esperando la ayuda humanitaria y no me han dado respuesta.
PQR-2025T4-1140,2025-T4,2025,Comuna 1 (Centro),Comuna 1,Comuna,Ayuda humanitaria,Negativo,14,Llevo tres meses esperando la ayuda humanitaria y no me han dado respuesta.
PQR-2025T4-1141,2025-T4,2025,Comuna 1 (Centro),Comuna 1,Comuna,Ayuda humanitaria,Negativo,18,Llevo tres meses esperando la ayuda humanitaria y no me han dado respuesta.
PQR-2025T4-1142,2025-T4,2025,Comuna 1 (Centro),Comuna 1,Comuna,Ayuda humanitaria,Negativo,13,"Solicité el mercado de emergencia y nunca llegó, mi familia está pasando necesidad."
PQR-2025T4-1143,2025-T4,2025,Comuna 1 (Centro),Comuna 1,Comuna,Ayuda humanitaria,Neutral,13,Quisiera saber qué documentos faltan para la ayuda humanitaria.
PQR-2025T4-1144,2025-T4,2025,Comuna 1 (Centro),Comuna 1,Comuna,Ayuda humanitaria,Positivo,15,Agradezco que me entregaron la ayuda humanitaria rápidamente.
PQR-2025T4-1145,2025-T4,2025,Comuna 1 (Centro),Comuna 1,Comuna,Ayuda humanitaria,Negativo,19,Llevo tres meses esperando la ayuda humanitaria y no me han dado respuesta.
PQR-2025T4-1146,2025-T4,2025,Comuna 1 (Centro),Comuna 1,Comuna,Ayuda humanitaria,Neutral,13,Pregunto por el estado de mi solicitud de ayuda humanitaria inmediata.
PQR-2025T4-1147,2025-T4,2025,Comuna 1 (Centro),Comuna 1,Comuna,Ayuda humanitaria,Neutral,14,Quisiera saber qué documentos faltan para la ayuda humanitaria.
PQR-2025T4-1148,2025-T4,2025,Comuna 1 (Centro),Comuna 1,Comuna,Ayuda humanitaria,Positivo,15,"La atención para la ayuda de emergencia fue oportuna, gracias."
PQR-2025T4-1149,2025-T4,2025,Comuna 1 (Centro),Comuna 1,Comuna,Ayuda humanitaria,Neutral,19,Quisiera saber qué documentos faltan para la ayuda humanitaria.
PQR-2025T4-1150,2025-T4,2025,Comuna 1 (Centro),Comuna 1,Comuna,Ayuda humanitaria,Positivo,18,"La atención para la ayuda de emergencia fue oportuna, gracias."
PQR-2025T4-1151,2025-T4,2025,Comuna 1 (Centro),Comuna 1,Comuna,Ayuda humanitaria,Positivo,13,"La atención para la ayuda de emergencia fue oportuna, gracias."
PQR-2025T4-1152,2025-T4,2025,Comuna 1 (Centro),Comuna 1,Comuna,Ayuda humanitaria,Positivo,14,Agradezco que me entregaron la ayuda humanitaria rápidamente.
PQR-2025T4-1153,2025-T4,2025,Comuna 1 (Centro),Comuna 1,Comuna,Ayuda humanitaria,Negativo,18,"Solicité el mercado de emergencia y nunca llegó, mi familia está pasando necesidad."
PQR-2025T4-1154,2025-T4,2025,Comuna 1 (Centro),Comuna 1,Comuna,Ayuda humanitaria,Negativo,19,Llevo tres meses esperando la ayuda humanitaria y no me han dado respuesta.
PQR-2025T4-1155,2025-T4,2025,Comuna 1 (Centro),Comuna 1,Comuna,Ayuda humanitaria,Positivo,19,"La atención para la ayuda de emergencia fue oportuna, gracias."
PQR-2025T4-1156,2025-T4,2025,Comuna 1 (Centro),Comuna 1,Comuna,Ayuda humanitaria,Neutral,18,Pregunto por el estado de mi solicitud de ayuda humanitaria inmediata.
PQR-2025T4-1157,2025-T4,2025,Comuna 1 (Centro),Comuna 1,Comuna,Ayuda humanitaria,Negativo,13,"Solicité el mercado de emergencia y nunca llegó, mi familia está pasando necesidad."
PQR-2025T4-1158,2025-T4,2025,Comuna 1 (Centro),Comuna 1,Comuna,Ayuda humanitaria,Positivo,14,"La atención para la ayuda de emergencia fue oportuna, gracias."
PQR-2025T4-1159,2025-T4,2025,Comuna 1 (Centro),Comuna 1,Comuna,Ayuda humanitaria,Negativo,16,"Solicité el mercado de emergencia y nunca llegó, mi familia está pasando necesidad."
PQR-2025T4-1160,2025-T4,2025,Comuna 1 (Centro),Comuna 1,Comuna,Ayuda humanitaria,Neutral,18,Pregunto por el estado de mi solicitud de ayuda humanitaria inmediata.
PQR-2025T4-1161,2025-T4,2025,Comuna 1 (Centro),Comuna 1,Comuna,Ayuda humanitaria,Negativo,13,Llevo tres meses esperando la ayuda humanitaria y no me han dado respuesta.
PQR-2025T4-1162,2025-T4,2025,Comuna 1 (Centro),Comuna 1,Comuna,Ayuda humanitaria,Negativo,17,"Solicité el mercado de emergencia y nunca llegó, mi familia está pasando necesidad."
PQR-2025T4-1163,2025-T4,2025,Comuna 1 (Centro),Comuna 1,Comuna,Ayuda humanitaria,Positivo,15,Agradezco que me entregaron la ayuda humanitaria rápidamente.
PQR-2025T4-1164,2025-T4,2025,Comuna 1 (Centro),Comuna 1,Comuna,Indemnización / reparación,Negativo,13,No entiendo por qué a otros ya les pagaron la reparación y a mí no.
PQR-2025T4-1165,2025-T4,2025,Comuna 1 (Centro),Comuna 1,Comuna,Indemnización / reparación,Neutral,13,Solicito información sobre el turno de mi indemnización administrativa.
PQR-2025T4-1166,2025-T4,2025,Comuna 1 (Centro),Comuna 1,Comuna,Indemnización / reparación,Negativo,17,"Fui incluido hace años y todavía no me llega la indemnización, es una injusticia."
PQR-2025T4-1167,2025-T4,2025,Comuna 1 (Centro),Comuna 1,Comuna,Indemnización / reparación,Negativo,14,"Fui incluido hace años y todavía no me llega la indemnización, es una injusticia."
PQR-2025T4-1168,2025-T4,2025,Comuna 1 (Centro),Comuna 1,Comuna,Indemnización / reparación,Neutral,18,¿Cómo consulto el estado de mi proceso de reparación?
PQR-2025T4-1169,2025-T4,2025,Comuna 1 (Centro),Comuna 1,Comuna,Indemnización / reparación,Negativo,18,"Fui incluido hace años y todavía no me llega la indemnización, es una injusticia."
PQR-2025T4-1170,2025-T4,2025,Comuna 1 (Centro),Comuna 1,Comuna,Indemnización / reparación,Negativo,20,No entiendo por qué a otros ya les pagaron la reparación y a mí no.
PQR-2025T4-1171,2025-T4,2025,Comuna 1 (Centro),Comuna 1,Comuna,Indemnización / reparación,Negativo,18,No entiendo por qué a otros ya les pagaron la reparación y a mí no.
PQR-2025T4-1172,2025-T4,2025,Comuna 1 (Centro),Comuna 1,Comuna,Indemnización / reparación,Negativo,15,No entiendo por qué a otros ya les pagaron la reparación y a mí no.
PQR-2025T4-1173,2025-T4,2025,Comuna 1 (Centro),Comuna 1,Comuna,Indemnización / reparación,Negativo,13,"Fui incluido hace años y todavía no me llega la indemnización, es una injusticia."
PQR-2025T4-1174,2025-T4,2025,Comuna 1 (Centro),Comuna 1,Comuna,Indemnización / reparación,Neutral,18,¿Cómo consulto el estado de mi proceso de reparación?
PQR-2025T4-1175,2025-T4,2025,Comuna 1 (Centro),Comuna 1,Comuna,Indemnización / reparación,Neutral,13,¿Cómo consulto el estado de mi proceso de reparación?
PQR-2025T4-1176,2025-T4,2025,Comuna 1 (Centro),Comuna 1,Comuna,Indemnización / reparación,Neutral,16,¿Cómo consulto el estado de mi proceso de reparación?
PQR-2025T4-1177,2025-T4,2025,Comuna 1 (Centro),Comuna 1,Comuna,Indemnización / reparación,Neutral,15,¿Cómo consulto el estado de mi proceso de reparación?
PQR-2025T4-1178,2025-T4,2025,Comuna 1 (Centro),Comuna 1,Comuna,Indemnización / reparación,Negativo,18,No entiendo por qué a otros ya les pagaron la reparación y a mí no.
PQR-2025T4-1179,2025-T4,2025,Comuna 1 (Centro),Comuna 1,Comuna,Indemnización / reparación,Neutral,16,¿Cómo consulto el estado de mi proceso de reparación?
PQR-2025T4-1180,2025-T4,2025,Comuna 1 (Centro),Comuna 1,Comuna,Indemnización / reparación,Negativo,14,"Fui incluido hace años y todavía no me llega la indemnización, es una injusticia."
PQR-2025T4-1181,2025-T4,2025,Comuna 1 (Centro),Comuna 1,Comuna,Indemnización / reparación,Negativo,20,No entiendo por qué a otros ya les pagaron la reparación y a mí no.
PQR-2025T4-1182,2025-T4,2025,Comuna 1 (Centro),Comuna 1,Comuna,Indemnización / reparación,Neutral,19,¿Cómo consulto el estado de mi proceso de reparación?
PQR-2025T4-1183,2025-T4,2025,Comuna 1 (Centro),Comuna 1,Comuna,Indemnización / reparación,Negativo,20,No entiendo por qué a otros ya les pagaron la reparación y a mí no.
PQR-2025T4-1184,2025-T4,2025,Comuna 1 (Centro),Comuna 1,Comuna,Indemnización / reparación,Negativo,15,No entiendo por qué a otros ya les pagaron la reparación y a mí no.
PQR-2025T4-1185,2025-T4,2025,Comuna 1 (Centro),Comuna 1,Comuna,Indemnización / reparación,Negativo,15,"Fui incluido hace años y todavía no me llega la indemnización, es una injusticia."
PQR-2025T4-1186,2025-T4,2025,Comuna 1 (Centro),Comuna 1,Comuna,Indemnización / reparación,Negativo,16,"Fui incluido hace años y todavía no me llega la indemnización, es una injusticia."
PQR-2025T4-1187,2025-T4,2025,Comuna 1 (Centro),Comuna 1,Comuna,Indemnización / reparación,Neutral,16,Solicito información sobre el turno de mi indemnización administrativa.
PQR-2025T4-1188,2025-T4,2025,Comuna 1 (Centro),Comuna 1,Comuna,Indemnización / reparación,Neutral,17,Solicito información sobre el turno de mi indemnización administrativa.
PQR-2025T4-1189,2025-T4,2025,Comuna 1 (Centro),Comuna 1,Comuna,Indemnización / reparación,Negativo,14,No entiendo por qué a otros ya les pagaron la reparación y a mí no.
PQR-2025T4-1190,2025-T4,2025,Comuna 1 (Centro),Comuna 1,Comuna,Vivienda,Negativo,14,La casa que me asignaron tiene problemas y nadie responde.
PQR-2025T4-1191,2025-T4,2025,Comuna 1 (Centro),Comuna 1,Comuna,Vivienda,Negativo,16,La casa que me asignaron tiene problemas y nadie responde.
PQR-2025T4-1192,2025-T4,2025,Comuna 1 (Centro),Comuna 1,Comuna,Vivienda,Positivo,16,El proceso de postulación a vivienda fue claro.
PQR-2025T4-1193,2025-T4,2025,Comuna 1 (Centro),Comuna 1,Comuna,Vivienda,Negativo,18,La casa que me asignaron tiene problemas y nadie responde.
PQR-2025T4-1194,2025-T4,2025,Comuna 1 (Centro),Comuna 1,Comuna,Vivienda,Positivo,18,El proceso de postulación a vivienda fue claro.
PQR-2025T4-1195,2025-T4,2025,Comuna 1 (Centro),Comuna 1,Comuna,Vivienda,Negativo,16,Postulé al subsidio de vivienda y me rechazaron sin explicación clara.
PQR-2025T4-1196,2025-T4,2025,Comuna 1 (Centro),Comuna 1,Comuna,Vivienda,Positivo,14,"Me asignaron la vivienda, muy agradecido con el acompañamiento."
PQR-2025T4-1197,2025-T4,2025,Comuna 1 (Centro),Comuna 1,Comuna,Vivienda,Negativo,16,La casa que me asignaron tiene problemas y nadie responde.
PQR-2025T4-1198,2025-T4,2025,Comuna 1 (Centro),Comuna 1,Comuna,Vivienda,Positivo,16,"Me asignaron la vivienda, muy agradecido con el acompañamiento."
PQR-2025T4-1199,2025-T4,2025,Comuna 1 (Centro),Comuna 1,Comuna,Vivienda,Negativo,16,La casa que me asignaron tiene problemas y nadie responde.
PQR-2025T4-1200,2025-T4,2025,Comuna 1 (Centro),Comuna 1,Comuna,Vivienda,Negativo,17,La casa que me asignaron tiene problemas y nadie responde.
PQR-2025T4-1201,2025-T4,2025,Comuna 1 (Centro),Comuna 1,Comuna,Vivienda,Neutral,19,Solicito información sobre el subsidio de mejoramiento de vivienda.
PQR-2025T4-1202,2025-T4,2025,Comuna 1 (Centro),Comuna 1,Comuna,Salud y atención psicosocial,Negativo,14,No hay profesionales suficientes para la atención en salud mental.
PQR-2025T4-1203,2025-T4,2025,Comuna 1 (Centro),Comuna 1,Comuna,Salud y atención psicosocial,Positivo,16,"Recibí buena orientación en salud, quedé satisfecho."
PQR-2025T4-1204,2025-T4,2025,Comuna 1 (Centro),Comuna 1,Comuna,Salud y atención psicosocial,Negativo,13,Necesito atención psicosocial y me dan citas para dentro de meses.
PQR-2025T4-1205,2025-T4,2025,Comuna 1 (Centro),Comuna 1,Comuna,Salud y atención psicosocial,Positivo,19,"La atención psicosocial me ha ayudado mucho, gracias al equipo."
PQR-2025T4-1206,2025-T4,2025,Comuna 1 (Centro),Comuna 1,Comuna,Salud y atención psicosocial,Neutral,14,Solicito una cita de atención psicosocial para mi familia.
PQR-2025T4-1207,2025-T4,2025,Comuna 1 (Centro),Comuna 1,Comuna,Salud y atención psicosocial,Positivo,17,"La atención psicosocial me ha ayudado mucho, gracias al equipo."
PQR-2025T4-1208,2025-T4,2025,Comuna 1 (Centro),Comuna 1,Comuna,Salud y atención psicosocial,Negativo,20,Necesito atención psicosocial y me dan citas para dentro de meses.
PQR-2025T4-1209,2025-T4,2025,Comuna 1 (Centro),Comuna 1,Comuna,Salud y atención psicosocial,Neutral,19,Pregunto por el programa de atención en salud para víctimas.
PQR-2025T4-1210,2025-T4,2025,Comuna 1 (Centro),Comuna 1,Comuna,Salud y atención psicosocial,Positivo,19,"Recibí buena orientación en salud, quedé satisfecho."
PQR-2025T4-1211,2025-T4,2025,Comuna 1 (Centro),Comuna 1,Comuna,Salud y atención psicosocial,Negativo,16,No hay profesionales suficientes para la atención en salud mental.
PQR-2025T4-1212,2025-T4,2025,Comuna 1 (Centro),Comuna 1,Comuna,Salud y atención psicosocial,Negativo,20,No hay profesionales suficientes para la atención en salud mental.
PQR-2025T4-1213,2025-T4,2025,Comuna 1 (Centro),Comuna 1,Comuna,Salud y atención psicosocial,Positivo,17,"Recibí buena orientación en salud, quedé satisfecho."
PQR-2025T4-1214,2025-T4,2025,Comuna 1 (Centro),Comuna 1,Comuna,Salud y atención psicosocial,Negativo,20,Necesito atención psicosocial y me dan citas para dentro de meses.
PQR-2025T4-1215,2025-T4,2025,Comuna 1 (Centro),Comuna 1,Comuna,Salud y atención psicosocial,Negativo,14,Necesito atención psicosocial y me dan citas para dentro de meses.
PQR-2025T4-1216,2025-T4,2025,Comuna 1 (Centro),Comuna 1,Comuna,Salud y atención psicosocial,Positivo,15,"Recibí buena orientación en salud, quedé satisfecho."
PQR-2025T4-1217,2025-T4,2025,Comuna 1 (Centro),Comuna 1,Comuna,Salud y atención psicosocial,Positivo,21,"Recibí buena orientación en salud, quedé satisfecho."
PQR-2025T4-1218,2025-T4,2025,Comuna 1 (Centro),Comuna 1,Comuna,Salud y atención psicosocial,Positivo,15,"Recibí buena orientación en salud, quedé satisfecho."
PQR-2025T4-1219,2025-T4,2025,Comuna 1 (Centro),Comuna 1,Comuna,Salud y atención psicosocial,Neutral,19,Solicito una cita de atención psicosocial para mi familia.
PQR-2025T4-1220,2025-T4,2025,Comuna 1 (Centro),Comuna 1,Comuna,Salud y atención psicosocial,Positivo,16,"Recibí buena orientación en salud, quedé satisfecho."
PQR-2025T4-1221,2025-T4,2025,Comuna 1 (Centro),Comuna 1,Comuna,Salud y atención psicosocial,Positivo,20,"Recibí buena orientación en salud, quedé satisfecho."
PQR-2025T4-1222,2025-T4,2025,Comuna 1 (Centro),Comuna 1,Comuna,Salud y atención psicosocial,Negativo,18,Necesito atención psicosocial y me dan citas para dentro de meses.
PQR-2025T4-1223,2025-T4,2025,Comuna 1 (Centro),Comuna 1,Comuna,Salud y atención psicosocial,Negativo,18,No hay profesionales suficientes para la atención en salud mental.
PQR-2025T4-1224,2025-T4,2025,Comuna 1 (Centro),Comuna 1,Comuna,Salud y atención psicosocial,Negativo,19,No hay profesionales suficientes para la atención en salud mental.
PQR-2025T4-1225,2025-T4,2025,Comuna 1 (Centro),Comuna 1,Comuna,Educación,Positivo,20,La orientación sobre educación superior fue útil.
PQR-2025T4-1226,2025-T4,2025,Comuna 1 (Centro),Comuna 1,Comuna,Educación,Positivo,18,"Mi hija obtuvo el apoyo educativo, muy agradecida."
PQR-2025T4-1227,2025-T4,2025,Comuna 1 (Centro),Comuna 1,Comuna,Educación,Neutral,16,Solicito información sobre becas para estudiantes víctimas.
PQR-2025T4-1228,2025-T4,2025,Comuna 1 (Centro),Comuna 1,Comuna,Educación,Neutral,15,Solicito información sobre becas para estudiantes víctimas.
PQR-2025T4-1229,2025-T4,2025,Comuna 1 (Centro),Comuna 1,Comuna,Educación,Positivo,17,La orientación sobre educación superior fue útil.
PQR-2025T4-1230,2025-T4,2025,Comuna 1 (Centro),Comuna 1,Comuna,Educación,Positivo,13,"Mi hija obtuvo el apoyo educativo, muy agradecida."
PQR-2025T4-1231,2025-T4,2025,Comuna 1 (Centro),Comuna 1,Comuna,Educación,Positivo,13,"Mi hija obtuvo el apoyo educativo, muy agradecida."
PQR-2025T4-1232,2025-T4,2025,Comuna 1 (Centro),Comuna 1,Comuna,Educación,Negativo,20,Mi hijo no ha podido acceder al beneficio educativo prometido.
PQR-2025T4-1233,2025-T4,2025,Comuna 1 (Centro),Comuna 1,Comuna,Registro / inclusión RUV,Positivo,18,"Ya quedé incluido en el registro, agradezco la ayuda."
PQR-2025T4-1234,2025-T4,2025,Comuna 1 (Centro),Comuna 1,Comuna,Registro / inclusión RUV,Neutral,17,¿Qué debo hacer para actualizar mis datos en el RUV?
PQR-2025T4-1235,2025-T4,2025,Comuna 1 (Centro),Comuna 1,Comuna,Registro / inclusión RUV,Neutral,19,¿Qué debo hacer para actualizar mis datos en el RUV?
PQR-2025T4-1236,2025-T4,2025,Comuna 1 (Centro),Comuna 1,Comuna,Registro / inclusión RUV,Positivo,19,"Me orientaron bien para la declaración, todo salió bien."
PQR-2025T4-1237,2025-T4,2025,Comuna 1 (Centro),Comuna 1,Comuna,Registro / inclusión RUV,Negativo,14,Llevo meses esperando que me incluyan en el RUV y no hay respuesta.
PQR-2025T4-1238,2025-T4,2025,Comuna 1 (Centro),Comuna 1,Comuna,Registro / inclusión RUV,Positivo,18,"Me orientaron bien para la declaración, todo salió bien."
PQR-2025T4-1239,2025-T4,2025,Comuna 1 (Centro),Comuna 1,Comuna,Registro / inclusión RUV,Neutral,17,¿Qué debo hacer para actualizar mis datos en el RUV?
PQR-2025T4-1240,2025-T4,2025,Comuna 1 (Centro),Comuna 1,Comuna,Registro / inclusión RUV,Neutral,18,Solicito información sobre mi estado en el Registro Único de Víctimas.
PQR-2025T4-1241,2025-T4,2025,Comuna 1 (Centro),Comuna 1,Comuna,Registro / inclusión RUV,Neutral,14,¿Qué debo hacer para actualizar mis datos en el RUV?
PQR-2025T4-1242,2025-T4,2025,Comuna 1 (Centro),Comuna 1,Comuna,Registro / inclusión RUV,Positivo,18,"Ya quedé incluido en el registro, agradezco la ayuda."
PQR-2025T4-1243,2025-T4,2025,Comuna 1 (Centro),Comuna 1,Comuna,Registro / inclusión RUV,Negativo,19,Llevo meses esperando que me incluyan en el RUV y no hay respuesta.
PQR-2025T4-1244,2025-T4,2025,Comuna 1 (Centro),Comuna 1,Comuna,Registro / inclusión RUV,Positivo,14,"Ya quedé incluido en el registro, agradezco la ayuda."
PQR-2025T4-1245,2025-T4,2025,Comuna 1 (Centro),Comuna 1,Comuna,Registro / inclusión RUV,Negativo,19,Me negaron la inclusión y no me explicaron los motivos.
PQR-2025T4-1246,2025-T4,2025,Comuna 1 (Centro),Comuna 1,Comuna,Registro / inclusión RUV,Neutral,13,Solicito información sobre mi estado en el Registro Único de Víctimas.
PQR-2025T4-1247,2025-T4,2025,Comuna 1 (Centro),Comuna 1,Comuna,Retornos y reubicación,Negativo,20,Solicité apoyo para el retorno y no hay condiciones de seguridad.
PQR-2025T4-1248,2025-T4,2025,Comuna 1 (Centro),Comuna 1,Comuna,Retornos y reubicación,Neutral,20,Pregunto por el plan de retorno para mi comunidad.
PQR-2025T4-1249,2025-T4,2025,Comuna 1 (Centro),Comuna 1,Comuna,Retornos y reubicación,Negativo,13,Solicité apoyo para el retorno y no hay condiciones de seguridad.
PQR-2025T4-1250,2025-T4,2025,Comuna 1 (Centro),Comuna 1,Comuna,Retornos y reubicación,Negativo,14,El proceso de reubicación está detenido hace tiempo.
PQR-2025T4-1251,2025-T4,2025,Comuna 1 (Centro),Comuna 1,Comuna,Retornos y reubicación,Neutral,14,Solicito información sobre acompañamiento para reubicación.
PQR-2025T4-1252,2025-T4,2025,Comuna 1 (Centro),Comuna 1,Comuna,Retornos y reubicación,Neutral,18,Solicito información sobre acompañamiento para reubicación.
PQR-2025T4-1253,2025-T4,2025,Comuna 1 (Centro),Comuna 1,Comuna,Otros trámites,Neutral,14,Pregunto por el horario de atención de la oficina.
PQR-2025T4-1254,2025-T4,2025,Comuna 1 (Centro),Comuna 1,Comuna,Otros trámites,Positivo,15,Me resolvieron el trámite sin complicaciones.
PQR-2025T4-1255,2025-T4,2025,Comuna 1 (Centro),Comuna 1,Comuna,Otros trámites,Neutral,18,Solicito un certificado de mi condición de víctima.
PQR-2025T4-1256,2025-T4,2025,Comuna 1 (Centro),Comuna 1,Comuna,Otros trámites,Negativo,13,Me han remitido de una oficina a otra sin resolver mi caso.
PQR-2025T4-1257,2025-T4,2025,Comuna 1 (Centro),Comuna 1,Comuna,Otros trámites,Positivo,13,La atención en ventanilla fue amable y rápida.
PQR-2025T4-1258,2025-T4,2025,Comuna 1 (Centro),Comuna 1,Comuna,Otros trámites,Positivo,18,La atención en ventanilla fue amable y rápida.
PQR-2025T4-1259,2025-T4,2025,Comuna 1 (Centro),Comuna 1,Comuna,Otros trámites,Negativo,14,La fila de atención es muy larga y no alcanzan a atender.
PQR-2025T4-1260,2025-T4,2025,Comuna 1 (Centro),Comuna 1,Comuna,Otros trámites,Neutral,20,Solicito un certificado de mi condición de víctima.
PQR-2025T4-1261,2025-T4,2025,Comuna 1 (Centro),Comuna 1,Comuna,Otros trámites,Neutral,14,Pregunto por el horario de atención de la oficina.
PQR-2025T4-1262,2025-T4,2025,Comuna 1 (Centro),Comuna 1,Comuna,Otros trámites,Neutral,13,Solicito un certificado de mi condición de víctima.
PQR-2025T4-1263,2025-T4,2025,Comuna 1 (Centro),Comuna 1,Comuna,Otros trámites,Positivo,17,La atención en ventanilla fue amable y rápida.
PQR-2025T4-1264,2025-T4,2025,Comuna 2 (Roma),Comuna 2,Comuna,Ayuda humanitaria,Positivo,18,Agradezco que me entregaron la ayuda humanitaria rápidamente.
PQR-2025T4-1265,2025-T4,2025,Comuna 2 (Roma),Comuna 2,Comuna,Ayuda humanitaria,Neutral,19,Pregunto por el estado de mi solicitud de ayuda humanitaria inmediata.
PQR-2025T4-1266,2025-T4,2025,Comuna 2 (Roma),Comuna 2,Comuna,Ayuda humanitaria,Neutral,18,Quisiera saber qué documentos faltan para la ayuda humanitaria.
PQR-2025T4-1267,2025-T4,2025,Comuna 2 (Roma),Comuna 2,Comuna,Ayuda humanitaria,Positivo,15,"La atención para la ayuda de emergencia fue oportuna, gracias."
PQR-2025T4-1268,2025-T4,2025,Comuna 2 (Roma),Comuna 2,Comuna,Ayuda humanitaria,Negativo,18,"Solicité el mercado de emergencia y nunca llegó, mi familia está pasando necesidad."
PQR-2025T4-1269,2025-T4,2025,Comuna 2 (Roma),Comuna 2,Comuna,Ayuda humanitaria,Neutral,20,Quisiera saber qué documentos faltan para la ayuda humanitaria.
PQR-2025T4-1270,2025-T4,2025,Comuna 2 (Roma),Comuna 2,Comuna,Ayuda humanitaria,Negativo,13,Llevo tres meses esperando la ayuda humanitaria y no me han dado respuesta.
PQR-2025T4-1271,2025-T4,2025,Comuna 2 (Roma),Comuna 2,Comuna,Ayuda humanitaria,Neutral,17,Quisiera saber qué documentos faltan para la ayuda humanitaria.
PQR-2025T4-1272,2025-T4,2025,Comuna 2 (Roma),Comuna 2,Comuna,Ayuda humanitaria,Neutral,20,Pregunto por el estado de mi solicitud de ayuda humanitaria inmediata.
PQR-2025T4-1273,2025-T4,2025,Comuna 2 (Roma),Comuna 2,Comuna,Ayuda humanitaria,Positivo,18,"La atención para la ayuda de emergencia fue oportuna, gracias."
PQR-2025T4-1274,2025-T4,2025,Comuna 2 (Roma),Comuna 2,Comuna,Ayuda humanitaria,Neutral,14,Pregunto por el estado de mi solicitud de ayuda humanitaria inmediata.
PQR-2025T4-1275,2025-T4,2025,Comuna 2 (Roma),Comuna 2,Comuna,Ayuda humanitaria,Positivo,13,Agradezco que me entregaron la ayuda humanitaria rápidamente.
PQR-2025T4-1276,2025-T4,2025,Comuna 2 (Roma),Comuna 2,Comuna,Ayuda humanitaria,Neutral,19,Pregunto por el estado de mi solicitud de ayuda humanitaria inmediata.
PQR-2025T4-1277,2025-T4,2025,Comuna 2 (Roma),Comuna 2,Comuna,Ayuda humanitaria,Positivo,15,"La atención para la ayuda de emergencia fue oportuna, gracias."
PQR-2025T4-1278,2025-T4,2025,Comuna 2 (Roma),Comuna 2,Comuna,Ayuda humanitaria,Negativo,14,"Solicité el mercado de emergencia y nunca llegó, mi familia está pasando necesidad."
PQR-2025T4-1279,2025-T4,2025,Comuna 2 (Roma),Comuna 2,Comuna,Ayuda humanitaria,Positivo,14,Agradezco que me entregaron la ayuda humanitaria rápidamente.
PQR-2025T4-1280,2025-T4,2025,Comuna 2 (Roma),Comuna 2,Comuna,Ayuda humanitaria,Positivo,16,Agradezco que me entregaron la ayuda humanitaria rápidamente.
PQR-2025T4-1281,2025-T4,2025,Comuna 2 (Roma),Comuna 2,Comuna,Ayuda humanitaria,Negativo,21,"Solicité el mercado de emergencia y nunca llegó, mi familia está pasando necesidad."
PQR-2025T4-1282,2025-T4,2025,Comuna 2 (Roma),Comuna 2,Comuna,Ayuda humanitaria,Neutral,15,Pregunto por el estado de mi solicitud de ayuda humanitaria inmediata.
PQR-2025T4-1283,2025-T4,2025,Comuna 2 (Roma),Comuna 2,Comuna,Ayuda humanitaria,Neutral,15,Quisiera saber qué documentos faltan para la ayuda humanitaria.
PQR-2025T4-1284,2025-T4,2025,Comuna 2 (Roma),Comuna 2,Comuna,Ayuda humanitaria,Neutral,13,Pregunto por el estado de mi solicitud de ayuda humanitaria inmediata.
PQR-2025T4-1285,2025-T4,2025,Comuna 2 (Roma),Comuna 2,Comuna,Ayuda humanitaria,Negativo,13,"Solicité el mercado de emergencia y nunca llegó, mi familia está pasando necesidad."
PQR-2025T4-1286,2025-T4,2025,Comuna 2 (Roma),Comuna 2,Comuna,Ayuda humanitaria,Negativo,17,Llevo tres meses esperando la ayuda humanitaria y no me han dado respuesta.
PQR-2025T4-1287,2025-T4,2025,Comuna 2 (Roma),Comuna 2,Comuna,Ayuda humanitaria,Negativo,13,Llevo tres meses esperando la ayuda humanitaria y no me han dado respuesta.
PQR-2025T4-1288,2025-T4,2025,Comuna 2 (Roma),Comuna 2,Comuna,Ayuda humanitaria,Negativo,20,"Solicité el mercado de emergencia y nunca llegó, mi familia está pasando necesidad."
PQR-2025T4-1289,2025-T4,2025,Comuna 2 (Roma),Comuna 2,Comuna,Ayuda humanitaria,Neutral,20,Quisiera saber qué documentos faltan para la ayuda humanitaria.
PQR-2025T4-1290,2025-T4,2025,Comuna 2 (Roma),Comuna 2,Comuna,Ayuda humanitaria,Negativo,19,Llevo tres meses esperando la ayuda humanitaria y no me han dado respuesta.
PQR-2025T4-1291,2025-T4,2025,Comuna 2 (Roma),Comuna 2,Comuna,Ayuda humanitaria,Positivo,18,Agradezco que me entregaron la ayuda humanitaria rápidamente.
PQR-2025T4-1292,2025-T4,2025,Comuna 2 (Roma),Comuna 2,Comuna,Ayuda humanitaria,Positivo,20,"La atención para la ayuda de emergencia fue oportuna, gracias."
PQR-2025T4-1293,2025-T4,2025,Comuna 2 (Roma),Comuna 2,Comuna,Ayuda humanitaria,Negativo,18,Llevo tres meses esperando la ayuda humanitaria y no me han dado respuesta.
PQR-2025T4-1294,2025-T4,2025,Comuna 2 (Roma),Comuna 2,Comuna,Ayuda humanitaria,Negativo,19,"Solicité el mercado de emergencia y nunca llegó, mi familia está pasando necesidad."
PQR-2025T4-1295,2025-T4,2025,Comuna 2 (Roma),Comuna 2,Comuna,Ayuda humanitaria,Negativo,16,Llevo tres meses esperando la ayuda humanitaria y no me han dado respuesta.
PQR-2025T4-1296,2025-T4,2025,Comuna 2 (Roma),Comuna 2,Comuna,Ayuda humanitaria,Positivo,18,Agradezco que me entregaron la ayuda humanitaria rápidamente.
PQR-2025T4-1297,2025-T4,2025,Comuna 2 (Roma),Comuna 2,Comuna,Ayuda humanitaria,Negativo,15,Llevo tres meses esperando la ayuda humanitaria y no me han dado respuesta.
PQR-2025T4-1298,2025-T4,2025,Comuna 2 (Roma),Comuna 2,Comuna,Indemnización / reparación,Negativo,18,No entiendo por qué a otros ya les pagaron la reparación y a mí no.
PQR-2025T4-1299,2025-T4,2025,Comuna 2 (Roma),Comuna 2,Comuna,Indemnización / reparación,Negativo,20,No entiendo por qué a otros ya les pagaron la reparación y a mí no.
PQR-2025T4-1300,2025-T4,2025,Comuna 2 (Roma),Comuna 2,Comuna,Indemnización / reparación,Negativo,18,"Fui incluido hace años y todavía no me llega la indemnización, es una injusticia."
PQR-2025T4-1301,2025-T4,2025,Comuna 2 (Roma),Comuna 2,Comuna,Indemnización / reparación,Negativo,18,"Fui incluido hace años y todavía no me llega la indemnización, es una injusticia."
PQR-2025T4-1302,2025-T4,2025,Comuna 2 (Roma),Comuna 2,Comuna,Indemnización / reparación,Negativo,16,No entiendo por qué a otros ya les pagaron la reparación y a mí no.
PQR-2025T4-1303,2025-T4,2025,Comuna 2 (Roma),Comuna 2,Comuna,Indemnización / reparación,Negativo,19,No entiendo por qué a otros ya les pagaron la reparación y a mí no.
PQR-2025T4-1304,2025-T4,2025,Comuna 2 (Roma),Comuna 2,Comuna,Indemnización / reparación,Negativo,20,No entiendo por qué a otros ya les pagaron la reparación y a mí no.
PQR-2025T4-1305,2025-T4,2025,Comuna 2 (Roma),Comuna 2,Comuna,Indemnización / reparación,Neutral,15,¿Cómo consulto el estado de mi proceso de reparación?
PQR-2025T4-1306,2025-T4,2025,Comuna 2 (Roma),Comuna 2,Comuna,Indemnización / reparación,Negativo,15,No entiendo por qué a otros ya les pagaron la reparación y a mí no.
PQR-2025T4-1307,2025-T4,2025,Comuna 2 (Roma),Comuna 2,Comuna,Indemnización / reparación,Neutral,15,Solicito información sobre el turno de mi indemnización administrativa.
PQR-2025T4-1308,2025-T4,2025,Comuna 2 (Roma),Comuna 2,Comuna,Indemnización / reparación,Negativo,16,"Fui incluido hace años y todavía no me llega la indemnización, es una injusticia."
PQR-2025T4-1309,2025-T4,2025,Comuna 2 (Roma),Comuna 2,Comuna,Indemnización / reparación,Negativo,19,"Fui incluido hace años y todavía no me llega la indemnización, es una injusticia."
PQR-2025T4-1310,2025-T4,2025,Comuna 2 (Roma),Comuna 2,Comuna,Indemnización / reparación,Negativo,14,"Fui incluido hace años y todavía no me llega la indemnización, es una injusticia."
PQR-2025T4-1311,2025-T4,2025,Comuna 2 (Roma),Comuna 2,Comuna,Indemnización / reparación,Negativo,16,No entiendo por qué a otros ya les pagaron la reparación y a mí no.
PQR-2025T4-1312,2025-T4,2025,Comuna 2 (Roma),Comuna 2,Comuna,Indemnización / reparación,Negativo,14,No entiendo por qué a otros ya les pagaron la reparación y a mí no.
PQR-2025T4-1313,2025-T4,2025,Comuna 2 (Roma),Comuna 2,Comuna,Indemnización / reparación,Negativo,16,"Fui incluido hace años y todavía no me llega la indemnización, es una injusticia."
PQR-2025T4-1314,2025-T4,2025,Comuna 2 (Roma),Comuna 2,Comuna,Indemnización / reparación,Neutral,20,¿Cómo consulto el estado de mi proceso de reparación?
PQR-2025T4-1315,2025-T4,2025,Comuna 2 (Roma),Comuna 2,Comuna,Indemnización / reparación,Negativo,20,"Fui incluido hace años y todavía no me llega la indemnización, es una injusticia."
PQR-2025T4-1316,2025-T4,2025,Comuna 2 (Roma),Comuna 2,Comuna,Indemnización / reparación,Negativo,17,"Fui incluido hace años y todavía no me llega la indemnización, es una injusticia."
PQR-2025T4-1317,2025-T4,2025,Comuna 2 (Roma),Comuna 2,Comuna,Indemnización / reparación,Negativo,18,"Fui incluido hace años y todavía no me llega la indemnización, es una injusticia."
PQR-2025T4-1318,2025-T4,2025,Comuna 2 (Roma),Comuna 2,Comuna,Indemnización / reparación,Negativo,19,"Fui incluido hace años y todavía no me llega la indemnización, es una injusticia."
PQR-2025T4-1319,2025-T4,2025,Comuna 2 (Roma),Comuna 2,Comuna,Indemnización / reparación,Negativo,16,No entiendo por qué a otros ya les pagaron la reparación y a mí no.
PQR-2025T4-1320,2025-T4,2025,Comuna 2 (Roma),Comuna 2,Comuna,Indemnización / reparación,Neutral,14,¿Cómo consulto el estado de mi proceso de reparación?
PQR-2025T4-1321,2025-T4,2025,Comuna 2 (Roma),Comuna 2,Comuna,Vivienda,Negativo,16,Postulé al subsidio de vivienda y me rechazaron sin explicación clara.
PQR-2025T4-1322,2025-T4,2025,Comuna 2 (Roma),Comuna 2,Comuna,Vivienda,Negativo,17,Postulé al subsidio de vivienda y me rechazaron sin explicación clara.
PQR-2025T4-1323,2025-T4,2025,Comuna 2 (Roma),Comuna 2,Comuna,Vivienda,Negativo,15,Postulé al subsidio de vivienda y me rechazaron sin explicación clara.
PQR-2025T4-1324,2025-T4,2025,Comuna 2 (Roma),Comuna 2,Comuna,Vivienda,Negativo,20,La casa que me asignaron tiene problemas y nadie responde.
PQR-2025T4-1325,2025-T4,2025,Comuna 2 (Roma),Comuna 2,Comuna,Vivienda,Neutral,18,Pregunto por las convocatorias de vivienda para población víctima.
PQR-2025T4-1326,2025-T4,2025,Comuna 2 (Roma),Comuna 2,Comuna,Vivienda,Negativo,13,Postulé al subsidio de vivienda y me rechazaron sin explicación clara.
PQR-2025T4-1327,2025-T4,2025,Comuna 2 (Roma),Comuna 2,Comuna,Vivienda,Negativo,16,Postulé al subsidio de vivienda y me rechazaron sin explicación clara.
PQR-2025T4-1328,2025-T4,2025,Comuna 2 (Roma),Comuna 2,Comuna,Vivienda,Negativo,13,La casa que me asignaron tiene problemas y nadie responde.
PQR-2025T4-1329,2025-T4,2025,Comuna 2 (Roma),Comuna 2,Comuna,Vivienda,Neutral,20,Pregunto por las convocatorias de vivienda para población víctima.
PQR-2025T4-1330,2025-T4,2025,Comuna 2 (Roma),Comuna 2,Comuna,Vivienda,Negativo,18,La casa que me asignaron tiene problemas y nadie responde.
PQR-2025T4-1331,2025-T4,2025,Comuna 2 (Roma),Comuna 2,Comuna,Vivienda,Negativo,15,Postulé al subsidio de vivienda y me rechazaron sin explicación clara.
PQR-2025T4-1332,2025-T4,2025,Comuna 2 (Roma),Comuna 2,Comuna,Vivienda,Negativo,17,Postulé al subsidio de vivienda y me rechazaron sin explicación clara.
PQR-2025T4-1333,2025-T4,2025,Comuna 2 (Roma),Comuna 2,Comuna,Vivienda,Negativo,13,Postulé al subsidio de vivienda y me rechazaron sin explicación clara.
PQR-2025T4-1334,2025-T4,2025,Comuna 2 (Roma),Comuna 2,Comuna,Vivienda,Negativo,13,La casa que me asignaron tiene problemas y nadie responde.
PQR-2025T4-1335,2025-T4,2025,Comuna 2 (Roma),Comuna 2,Comuna,Vivienda,Positivo,17,El proceso de postulación a vivienda fue claro.
PQR-2025T4-1336,2025-T4,2025,Comuna 2 (Roma),Comuna 2,Comuna,Vivienda,Neutral,17,Solicito información sobre el subsidio de mejoramiento de vivienda.
PQR-2025T4-1337,2025-T4,2025,Comuna 2 (Roma),Comuna 2,Comuna,Vivienda,Neutral,13,Solicito información sobre el subsidio de mejoramiento de vivienda.
PQR-2025T4-1338,2025-T4,2025,Comuna 2 (Roma),Comuna 2,Comuna,Vivienda,Neutral,17,Solicito información sobre el subsidio de mejoramiento de vivienda.
PQR-2025T4-1339,2025-T4,2025,Comuna 2 (Roma),Comuna 2,Comuna,Vivienda,Neutral,17,Pregunto por las convocatorias de vivienda para población víctima.
PQR-2025T4-1340,2025-T4,2025,Comuna 2 (Roma),Comuna 2,Comuna,Vivienda,Neutral,19,Solicito información sobre el subsidio de mejoramiento de vivienda.
PQR-2025T4-1341,2025-T4,2025,Comuna 2 (Roma),Comuna 2,Comuna,Salud y atención psicosocial,Negativo,16,Necesito atención psicosocial y me dan citas para dentro de meses.
PQR-2025T4-1342,2025-T4,2025,Comuna 2 (Roma),Comuna 2,Comuna,Salud y atención psicosocial,Positivo,20,"Recibí buena orientación en salud, quedé satisfecho."
PQR-2025T4-1343,2025-T4,2025,Comuna 2 (Roma),Comuna 2,Comuna,Salud y atención psicosocial,Negativo,14,Necesito atención psicosocial y me dan citas para dentro de meses.
PQR-2025T4-1344,2025-T4,2025,Comuna 2 (Roma),Comuna 2,Comuna,Salud y atención psicosocial,Neutral,14,Solicito una cita de atención psicosocial para mi familia.
PQR-2025T4-1345,2025-T4,2025,Comuna 2 (Roma),Comuna 2,Comuna,Salud y atención psicosocial,Negativo,16,Necesito atención psicosocial y me dan citas para dentro de meses.
PQR-2025T4-1346,2025-T4,2025,Comuna 2 (Roma),Comuna 2,Comuna,Salud y atención psicosocial,Neutral,14,Pregunto por el programa de atención en salud para víctimas.
PQR-2025T4-1347,2025-T4,2025,Comuna 2 (Roma),Comuna 2,Comuna,Salud y atención psicosocial,Positivo,13,"Recibí buena orientación en salud, quedé satisfecho."
PQR-2025T4-1348,2025-T4,2025,Comuna 2 (Roma),Comuna 2,Comuna,Salud y atención psicosocial,Negativo,13,Necesito atención psicosocial y me dan citas para dentro de meses.
PQR-2025T4-1349,2025-T4,2025,Comuna 2 (Roma),Comuna 2,Comuna,Salud y atención psicosocial,Positivo,15,"Recibí buena orientación en salud, quedé satisfecho."
PQR-2025T4-1350,2025-T4,2025,Comuna 2 (Roma),Comuna 2,Comuna,Salud y atención psicosocial,Positivo,16,"Recibí buena orientación en salud, quedé satisfecho."
PQR-2025T4-1351,2025-T4,2025,Comuna 2 (Roma),Comuna 2,Comuna,Salud y atención psicosocial,Neutral,17,Pregunto por el programa de atención en salud para víctimas.
PQR-2025T4-1352,2025-T4,2025,Comuna 2 (Roma),Comuna 2,Comuna,Salud y atención psicosocial,Positivo,14,"Recibí buena orientación en salud, quedé satisfecho."
PQR-2025T4-1353,2025-T4,2025,Comuna 2 (Roma),Comuna 2,Comuna,Salud y atención psicosocial,Negativo,14,Necesito atención psicosocial y me dan citas para dentro de meses.
PQR-2025T4-1354,2025-T4,2025,Comuna 2 (Roma),Comuna 2,Comuna,Salud y atención psicosocial,Positivo,17,"Recibí buena orientación en salud, quedé satisfecho."
PQR-2025T4-1355,2025-T4,2025,Comuna 2 (Roma),Comuna 2,Comuna,Salud y atención psicosocial,Positivo,15,"La atención psicosocial me ha ayudado mucho, gracias al equipo."
PQR-2025T4-1356,2025-T4,2025,Comuna 2 (Roma),Comuna 2,Comuna,Educación,Positivo,17,"Mi hija obtuvo el apoyo educativo, muy agradecida."
PQR-2025T4-1357,2025-T4,2025,Comuna 2 (Roma),Comuna 2,Comuna,Educación,Positivo,17,"Mi hija obtuvo el apoyo educativo, muy agradecida."
PQR-2025T4-1358,2025-T4,2025,Comuna 2 (Roma),Comuna 2,Comuna,Educación,Positivo,14,La orientación sobre educación superior fue útil.
PQR-2025T4-1359,2025-T4,2025,Comuna 2 (Roma),Comuna 2,Comuna,Educación,Negativo,19,Mi hijo no ha podido acceder al beneficio educativo prometido.
PQR-2025T4-1360,2025-T4,2025,Comuna 2 (Roma),Comuna 2,Comuna,Educación,Positivo,18,"Mi hija obtuvo el apoyo educativo, muy agradecida."
PQR-2025T4-1361,2025-T4,2025,Comuna 2 (Roma),Comuna 2,Comuna,Educación,Positivo,21,"Mi hija obtuvo el apoyo educativo, muy agradecida."
PQR-2025T4-1362,2025-T4,2025,Comuna 2 (Roma),Comuna 2,Comuna,Educación,Positivo,21,"Mi hija obtuvo el apoyo educativo, muy agradecida."
PQR-2025T4-1363,2025-T4,2025,Comuna 2 (Roma),Comuna 2,Comuna,Educación,Neutral,17,Solicito información sobre becas para estudiantes víctimas.
PQR-2025T4-1364,2025-T4,2025,Comuna 2 (Roma),Comuna 2,Comuna,Educación,Negativo,13,Falta información sobre los cupos educativos para víctimas.
PQR-2025T4-1365,2025-T4,2025,Comuna 2 (Roma),Comuna 2,Comuna,Educación,Neutral,18,Pregunto por el apoyo educativo para el próximo semestre.
PQR-2025T4-1366,2025-T4,2025,Comuna 2 (Roma),Comuna 2,Comuna,Educación,Negativo,19,Falta información sobre los cupos educativos para víctimas.
PQR-2025T4-1367,2025-T4,2025,Comuna 2 (Roma),Comuna 2,Comuna,Educación,Positivo,13,La orientación sobre educación superior fue útil.
PQR-2025T4-1368,2025-T4,2025,Comuna 2 (Roma),Comuna 2,Comuna,Registro / inclusión RUV,Neutral,13,Solicito información sobre mi estado en el Registro Único de Víctimas.
PQR-2025T4-1369,2025-T4,2025,Comuna 2 (Roma),Comuna 2,Comuna,Registro / inclusión RUV,Negativo,16,Llevo meses esperando que me incluyan en el RUV y no hay respuesta.
PQR-2025T4-1370,2025-T4,2025,Comuna 2 (Roma),Comuna 2,Comuna,Registro / inclusión RUV,Positivo,17,"Me orientaron bien para la declaración, todo salió bien."
PQR-2025T4-1371,2025-T4,2025,Comuna 2 (Roma),Comuna 2,Comuna,Registro / inclusión RUV,Negativo,14,Llevo meses esperando que me incluyan en el RUV y no hay respuesta.
PQR-2025T4-1372,2025-T4,2025,Comuna 2 (Roma),Comuna 2,Comuna,Registro / inclusión RUV,Negativo,17,Llevo meses esperando que me incluyan en el RUV y no hay respuesta.
PQR-2025T4-1373,2025-T4,2025,Comuna 2 (Roma),Comuna 2,Comuna,Registro / inclusión RUV,Neutral,16,¿Qué debo hacer para actualizar mis datos en el RUV?
PQR-2025T4-1374,2025-T4,2025,Comuna 2 (Roma),Comuna 2,Comuna,Registro / inclusión RUV,Neutral,13,Solicito información sobre mi estado en el Registro Único de Víctimas.
PQR-2025T4-1375,2025-T4,2025,Comuna 2 (Roma),Comuna 2,Comuna,Registro / inclusión RUV,Positivo,20,"Ya quedé incluido en el registro, agradezco la ayuda."
PQR-2025T4-1376,2025-T4,2025,Comuna 2 (Roma),Comuna 2,Comuna,Registro / inclusión RUV,Neutral,19,¿Qué debo hacer para actualizar mis datos en el RUV?
PQR-2025T4-1377,2025-T4,2025,Comuna 2 (Roma),Comuna 2,Comuna,Registro / inclusión RUV,Positivo,15,"Me orientaron bien para la declaración, todo salió bien."
PQR-2025T4-1378,2025-T4,2025,Comuna 2 (Roma),Comuna 2,Comuna,Registro / inclusión RUV,Negativo,16,Me negaron la inclusión y no me explicaron los motivos.
PQR-2025T4-1379,2025-T4,2025,Comuna 2 (Roma),Comuna 2,Comuna,Registro / inclusión RUV,Negativo,16,Me negaron la inclusión y no me explicaron los motivos.
PQR-2025T4-1380,2025-T4,2025,Comuna 2 (Roma),Comuna 2,Comuna,Registro / inclusión RUV,Negativo,18,Me negaron la inclusión y no me explicaron los motivos.
PQR-2025T4-1381,2025-T4,2025,Comuna 2 (Roma),Comuna 2,Comuna,Registro / inclusión RUV,Neutral,16,¿Qué debo hacer para actualizar mis datos en el RUV?
PQR-2025T4-1382,2025-T4,2025,Comuna 2 (Roma),Comuna 2,Comuna,Registro / inclusión RUV,Negativo,19,Me negaron la inclusión y no me explicaron los motivos.
PQR-2025T4-1383,2025-T4,2025,Comuna 2 (Roma),Comuna 2,Comuna,Registro / inclusión RUV,Negativo,19,Llevo meses esperando que me incluyan en el RUV y no hay respuesta.
PQR-2025T4-1384,2025-T4,2025,Comuna 2 (Roma),Comuna 2,Comuna,Registro / inclusión RUV,Negativo,18,Llevo meses esperando que me incluyan en el RUV y no hay respuesta.
PQR-2025T4-1385,2025-T4,2025,Comuna 2 (Roma),Comuna 2,Comuna,Registro / inclusión RUV,Positivo,19,"Me orientaron bien para la declaración, todo salió bien."
PQR-2025T4-1386,2025-T4,2025,Comuna 2 (Roma),Comuna 2,Comuna,Registro / inclusión RUV,Negativo,15,Llevo meses esperando que me incluyan en el RUV y no hay respuesta.
PQR-2025T4-1387,2025-T4,2025,Comuna 2 (Roma),Comuna 2,Comuna,Registro / inclusión RUV,Negativo,13,Llevo meses esperando que me incluyan en el RUV y no hay respuesta.
PQR-2025T4-1388,2025-T4,2025,Comuna 2 (Roma),Comuna 2,Comuna,Registro / inclusión RUV,Negativo,20,Llevo meses esperando que me incluyan en el RUV y no hay respuesta.
PQR-2025T4-1389,2025-T4,2025,Comuna 2 (Roma),Comuna 2,Comuna,Registro / inclusión RUV,Positivo,20,"Me orientaron bien para la declaración, todo salió bien."
PQR-2025T4-1390,2025-T4,2025,Comuna 2 (Roma),Comuna 2,Comuna,Registro / inclusión RUV,Neutral,20,Solicito información sobre mi estado en el Registro Único de Víctimas.
PQR-2025T4-1391,2025-T4,2025,Comuna 2 (Roma),Comuna 2,Comuna,Registro / inclusión RUV,Negativo,20,Llevo meses esperando que me incluyan en el RUV y no hay respuesta.
PQR-2025T4-1392,2025-T4,2025,Comuna 2 (Roma),Comuna 2,Comuna,Registro / inclusión RUV,Negativo,15,Llevo meses esperando que me incluyan en el RUV y no hay respuesta.
PQR-2025T4-1393,2025-T4,2025,Comuna 2 (Roma),Comuna 2,Comuna,Retornos y reubicación,Negativo,17,El proceso de reubicación está detenido hace tiempo.
PQR-2025T4-1394,2025-T4,2025,Comuna 2 (Roma),Comuna 2,Comuna,Retornos y reubicación,Negativo,17,El proceso de reubicación está detenido hace tiempo.
PQR-2025T4-1395,2025-T4,2025,Comuna 2 (Roma),Comuna 2,Comuna,Retornos y reubicación,Negativo,20,Solicité apoyo para el retorno y no hay condiciones de seguridad.
PQR-2025T4-1396,2025-T4,2025,Comuna 2 (Roma),Comuna 2,Comuna,Retornos y reubicación,Negativo,14,El proceso de reubicación está detenido hace tiempo.
PQR-2025T4-1397,2025-T4,2025,Comuna 2 (Roma),Comuna 2,Comuna,Retornos y reubicación,Negativo,14,El proceso de reubicación está detenido hace tiempo.
PQR-2025T4-1398,2025-T4,2025,Comuna 2 (Roma),Comuna 2,Comuna,Otros trámites,Neutral,13,Solicito un certificado de mi condición de víctima.
PQR-2025T4-1399,2025-T4,2025,Comuna 2 (Roma),Comuna 2,Comuna,Otros trámites,Negativo,15,La fila de atención es muy larga y no alcanzan a atender.
PQR-2025T4-1400,2025-T4,2025,Comuna 2 (Roma),Comuna 2,Comuna,Otros trámites,Positivo,19,La atención en ventanilla fue amable y rápida.
PQR-2025T4-1401,2025-T4,2025,Comuna 2 (Roma),Comuna 2,Comuna,Otros trámites,Positivo,13,Me resolvieron el trámite sin complicaciones.
PQR-2025T4-1402,2025-T4,2025,Comuna 2 (Roma),Comuna 2,Comuna,Otros trámites,Positivo,18,La atención en ventanilla fue amable y rápida.
PQR-2025T4-1403,2025-T4,2025,Comuna 2 (Roma),Comuna 2,Comuna,Otros trámites,Negativo,17,Me han remitido de una oficina a otra sin resolver mi caso.
PQR-2025T4-1404,2025-T4,2025,Comuna 3 (Yesca Grande),Comuna 3,Comuna,Ayuda humanitaria,Positivo,19,Agradezco que me entregaron la ayuda humanitaria rápidamente.
PQR-2025T4-1405,2025-T4,2025,Comuna 3 (Yesca Grande),Comuna 3,Comuna,Ayuda humanitaria,Positivo,17,"La atención para la ayuda de emergencia fue oportuna, gracias."
PQR-2025T4-1406,2025-T4,2025,Comuna 3 (Yesca Grande),Comuna 3,Comuna,Ayuda humanitaria,Neutral,14,Pregunto por el estado de mi solicitud de ayuda humanitaria inmediata.
PQR-2025T4-1407,2025-T4,2025,Comuna 3 (Yesca Grande),Comuna 3,Comuna,Ayuda humanitaria,Negativo,19,"Solicité el mercado de emergencia y nunca llegó, mi familia está pasando necesidad."
PQR-2025T4-1408,2025-T4,2025,Comuna 3 (Yesca Grande),Comuna 3,Comuna,Ayuda humanitaria,Neutral,13,Quisiera saber qué documentos faltan para la ayuda humanitaria.
PQR-2025T4-1409,2025-T4,2025,Comuna 3 (Yesca Grande),Comuna 3,Comuna,Ayuda humanitaria,Neutral,18,Pregunto por el estado de mi solicitud de ayuda humanitaria inmediata.
PQR-2025T4-1410,2025-T4,2025,Comuna 3 (Yesca Grande),Comuna 3,Comuna,Ayuda humanitaria,Neutral,14,Quisiera saber qué documentos faltan para la ayuda humanitaria.
PQR-2025T4-1411,2025-T4,2025,Comuna 3 (Yesca Grande),Comuna 3,Comuna,Ayuda humanitaria,Negativo,17,"Solicité el mercado de emergencia y nunca llegó, mi familia está pasando necesidad."
PQR-2025T4-1412,2025-T4,2025,Comuna 3 (Yesca Grande),Comuna 3,Comuna,Ayuda humanitaria,Negativo,15,Llevo tres meses esperando la ayuda humanitaria y no me han dado respuesta.
PQR-2025T4-1413,2025-T4,2025,Comuna 3 (Yesca Grande),Comuna 3,Comuna,Ayuda humanitaria,Negativo,18,"Solicité el mercado de emergencia y nunca llegó, mi familia está pasando necesidad."
PQR-2025T4-1414,2025-T4,2025,Comuna 3 (Yesca Grande),Comuna 3,Comuna,Ayuda humanitaria,Neutral,18,Pregunto por el estado de mi solicitud de ayuda humanitaria inmediata.
PQR-2025T4-1415,2025-T4,2025,Comuna 3 (Yesca Grande),Comuna 3,Comuna,Ayuda humanitaria,Negativo,19,"Solicité el mercado de emergencia y nunca llegó, mi familia está pasando necesidad."
PQR-2025T4-1416,2025-T4,2025,Comuna 3 (Yesca Grande),Comuna 3,Comuna,Ayuda humanitaria,Positivo,19,"La atención para la ayuda de emergencia fue oportuna, gracias."
PQR-2025T4-1417,2025-T4,2025,Comuna 3 (Yesca Grande),Comuna 3,Comuna,Ayuda humanitaria,Negativo,13,Llevo tres meses esperando la ayuda humanitaria y no me han dado respuesta.
PQR-2025T4-1418,2025-T4,2025,Comuna 3 (Yesca Grande),Comuna 3,Comuna,Ayuda humanitaria,Negativo,19,"Solicité el mercado de emergencia y nunca llegó, mi familia está pasando necesidad."
PQR-2025T4-1419,2025-T4,2025,Comuna 3 (Yesca Grande),Comuna 3,Comuna,Ayuda humanitaria,Positivo,16,Agradezco que me entregaron la ayuda humanitaria rápidamente.
PQR-2025T4-1420,2025-T4,2025,Comuna 3 (Yesca Grande),Comuna 3,Comuna,Ayuda humanitaria,Negativo,16,Llevo tres meses esperando la ayuda humanitaria y no me han dado respuesta.
PQR-2025T4-1421,2025-T4,2025,Comuna 3 (Yesca Grande),Comuna 3,Comuna,Ayuda humanitaria,Neutral,13,Pregunto por el estado de mi solicitud de ayuda humanitaria inmediata.
PQR-2025T4-1422,2025-T4,2025,Comuna 3 (Yesca Grande),Comuna 3,Comuna,Ayuda humanitaria,Positivo,13,Agradezco que me entregaron la ayuda humanitaria rápidamente.
PQR-2025T4-1423,2025-T4,2025,Comuna 3 (Yesca Grande),Comuna 3,Comuna,Ayuda humanitaria,Positivo,16,"La atención para la ayuda de emergencia fue oportuna, gracias."
PQR-2025T4-1424,2025-T4,2025,Comuna 3 (Yesca Grande),Comuna 3,Comuna,Ayuda humanitaria,Neutral,13,Quisiera saber qué documentos faltan para la ayuda humanitaria.
PQR-2025T4-1425,2025-T4,2025,Comuna 3 (Yesca Grande),Comuna 3,Comuna,Ayuda humanitaria,Negativo,17,"Solicité el mercado de emergencia y nunca llegó, mi familia está pasando necesidad."
PQR-2025T4-1426,2025-T4,2025,Comuna 3 (Yesca Grande),Comuna 3,Comuna,Ayuda humanitaria,Positivo,19,"La atención para la ayuda de emergencia fue oportuna, gracias."
PQR-2025T4-1427,2025-T4,2025,Comuna 3 (Yesca Grande),Comuna 3,Comuna,Ayuda humanitaria,Negativo,18,"Solicité el mercado de emergencia y nunca llegó, mi familia está pasando necesidad."
PQR-2025T4-1428,2025-T4,2025,Comuna 3 (Yesca Grande),Comuna 3,Comuna,Ayuda humanitaria,Positivo,15,Agradezco que me entregaron la ayuda humanitaria rápidamente.
PQR-2025T4-1429,2025-T4,2025,Comuna 3 (Yesca Grande),Comuna 3,Comuna,Ayuda humanitaria,Positivo,13,Agradezco que me entregaron la ayuda humanitaria rápidamente.
PQR-2025T4-1430,2025-T4,2025,Comuna 3 (Yesca Grande),Comuna 3,Comuna,Indemnización / reparación,Negativo,16,No entiendo por qué a otros ya les pagaron la reparación y a mí no.
PQR-2025T4-1431,2025-T4,2025,Comuna 3 (Yesca Grande),Comuna 3,Comuna,Indemnización / reparación,Negativo,14,No entiendo por qué a otros ya les pagaron la reparación y a mí no.
PQR-2025T4-1432,2025-T4,2025,Comuna 3 (Yesca Grande),Comuna 3,Comuna,Indemnización / reparación,Neutral,15,Solicito información sobre el turno de mi indemnización administrativa.
PQR-2025T4-1433,2025-T4,2025,Comuna 3 (Yesca Grande),Comuna 3,Comuna,Indemnización / reparación,Negativo,14,"Fui incluido hace años y todavía no me llega la indemnización, es una injusticia."
PQR-2025T4-1434,2025-T4,2025,Comuna 3 (Yesca Grande),Comuna 3,Comuna,Indemnización / reparación,Neutral,17,Solicito información sobre el turno de mi indemnización administrativa.
PQR-2025T4-1435,2025-T4,2025,Comuna 3 (Yesca Grande),Comuna 3,Comuna,Indemnización / reparación,Negativo,13,No entiendo por qué a otros ya les pagaron la reparación y a mí no.
PQR-2025T4-1436,2025-T4,2025,Comuna 3 (Yesca Grande),Comuna 3,Comuna,Indemnización / reparación,Negativo,17,No entiendo por qué a otros ya les pagaron la reparación y a mí no.
PQR-2025T4-1437,2025-T4,2025,Comuna 3 (Yesca Grande),Comuna 3,Comuna,Indemnización / reparación,Neutral,14,¿Cómo consulto el estado de mi proceso de reparación?
PQR-2025T4-1438,2025-T4,2025,Comuna 3 (Yesca Grande),Comuna 3,Comuna,Indemnización / reparación,Negativo,16,No entiendo por qué a otros ya les pagaron la reparación y a mí no.
PQR-2025T4-1439,2025-T4,2025,Comuna 3 (Yesca Grande),Comuna 3,Comuna,Indemnización / reparación,Negativo,16,"Fui incluido hace años y todavía no me llega la indemnización, es una injusticia."
PQR-2025T4-1440,2025-T4,2025,Comuna 3 (Yesca Grande),Comuna 3,Comuna,Indemnización / reparación,Negativo,19,"Fui incluido hace años y todavía no me llega la indemnización, es una injusticia."
PQR-2025T4-1441,2025-T4,2025,Comuna 3 (Yesca Grande),Comuna 3,Comuna,Indemnización / reparación,Negativo,19,No entiendo por qué a otros ya les pagaron la reparación y a mí no.
PQR-2025T4-1442,2025-T4,2025,Comuna 3 (Yesca Grande),Comuna 3,Comuna,Indemnización / reparación,Negativo,15,"Fui incluido hace años y todavía no me llega la indemnización, es una injusticia."
PQR-2025T4-1443,2025-T4,2025,Comuna 3 (Yesca Grande),Comuna 3,Comuna,Indemnización / reparación,Positivo,13,Me orientaron bien sobre el proceso de reparación.
PQR-2025T4-1444,2025-T4,2025,Comuna 3 (Yesca Grande),Comuna 3,Comuna,Indemnización / reparación,Negativo,14,"Fui incluido hace años y todavía no me llega la indemnización, es una injusticia."
PQR-2025T4-1445,2025-T4,2025,Comuna 3 (Yesca Grande),Comuna 3,Comuna,Indemnización / reparación,Negativo,13,No entiendo por qué a otros ya les pagaron la reparación y a mí no.
PQR-2025T4-1446,2025-T4,2025,Comuna 3 (Yesca Grande),Comuna 3,Comuna,Indemnización / reparación,Negativo,18,"Fui incluido hace años y todavía no me llega la indemnización, es una injusticia."
PQR-2025T4-1447,2025-T4,2025,Comuna 3 (Yesca Grande),Comuna 3,Comuna,Indemnización / reparación,Negativo,20,No entiendo por qué a otros ya les pagaron la reparación y a mí no.
PQR-2025T4-1448,2025-T4,2025,Comuna 3 (Yesca Grande),Comuna 3,Comuna,Indemnización / reparación,Negativo,13,No entiendo por qué a otros ya les pagaron la reparación y a mí no.
PQR-2025T4-1449,2025-T4,2025,Comuna 3 (Yesca Grande),Comuna 3,Comuna,Indemnización / reparación,Negativo,14,"Fui incluido hace años y todavía no me llega la indemnización, es una injusticia."
PQR-2025T4-1450,2025-T4,2025,Comuna 3 (Yesca Grande),Comuna 3,Comuna,Indemnización / reparación,Neutral,21,¿Cómo consulto el estado de mi proceso de reparación?
PQR-2025T4-1451,2025-T4,2025,Comuna 3 (Yesca Grande),Comuna 3,Comuna,Indemnización / reparación,Positivo,15,Me orientaron bien sobre el proceso de reparación.
PQR-2025T4-1452,2025-T4,2025,Comuna 3 (Yesca Grande),Comuna 3,Comuna,Indemnización / reparación,Neutral,15,Solicito información sobre el turno de mi indemnización administrativa.
PQR-2025T4-1453,2025-T4,2025,Comuna 3 (Yesca Grande),Comuna 3,Comuna,Indemnización / reparación,Neutral,20,¿Cómo consulto el estado de mi proceso de reparación?
PQR-2025T4-1454,2025-T4,2025,Comuna 3 (Yesca Grande),Comuna 3,Comuna,Indemnización / reparación,Negativo,14,No entiendo por qué a otros ya les pagaron la reparación y a mí no.
PQR-2025T4-1455,2025-T4,2025,Comuna 3 (Yesca Grande),Comuna 3,Comuna,Indemnización / reparación,Negativo,19,"Fui incluido hace años y todavía no me llega la indemnización, es una injusticia."
PQR-2025T4-1456,2025-T4,2025,Comuna 3 (Yesca Grande),Comuna 3,Comuna,Indemnización / reparación,Neutral,15,Solicito información sobre el turno de mi indemnización administrativa.
PQR-2025T4-1457,2025-T4,2025,Comuna 3 (Yesca Grande),Comuna 3,Comuna,Indemnización / reparación,Negativo,16,"Fui incluido hace años y todavía no me llega la indemnización, es una injusticia."
PQR-2025T4-1458,2025-T4,2025,Comuna 3 (Yesca Grande),Comuna 3,Comuna,Indemnización / reparación,Neutral,14,Solicito información sobre el turno de mi indemnización administrativa.
PQR-2025T4-1459,2025-T4,2025,Comuna 3 (Yesca Grande),Comuna 3,Comuna,Vivienda,Neutral,16,Pregunto por las convocatorias de vivienda para población víctima.
PQR-2025T4-1460,2025-T4,2025,Comuna 3 (Yesca Grande),Comuna 3,Comuna,Vivienda,Neutral,15,Solicito información sobre el subsidio de mejoramiento de vivienda.
PQR-2025T4-1461,2025-T4,2025,Comuna 3 (Yesca Grande),Comuna 3,Comuna,Vivienda,Negativo,18,Postulé al subsidio de vivienda y me rechazaron sin explicación clara.
PQR-2025T4-1462,2025-T4,2025,Comuna 3 (Yesca Grande),Comuna 3,Comuna,Vivienda,Negativo,18,Postulé al subsidio de vivienda y me rechazaron sin explicación clara.
PQR-2025T4-1463,2025-T4,2025,Comuna 3 (Yesca Grande),Comuna 3,Comuna,Vivienda,Positivo,19,El proceso de postulación a vivienda fue claro.
PQR-2025T4-1464,2025-T4,2025,Comuna 3 (Yesca Grande),Comuna 3,Comuna,Vivienda,Negativo,15,Postulé al subsidio de vivienda y me rechazaron sin explicación clara.
PQR-2025T4-1465,2025-T4,2025,Comuna 3 (Yesca Grande),Comuna 3,Comuna,Vivienda,Negativo,17,Postulé al subsidio de vivienda y me rechazaron sin explicación clara.
PQR-2025T4-1466,2025-T4,2025,Comuna 3 (Yesca Grande),Comuna 3,Comuna,Vivienda,Negativo,18,Postulé al subsidio de vivienda y me rechazaron sin explicación clara.
PQR-2025T4-1467,2025-T4,2025,Comuna 3 (Yesca Grande),Comuna 3,Comuna,Vivienda,Neutral,16,Pregunto por las convocatorias de vivienda para población víctima.
PQR-2025T4-1468,2025-T4,2025,Comuna 3 (Yesca Grande),Comuna 3,Comuna,Vivienda,Negativo,20,La casa que me asignaron tiene problemas y nadie responde.
PQR-2025T4-1469,2025-T4,2025,Comuna 3 (Yesca Grande),Comuna 3,Comuna,Vivienda,Negativo,16,La casa que me asignaron tiene problemas y nadie responde.
PQR-2025T4-1470,2025-T4,2025,Comuna 3 (Yesca Grande),Comuna 3,Comuna,Vivienda,Neutral,18,Pregunto por las convocatorias de vivienda para población víctima.
PQR-2025T4-1471,2025-T4,2025,Comuna 3 (Yesca Grande),Comuna 3,Comuna,Vivienda,Negativo,15,La casa que me asignaron tiene problemas y nadie responde.
PQR-2025T4-1472,2025-T4,2025,Comuna 3 (Yesca Grande),Comuna 3,Comuna,Vivienda,Negativo,19,La casa que me asignaron tiene problemas y nadie responde.
PQR-2025T4-1473,2025-T4,2025,Comuna 3 (Yesca Grande),Comuna 3,Comuna,Vivienda,Neutral,19,Solicito información sobre el subsidio de mejoramiento de vivienda.
PQR-2025T4-1474,2025-T4,2025,Comuna 3 (Yesca Grande),Comuna 3,Comuna,Vivienda,Neutral,16,Solicito información sobre el subsidio de mejoramiento de vivienda.
PQR-2025T4-1475,2025-T4,2025,Comuna 3 (Yesca Grande),Comuna 3,Comuna,Vivienda,Negativo,16,Postulé al subsidio de vivienda y me rechazaron sin explicación clara.
PQR-2025T4-1476,2025-T4,2025,Comuna 3 (Yesca Grande),Comuna 3,Comuna,Vivienda,Negativo,16,Postulé al subsidio de vivienda y me rechazaron sin explicación clara.
PQR-2025T4-1477,2025-T4,2025,Comuna 3 (Yesca Grande),Comuna 3,Comuna,Vivienda,Negativo,21,La casa que me asignaron tiene problemas y nadie responde.
PQR-2025T4-1478,2025-T4,2025,Comuna 3 (Yesca Grande),Comuna 3,Comuna,Vivienda,Positivo,13,El proceso de postulación a vivienda fue claro.
PQR-2025T4-1479,2025-T4,2025,Comuna 3 (Yesca Grande),Comuna 3,Comuna,Salud y atención psicosocial,Negativo,19,No hay profesionales suficientes para la atención en salud mental.
PQR-2025T4-1480,2025-T4,2025,Comuna 3 (Yesca Grande),Comuna 3,Comuna,Salud y atención psicosocial,Neutral,14,Pregunto por el programa de atención en salud para víctimas.
PQR-2025T4-1481,2025-T4,2025,Comuna 3 (Yesca Grande),Comuna 3,Comuna,Salud y atención psicosocial,Neutral,20,Pregunto por el programa de atención en salud para víctimas.
PQR-2025T4-1482,2025-T4,2025,Comuna 3 (Yesca Grande),Comuna 3,Comuna,Salud y atención psicosocial,Positivo,15,"La atención psicosocial me ha ayudado mucho, gracias al equipo."
PQR-2025T4-1483,2025-T4,2025,Comuna 3 (Yesca Grande),Comuna 3,Comuna,Salud y atención psicosocial,Positivo,20,"Recibí buena orientación en salud, quedé satisfecho."
PQR-2025T4-1484,2025-T4,2025,Comuna 3 (Yesca Grande),Comuna 3,Comuna,Salud y atención psicosocial,Positivo,19,"La atención psicosocial me ha ayudado mucho, gracias al equipo."
PQR-2025T4-1485,2025-T4,2025,Comuna 3 (Yesca Grande),Comuna 3,Comuna,Salud y atención psicosocial,Negativo,16,No hay profesionales suficientes para la atención en salud mental.
PQR-2025T4-1486,2025-T4,2025,Comuna 3 (Yesca Grande),Comuna 3,Comuna,Salud y atención psicosocial,Positivo,20,"Recibí buena orientación en salud, quedé satisfecho."
PQR-2025T4-1487,2025-T4,2025,Comuna 3 (Yesca Grande),Comuna 3,Comuna,Salud y atención psicosocial,Neutral,13,Solicito una cita de atención psicosocial para mi familia.
PQR-2025T4-1488,2025-T4,2025,Comuna 3 (Yesca Grande),Comuna 3,Comuna,Salud y atención psicosocial,Neutral,13,Solicito una cita de atención psicosocial para mi familia.
PQR-2025T4-1489,2025-T4,2025,Comuna 3 (Yesca Grande),Comuna 3,Comuna,Salud y atención psicosocial,Neutral,20,Solicito una cita de atención psicosocial para mi familia.
PQR-2025T4-1490,2025-T4,2025,Comuna 3 (Yesca Grande),Comuna 3,Comuna,Salud y atención psicosocial,Neutral,17,Pregunto por el programa de atención en salud para víctimas.
PQR-2025T4-1491,2025-T4,2025,Comuna 3 (Yesca Grande),Comuna 3,Comuna,Salud y atención psicosocial,Neutral,18,Pregunto por el programa de atención en salud para víctimas.
PQR-2025T4-1492,2025-T4,2025,Comuna 3 (Yesca Grande),Comuna 3,Comuna,Salud y atención psicosocial,Negativo,17,No hay profesionales suficientes para la atención en salud mental.
PQR-2025T4-1493,2025-T4,2025,Comuna 3 (Yesca Grande),Comuna 3,Comuna,Salud y atención psicosocial,Negativo,20,No hay profesionales suficientes para la atención en salud mental.
PQR-2025T4-1494,2025-T4,2025,Comuna 3 (Yesca Grande),Comuna 3,Comuna,Salud y atención psicosocial,Neutral,13,Pregunto por el programa de atención en salud para víctimas.
PQR-2025T4-1495,2025-T4,2025,Comuna 3 (Yesca Grande),Comuna 3,Comuna,Salud y atención psicosocial,Negativo,17,Necesito atención psicosocial y me dan citas para dentro de meses.
PQR-2025T4-1496,2025-T4,2025,Comuna 3 (Yesca Grande),Comuna 3,Comuna,Salud y atención psicosocial,Neutral,19,Solicito una cita de atención psicosocial para mi familia.
PQR-2025T4-1497,2025-T4,2025,Comuna 3 (Yesca Grande),Comuna 3,Comuna,Salud y atención psicosocial,Neutral,19,Solicito una cita de atención psicosocial para mi familia.
PQR-2025T4-1498,2025-T4,2025,Comuna 3 (Yesca Grande),Comuna 3,Comuna,Salud y atención psicosocial,Negativo,16,Necesito atención psicosocial y me dan citas para dentro de meses.
PQR-2025T4-1499,2025-T4,2025,Comuna 3 (Yesca Grande),Comuna 3,Comuna,Educación,Positivo,19,"Mi hija obtuvo el apoyo educativo, muy agradecida."
PQR-2025T4-1500,2025-T4,2025,Comuna 3 (Yesca Grande),Comuna 3,Comuna,Educación,Positivo,16,La orientación sobre educación superior fue útil.
PQR-2025T4-1501,2025-T4,2025,Comuna 3 (Yesca Grande),Comuna 3,Comuna,Educación,Positivo,18,"Mi hija obtuvo el apoyo educativo, muy agradecida."
PQR-2025T4-1502,2025-T4,2025,Comuna 3 (Yesca Grande),Comuna 3,Comuna,Educación,Positivo,16,"Mi hija obtuvo el apoyo educativo, muy agradecida."
PQR-2025T4-1503,2025-T4,2025,Comuna 3 (Yesca Grande),Comuna 3,Comuna,Educación,Neutral,16,Pregunto por el apoyo educativo para el próximo semestre.
PQR-2025T4-1504,2025-T4,2025,Comuna 3 (Yesca Grande),Comuna 3,Comuna,Educación,Positivo,19,La orientación sobre educación superior fue útil.
PQR-2025T4-1505,2025-T4,2025,Comuna 3 (Yesca Grande),Comuna 3,Comuna,Educación,Neutral,20,Solicito información sobre becas para estudiantes víctimas.
PQR-2025T4-1506,2025-T4,2025,Comuna 3 (Yesca Grande),Comuna 3,Comuna,Educación,Neutral,19,Solicito información sobre becas para estudiantes víctimas.
PQR-2025T4-1507,2025-T4,2025,Comuna 3 (Yesca Grande),Comuna 3,Comuna,Educación,Neutral,15,Pregunto por el apoyo educativo para el próximo semestre.
PQR-2025T4-1508,2025-T4,2025,Comuna 3 (Yesca Grande),Comuna 3,Comuna,Educación,Positivo,18,"Mi hija obtuvo el apoyo educativo, muy agradecida."
PQR-2025T4-1509,2025-T4,2025,Comuna 3 (Yesca Grande),Comuna 3,Comuna,Educación,Neutral,13,Pregunto por el apoyo educativo para el próximo semestre.
PQR-2025T4-1510,2025-T4,2025,Comuna 3 (Yesca Grande),Comuna 3,Comuna,Educación,Positivo,13,"Mi hija obtuvo el apoyo educativo, muy agradecida."
PQR-2025T4-1511,2025-T4,2025,Comuna 3 (Yesca Grande),Comuna 3,Comuna,Educación,Neutral,17,Pregunto por el apoyo educativo para el próximo semestre.
PQR-2025T4-1512,2025-T4,2025,Comuna 3 (Yesca Grande),Comuna 3,Comuna,Registro / inclusión RUV,Positivo,19,"Ya quedé incluido en el registro, agradezco la ayuda."
PQR-2025T4-1513,2025-T4,2025,Comuna 3 (Yesca Grande),Comuna 3,Comuna,Registro / inclusión RUV,Neutral,14,¿Qué debo hacer para actualizar mis datos en el RUV?
PQR-2025T4-1514,2025-T4,2025,Comuna 3 (Yesca Grande),Comuna 3,Comuna,Registro / inclusión RUV,Negativo,15,Llevo meses esperando que me incluyan en el RUV y no hay respuesta.
PQR-2025T4-1515,2025-T4,2025,Comuna 3 (Yesca Grande),Comuna 3,Comuna,Registro / inclusión RUV,Negativo,17,Me negaron la inclusión y no me explicaron los motivos.
PQR-2025T4-1516,2025-T4,2025,Comuna 3 (Yesca Grande),Comuna 3,Comuna,Registro / inclusión RUV,Positivo,18,"Me orientaron bien para la declaración, todo salió bien."
PQR-2025T4-1517,2025-T4,2025,Comuna 3 (Yesca Grande),Comuna 3,Comuna,Registro / inclusión RUV,Negativo,21,Llevo meses esperando que me incluyan en el RUV y no hay respuesta.
PQR-2025T4-1518,2025-T4,2025,Comuna 3 (Yesca Grande),Comuna 3,Comuna,Registro / inclusión RUV,Negativo,19,Me negaron la inclusión y no me explicaron los motivos.
PQR-2025T4-1519,2025-T4,2025,Comuna 3 (Yesca Grande),Comuna 3,Comuna,Registro / inclusión RUV,Negativo,17,Me negaron la inclusión y no me explicaron los motivos.
PQR-2025T4-1520,2025-T4,2025,Comuna 3 (Yesca Grande),Comuna 3,Comuna,Registro / inclusión RUV,Negativo,18,Llevo meses esperando que me incluyan en el RUV y no hay respuesta.
PQR-2025T4-1521,2025-T4,2025,Comuna 3 (Yesca Grande),Comuna 3,Comuna,Registro / inclusión RUV,Negativo,15,Llevo meses esperando que me incluyan en el RUV y no hay respuesta.
PQR-2025T4-1522,2025-T4,2025,Comuna 3 (Yesca Grande),Comuna 3,Comuna,Registro / inclusión RUV,Negativo,16,Me negaron la inclusión y no me explicaron los motivos.
PQR-2025T4-1523,2025-T4,2025,Comuna 3 (Yesca Grande),Comuna 3,Comuna,Registro / inclusión RUV,Negativo,20,Llevo meses esperando que me incluyan en el RUV y no hay respuesta.
PQR-2025T4-1524,2025-T4,2025,Comuna 3 (Yesca Grande),Comuna 3,Comuna,Retornos y reubicación,Neutral,14,Solicito información sobre acompañamiento para reubicación.
PQR-2025T4-1525,2025-T4,2025,Comuna 3 (Yesca Grande),Comuna 3,Comuna,Retornos y reubicación,Negativo,16,El proceso de reubicación está detenido hace tiempo.
PQR-2025T4-1526,2025-T4,2025,Comuna 3 (Yesca Grande),Comuna 3,Comuna,Retornos y reubicación,Negativo,17,El proceso de reubicación está detenido hace tiempo.
PQR-2025T4-1527,2025-T4,2025,Comuna 3 (Yesca Grande),Comuna 3,Comuna,Retornos y reubicación,Neutral,18,Pregunto por el plan de retorno para mi comunidad.
PQR-2025T4-1528,2025-T4,2025,Comuna 3 (Yesca Grande),Comuna 3,Comuna,Retornos y reubicación,Negativo,16,Solicité apoyo para el retorno y no hay condiciones de seguridad.
PQR-2025T4-1529,2025-T4,2025,Comuna 3 (Yesca Grande),Comuna 3,Comuna,Retornos y reubicación,Positivo,17,"El acompañamiento para el retorno fue bueno, gracias."
PQR-2025T4-1530,2025-T4,2025,Comuna 3 (Yesca Grande),Comuna 3,Comuna,Retornos y reubicación,Negativo,17,Solicité apoyo para el retorno y no hay condiciones de seguridad.
PQR-2025T4-1531,2025-T4,2025,Comuna 3 (Yesca Grande),Comuna 3,Comuna,Retornos y reubicación,Negativo,16,El proceso de reubicación está detenido hace tiempo.
PQR-2025T4-1532,2025-T4,2025,Comuna 3 (Yesca Grande),Comuna 3,Comuna,Retornos y reubicación,Negativo,18,El proceso de reubicación está detenido hace tiempo.
PQR-2025T4-1533,2025-T4,2025,Comuna 3 (Yesca Grande),Comuna 3,Comuna,Otros trámites,Neutral,20,Pregunto por el horario de atención de la oficina.
PQR-2025T4-1534,2025-T4,2025,Comuna 3 (Yesca Grande),Comuna 3,Comuna,Otros trámites,Negativo,20,Me han remitido de una oficina a otra sin resolver mi caso.
PQR-2025T4-1535,2025-T4,2025,Comuna 3 (Yesca Grande),Comuna 3,Comuna,Otros trámites,Positivo,18,Me resolvieron el trámite sin complicaciones.
PQR-2025T4-1536,2025-T4,2025,Comuna 3 (Yesca Grande),Comuna 3,Comuna,Otros trámites,Negativo,13,Me han remitido de una oficina a otra sin resolver mi caso.
PQR-2025T4-1537,2025-T4,2025,Comuna 3 (Yesca Grande),Comuna 3,Comuna,Otros trámites,Positivo,13,La atención en ventanilla fue amable y rápida.
PQR-2025T4-1538,2025-T4,2025,Comuna 3 (Yesca Grande),Comuna 3,Comuna,Otros trámites,Negativo,14,Me han remitido de una oficina a otra sin resolver mi caso.
PQR-2025T4-1539,2025-T4,2025,Comuna 3 (Yesca Grande),Comuna 3,Comuna,Otros trámites,Neutral,16,Pregunto por el horario de atención de la oficina.
PQR-2025T4-1540,2025-T4,2025,Comuna 3 (Yesca Grande),Comuna 3,Comuna,Otros trámites,Positivo,18,La atención en ventanilla fue amable y rápida.
PQR-2025T4-1541,2025-T4,2025,Comuna 3 (Yesca Grande),Comuna 3,Comuna,Otros trámites,Positivo,13,La atención en ventanilla fue amable y rápida.
PQR-2025T4-1542,2025-T4,2025,Comuna 3 (Yesca Grande),Comuna 3,Comuna,Otros trámites,Neutral,19,Solicito un certificado de mi condición de víctima.
PQR-2025T4-1543,2025-T4,2025,Comuna 4 (Niño Jesús),Comuna 4,Comuna,Ayuda humanitaria,Neutral,13,Pregunto por el estado de mi solicitud de ayuda humanitaria inmediata.
PQR-2025T4-1544,2025-T4,2025,Comuna 4 (Niño Jesús),Comuna 4,Comuna,Ayuda humanitaria,Negativo,20,"Solicité el mercado de emergencia y nunca llegó, mi familia está pasando necesidad."
PQR-2025T4-1545,2025-T4,2025,Comuna 4 (Niño Jesús),Comuna 4,Comuna,Ayuda humanitaria,Positivo,16,"La atención para la ayuda de emergencia fue oportuna, gracias."
PQR-2025T4-1546,2025-T4,2025,Comuna 4 (Niño Jesús),Comuna 4,Comuna,Ayuda humanitaria,Negativo,19,"Solicité el mercado de emergencia y nunca llegó, mi familia está pasando necesidad."
PQR-2025T4-1547,2025-T4,2025,Comuna 4 (Niño Jesús),Comuna 4,Comuna,Ayuda humanitaria,Positivo,15,"La atención para la ayuda de emergencia fue oportuna, gracias."
PQR-2025T4-1548,2025-T4,2025,Comuna 4 (Niño Jesús),Comuna 4,Comuna,Ayuda humanitaria,Negativo,15,Llevo tres meses esperando la ayuda humanitaria y no me han dado respuesta.
PQR-2025T4-1549,2025-T4,2025,Comuna 4 (Niño Jesús),Comuna 4,Comuna,Ayuda humanitaria,Neutral,16,Pregunto por el estado de mi solicitud de ayuda humanitaria inmediata.
PQR-2025T4-1550,2025-T4,2025,Comuna 4 (Niño Jesús),Comuna 4,Comuna,Ayuda humanitaria,Positivo,13,"La atención para la ayuda de emergencia fue oportuna, gracias."
PQR-2025T4-1551,2025-T4,2025,Comuna 4 (Niño Jesús),Comuna 4,Comuna,Ayuda humanitaria,Negativo,17,Llevo tres meses esperando la ayuda humanitaria y no me han dado respuesta.
PQR-2025T4-1552,2025-T4,2025,Comuna 4 (Niño Jesús),Comuna 4,Comuna,Ayuda humanitaria,Positivo,15,"La atención para la ayuda de emergencia fue oportuna, gracias."
PQR-2025T4-1553,2025-T4,2025,Comuna 4 (Niño Jesús),Comuna 4,Comuna,Ayuda humanitaria,Negativo,19,Llevo tres meses esperando la ayuda humanitaria y no me han dado respuesta.
PQR-2025T4-1554,2025-T4,2025,Comuna 4 (Niño Jesús),Comuna 4,Comuna,Ayuda humanitaria,Negativo,14,Llevo tres meses esperando la ayuda humanitaria y no me han dado respuesta.
PQR-2025T4-1555,2025-T4,2025,Comuna 4 (Niño Jesús),Comuna 4,Comuna,Ayuda humanitaria,Negativo,15,"Solicité el mercado de emergencia y nunca llegó, mi familia está pasando necesidad."
PQR-2025T4-1556,2025-T4,2025,Comuna 4 (Niño Jesús),Comuna 4,Comuna,Ayuda humanitaria,Negativo,14,"Solicité el mercado de emergencia y nunca llegó, mi familia está pasando necesidad."
PQR-2025T4-1557,2025-T4,2025,Comuna 4 (Niño Jesús),Comuna 4,Comuna,Ayuda humanitaria,Negativo,17,Llevo tres meses esperando la ayuda humanitaria y no me han dado respuesta.
PQR-2025T4-1558,2025-T4,2025,Comuna 4 (Niño Jesús),Comuna 4,Comuna,Ayuda humanitaria,Positivo,13,"La atención para la ayuda de emergencia fue oportuna, gracias."
PQR-2025T4-1559,2025-T4,2025,Comuna 4 (Niño Jesús),Comuna 4,Comuna,Ayuda humanitaria,Neutral,19,Pregunto por el estado de mi solicitud de ayuda humanitaria inmediata.
PQR-2025T4-1560,2025-T4,2025,Comuna 4 (Niño Jesús),Comuna 4,Comuna,Indemnización / reparación,Negativo,17,No entiendo por qué a otros ya les pagaron la reparación y a mí no.
PQR-2025T4-1561,2025-T4,2025,Comuna 4 (Niño Jesús),Comuna 4,Comuna,Indemnización / reparación,Negativo,19,"Fui incluido hace años y todavía no me llega la indemnización, es una injusticia."
PQR-2025T4-1562,2025-T4,2025,Comuna 4 (Niño Jesús),Comuna 4,Comuna,Indemnización / reparación,Negativo,16,No entiendo por qué a otros ya les pagaron la reparación y a mí no.
PQR-2025T4-1563,2025-T4,2025,Comuna 4 (Niño Jesús),Comuna 4,Comuna,Indemnización / reparación,Negativo,17,"Fui incluido hace años y todavía no me llega la indemnización, es una injusticia."
PQR-2025T4-1564,2025-T4,2025,Comuna 4 (Niño Jesús),Comuna 4,Comuna,Indemnización / reparación,Negativo,19,"Fui incluido hace años y todavía no me llega la indemnización, es una injusticia."
PQR-2025T4-1565,2025-T4,2025,Comuna 4 (Niño Jesús),Comuna 4,Comuna,Indemnización / reparación,Neutral,18,¿Cómo consulto el estado de mi proceso de reparación?
PQR-2025T4-1566,2025-T4,2025,Comuna 4 (Niño Jesús),Comuna 4,Comuna,Indemnización / reparación,Negativo,17,"Fui incluido hace años y todavía no me llega la indemnización, es una injusticia."
PQR-2025T4-1567,2025-T4,2025,Comuna 4 (Niño Jesús),Comuna 4,Comuna,Indemnización / reparación,Negativo,17,No entiendo por qué a otros ya les pagaron la reparación y a mí no.
PQR-2025T4-1568,2025-T4,2025,Comuna 4 (Niño Jesús),Comuna 4,Comuna,Indemnización / reparación,Negativo,19,"Fui incluido hace años y todavía no me llega la indemnización, es una injusticia."
PQR-2025T4-1569,2025-T4,2025,Comuna 4 (Niño Jesús),Comuna 4,Comuna,Indemnización / reparación,Positivo,16,"Por fin recibí la indemnización, agradezco la gestión de la oficina."
PQR-2025T4-1570,2025-T4,2025,Comuna 4 (Niño Jesús),Comuna 4,Comuna,Indemnización / reparación,Neutral,17,¿Cómo consulto el estado de mi proceso de reparación?
PQR-2025T4-1571,2025-T4,2025,Comuna 4 (Niño Jesús),Comuna 4,Comuna,Indemnización / reparación,Negativo,16,"Fui incluido hace años y todavía no me llega la indemnización, es una injusticia."
PQR-2025T4-1572,2025-T4,2025,Comuna 4 (Niño Jesús),Comuna 4,Comuna,Indemnización / reparación,Negativo,17,No entiendo por qué a otros ya les pagaron la reparación y a mí no.
PQR-2025T4-1573,2025-T4,2025,Comuna 4 (Niño Jesús),Comuna 4,Comuna,Indemnización / reparación,Negativo,16,No entiendo por qué a otros ya les pagaron la reparación y a mí no.
PQR-2025T4-1574,2025-T4,2025,Comuna 4 (Niño Jesús),Comuna 4,Comuna,Indemnización / reparación,Neutral,14,Solicito información sobre el turno de mi indemnización administrativa.
PQR-2025T4-1575,2025-T4,2025,Comuna 4 (Niño Jesús),Comuna 4,Comuna,Indemnización / reparación,Negativo,19,"Fui incluido hace años y todavía no me llega la indemnización, es una injusticia."
PQR-2025T4-1576,2025-T4,2025,Comuna 4 (Niño Jesús),Comuna 4,Comuna,Indemnización / reparación,Negativo,13,No entiendo por qué a otros ya les pagaron la reparación y a mí no.
PQR-2025T4-1577,2025-T4,2025,Comuna 4 (Niño Jesús),Comuna 4,Comuna,Indemnización / reparación,Negativo,19,"Fui incluido hace años y todavía no me llega la indemnización, es una injusticia."
PQR-2025T4-1578,2025-T4,2025,Comuna 4 (Niño Jesús),Comuna 4,Comuna,Indemnización / reparación,Negativo,19,"Fui incluido hace años y todavía no me llega la indemnización, es una injusticia."
PQR-2025T4-1579,2025-T4,2025,Comuna 4 (Niño Jesús),Comuna 4,Comuna,Indemnización / reparación,Negativo,20,"Fui incluido hace años y todavía no me llega la indemnización, es una injusticia."
PQR-2025T4-1580,2025-T4,2025,Comuna 4 (Niño Jesús),Comuna 4,Comuna,Indemnización / reparación,Negativo,13,No entiendo por qué a otros ya les pagaron la reparación y a mí no.
PQR-2025T4-1581,2025-T4,2025,Comuna 4 (Niño Jesús),Comuna 4,Comuna,Indemnización / reparación,Negativo,15,"Fui incluido hace años y todavía no me llega la indemnización, es una injusticia."
PQR-2025T4-1582,2025-T4,2025,Comuna 4 (Niño Jesús),Comuna 4,Comuna,Indemnización / reparación,Neutral,19,¿Cómo consulto el estado de mi proceso de reparación?
PQR-2025T4-1583,2025-T4,2025,Comuna 4 (Niño Jesús),Comuna 4,Comuna,Vivienda,Negativo,14,Postulé al subsidio de vivienda y me rechazaron sin explicación clara.
PQR-2025T4-1584,2025-T4,2025,Comuna 4 (Niño Jesús),Comuna 4,Comuna,Vivienda,Neutral,19,Pregunto por las convocatorias de vivienda para población víctima.
PQR-2025T4-1585,2025-T4,2025,Comuna 4 (Niño Jesús),Comuna 4,Comuna,Vivienda,Negativo,13,La casa que me asignaron tiene problemas y nadie responde.
PQR-2025T4-1586,2025-T4,2025,Comuna 4 (Niño Jesús),Comuna 4,Comuna,Vivienda,Neutral,16,Solicito información sobre el subsidio de mejoramiento de vivienda.
PQR-2025T4-1587,2025-T4,2025,Comuna 4 (Niño Jesús),Comuna 4,Comuna,Vivienda,Positivo,18,El proceso de postulación a vivienda fue claro.
PQR-2025T4-1588,2025-T4,2025,Comuna 4 (Niño Jesús),Comuna 4,Comuna,Vivienda,Negativo,16,Postulé al subsidio de vivienda y me rechazaron sin explicación clara.
PQR-2025T4-1589,2025-T4,2025,Comuna 4 (Niño Jesús),Comuna 4,Comuna,Vivienda,Negativo,16,Postulé al subsidio de vivienda y me rechazaron sin explicación clara.
PQR-2025T4-1590,2025-T4,2025,Comuna 4 (Niño Jesús),Comuna 4,Comuna,Vivienda,Neutral,20,Pregunto por las convocatorias de vivienda para población víctima.
PQR-2025T4-1591,2025-T4,2025,Comuna 4 (Niño Jesús),Comuna 4,Comuna,Vivienda,Neutral,15,Solicito información sobre el subsidio de mejoramiento de vivienda.
PQR-2025T4-1592,2025-T4,2025,Comuna 4 (Niño Jesús),Comuna 4,Comuna,Vivienda,Negativo,20,La casa que me asignaron tiene problemas y nadie responde.
PQR-2025T4-1593,2025-T4,2025,Comuna 4 (Niño Jesús),Comuna 4,Comuna,Vivienda,Negativo,14,Postulé al subsidio de vivienda y me rechazaron sin explicación clara.
PQR-2025T4-1594,2025-T4,2025,Comuna 4 (Niño Jesús),Comuna 4,Comuna,Vivienda,Negativo,15,Postulé al subsidio de vivienda y me rechazaron sin explicación clara.
PQR-2025T4-1595,2025-T4,2025,Comuna 4 (Niño Jesús),Comuna 4,Comuna,Vivienda,Positivo,16,El proceso de postulación a vivienda fue claro.
PQR-2025T4-1596,2025-T4,2025,Comuna 4 (Niño Jesús),Comuna 4,Comuna,Vivienda,Neutral,13,Pregunto por las convocatorias de vivienda para población víctima.
PQR-2025T4-1597,2025-T4,2025,Comuna 4 (Niño Jesús),Comuna 4,Comuna,Vivienda,Neutral,15,Pregunto por las convocatorias de vivienda para población víctima.
PQR-2025T4-1598,2025-T4,2025,Comuna 4 (Niño Jesús),Comuna 4,Comuna,Vivienda,Negativo,18,La casa que me asignaron tiene problemas y nadie responde.
PQR-2025T4-1599,2025-T4,2025,Comuna 4 (Niño Jesús),Comuna 4,Comuna,Vivienda,Neutral,14,Solicito información sobre el subsidio de mejoramiento de vivienda.
PQR-2025T4-1600,2025-T4,2025,Comuna 4 (Niño Jesús),Comuna 4,Comuna,Vivienda,Negativo,18,La casa que me asignaron tiene problemas y nadie responde.
PQR-2025T4-1601,2025-T4,2025,Comuna 4 (Niño Jesús),Comuna 4,Comuna,Vivienda,Neutral,15,Solicito información sobre el subsidio de mejoramiento de vivienda.
PQR-2025T4-1602,2025-T4,2025,Comuna 4 (Niño Jesús),Comuna 4,Comuna,Vivienda,Neutral,14,Pregunto por las convocatorias de vivienda para población víctima.
PQR-2025T4-1603,2025-T4,2025,Comuna 4 (Niño Jesús),Comuna 4,Comuna,Vivienda,Neutral,15,Solicito información sobre el subsidio de mejoramiento de vivienda.
PQR-2025T4-1604,2025-T4,2025,Comuna 4 (Niño Jesús),Comuna 4,Comuna,Vivienda,Negativo,13,Postulé al subsidio de vivienda y me rechazaron sin explicación clara.
PQR-2025T4-1605,2025-T4,2025,Comuna 4 (Niño Jesús),Comuna 4,Comuna,Vivienda,Negativo,20,La casa que me asignaron tiene problemas y nadie responde.
PQR-2025T4-1606,2025-T4,2025,Comuna 4 (Niño Jesús),Comuna 4,Comuna,Vivienda,Negativo,18,La casa que me asignaron tiene problemas y nadie responde.
PQR-2025T4-1607,2025-T4,2025,Comuna 4 (Niño Jesús),Comuna 4,Comuna,Vivienda,Positivo,17,"Me asignaron la vivienda, muy agradecido con el acompañamiento."
PQR-2025T4-1608,2025-T4,2025,Comuna 4 (Niño Jesús),Comuna 4,Comuna,Vivienda,Negativo,20,Postulé al subsidio de vivienda y me rechazaron sin explicación clara.
PQR-2025T4-1609,2025-T4,2025,Comuna 4 (Niño Jesús),Comuna 4,Comuna,Salud y atención psicosocial,Neutral,19,Pregunto por el programa de atención en salud para víctimas.
PQR-2025T4-1610,2025-T4,2025,Comuna 4 (Niño Jesús),Comuna 4,Comuna,Salud y atención psicosocial,Negativo,19,Necesito atención psicosocial y me dan citas para dentro de meses.
PQR-2025T4-1611,2025-T4,2025,Comuna 4 (Niño Jesús),Comuna 4,Comuna,Salud y atención psicosocial,Positivo,17,"La atención psicosocial me ha ayudado mucho, gracias al equipo."
PQR-2025T4-1612,2025-T4,2025,Comuna 4 (Niño Jesús),Comuna 4,Comuna,Salud y atención psicosocial,Positivo,17,"Recibí buena orientación en salud, quedé satisfecho."
PQR-2025T4-1613,2025-T4,2025,Comuna 4 (Niño Jesús),Comuna 4,Comuna,Salud y atención psicosocial,Negativo,14,No hay profesionales suficientes para la atención en salud mental.
PQR-2025T4-1614,2025-T4,2025,Comuna 4 (Niño Jesús),Comuna 4,Comuna,Salud y atención psicosocial,Neutral,19,Pregunto por el programa de atención en salud para víctimas.
PQR-2025T4-1615,2025-T4,2025,Comuna 4 (Niño Jesús),Comuna 4,Comuna,Salud y atención psicosocial,Positivo,15,"Recibí buena orientación en salud, quedé satisfecho."
PQR-2025T4-1616,2025-T4,2025,Comuna 4 (Niño Jesús),Comuna 4,Comuna,Salud y atención psicosocial,Negativo,15,No hay profesionales suficientes para la atención en salud mental.
PQR-2025T4-1617,2025-T4,2025,Comuna 4 (Niño Jesús),Comuna 4,Comuna,Salud y atención psicosocial,Neutral,20,Solicito una cita de atención psicosocial para mi familia.
PQR-2025T4-1618,2025-T4,2025,Comuna 4 (Niño Jesús),Comuna 4,Comuna,Salud y atención psicosocial,Negativo,19,Necesito atención psicosocial y me dan citas para dentro de meses.
PQR-2025T4-1619,2025-T4,2025,Comuna 4 (Niño Jesús),Comuna 4,Comuna,Salud y atención psicosocial,Negativo,18,Necesito atención psicosocial y me dan citas para dentro de meses.
PQR-2025T4-1620,2025-T4,2025,Comuna 4 (Niño Jesús),Comuna 4,Comuna,Salud y atención psicosocial,Negativo,18,No hay profesionales suficientes para la atención en salud mental.
PQR-2025T4-1621,2025-T4,2025,Comuna 4 (Niño Jesús),Comuna 4,Comuna,Salud y atención psicosocial,Negativo,18,Necesito atención psicosocial y me dan citas para dentro de meses.
PQR-2025T4-1622,2025-T4,2025,Comuna 4 (Niño Jesús),Comuna 4,Comuna,Educación,Negativo,13,Mi hijo no ha podido acceder al beneficio educativo prometido.
PQR-2025T4-1623,2025-T4,2025,Comuna 4 (Niño Jesús),Comuna 4,Comuna,Educación,Neutral,16,Solicito información sobre becas para estudiantes víctimas.
PQR-2025T4-1624,2025-T4,2025,Comuna 4 (Niño Jesús),Comuna 4,Comuna,Educación,Positivo,20,"Mi hija obtuvo el apoyo educativo, muy agradecida."
PQR-2025T4-1625,2025-T4,2025,Comuna 4 (Niño Jesús),Comuna 4,Comuna,Educación,Positivo,13,La orientación sobre educación superior fue útil.
PQR-2025T4-1626,2025-T4,2025,Comuna 4 (Niño Jesús),Comuna 4,Comuna,Educación,Negativo,14,Mi hijo no ha podido acceder al beneficio educativo prometido.
PQR-2025T4-1627,2025-T4,2025,Comuna 4 (Niño Jesús),Comuna 4,Comuna,Educación,Neutral,16,Solicito información sobre becas para estudiantes víctimas.
PQR-2025T4-1628,2025-T4,2025,Comuna 4 (Niño Jesús),Comuna 4,Comuna,Educación,Negativo,20,Mi hijo no ha podido acceder al beneficio educativo prometido.
PQR-2025T4-1629,2025-T4,2025,Comuna 4 (Niño Jesús),Comuna 4,Comuna,Registro / inclusión RUV,Neutral,14,¿Qué debo hacer para actualizar mis datos en el RUV?
PQR-2025T4-1630,2025-T4,2025,Comuna 4 (Niño Jesús),Comuna 4,Comuna,Registro / inclusión RUV,Negativo,14,Me negaron la inclusión y no me explicaron los motivos.
PQR-2025T4-1631,2025-T4,2025,Comuna 4 (Niño Jesús),Comuna 4,Comuna,Registro / inclusión RUV,Negativo,17,Me negaron la inclusión y no me explicaron los motivos.
PQR-2025T4-1632,2025-T4,2025,Comuna 4 (Niño Jesús),Comuna 4,Comuna,Registro / inclusión RUV,Neutral,16,Solicito información sobre mi estado en el Registro Único de Víctimas.
PQR-2025T4-1633,2025-T4,2025,Comuna 4 (Niño Jesús),Comuna 4,Comuna,Registro / inclusión RUV,Neutral,18,Solicito información sobre mi estado en el Registro Único de Víctimas.
PQR-2025T4-1634,2025-T4,2025,Comuna 4 (Niño Jesús),Comuna 4,Comuna,Registro / inclusión RUV,Positivo,15,"Ya quedé incluido en el registro, agradezco la ayuda."
PQR-2025T4-1635,2025-T4,2025,Comuna 4 (Niño Jesús),Comuna 4,Comuna,Registro / inclusión RUV,Neutral,17,¿Qué debo hacer para actualizar mis datos en el RUV?
PQR-2025T4-1636,2025-T4,2025,Comuna 4 (Niño Jesús),Comuna 4,Comuna,Registro / inclusión RUV,Negativo,15,Me negaron la inclusión y no me explicaron los motivos.
PQR-2025T4-1637,2025-T4,2025,Comuna 4 (Niño Jesús),Comuna 4,Comuna,Registro / inclusión RUV,Negativo,14,Llevo meses esperando que me incluyan en el RUV y no hay respuesta.
PQR-2025T4-1638,2025-T4,2025,Comuna 4 (Niño Jesús),Comuna 4,Comuna,Registro / inclusión RUV,Negativo,16,Me negaron la inclusión y no me explicaron los motivos.
PQR-2025T4-1639,2025-T4,2025,Comuna 4 (Niño Jesús),Comuna 4,Comuna,Registro / inclusión RUV,Positivo,19,"Ya quedé incluido en el registro, agradezco la ayuda."
PQR-2025T4-1640,2025-T4,2025,Comuna 4 (Niño Jesús),Comuna 4,Comuna,Registro / inclusión RUV,Negativo,18,Llevo meses esperando que me incluyan en el RUV y no hay respuesta.
PQR-2025T4-1641,2025-T4,2025,Comuna 4 (Niño Jesús),Comuna 4,Comuna,Registro / inclusión RUV,Neutral,17,Solicito información sobre mi estado en el Registro Único de Víctimas.
PQR-2025T4-1642,2025-T4,2025,Comuna 4 (Niño Jesús),Comuna 4,Comuna,Registro / inclusión RUV,Negativo,20,Me negaron la inclusión y no me explicaron los motivos.
PQR-2025T4-1643,2025-T4,2025,Comuna 4 (Niño Jesús),Comuna 4,Comuna,Registro / inclusión RUV,Negativo,18,Me negaron la inclusión y no me explicaron los motivos.
PQR-2025T4-1644,2025-T4,2025,Comuna 4 (Niño Jesús),Comuna 4,Comuna,Registro / inclusión RUV,Positivo,17,"Ya quedé incluido en el registro, agradezco la ayuda."
PQR-2025T4-1645,2025-T4,2025,Comuna 4 (Niño Jesús),Comuna 4,Comuna,Retornos y reubicación,Negativo,16,Solicité apoyo para el retorno y no hay condiciones de seguridad.
PQR-2025T4-1646,2025-T4,2025,Comuna 4 (Niño Jesús),Comuna 4,Comuna,Retornos y reubicación,Neutral,17,Solicito información sobre acompañamiento para reubicación.
PQR-2025T4-1647,2025-T4,2025,Comuna 4 (Niño Jesús),Comuna 4,Comuna,Retornos y reubicación,Negativo,19,Solicité apoyo para el retorno y no hay condiciones de seguridad.
PQR-2025T4-1648,2025-T4,2025,Comuna 4 (Niño Jesús),Comuna 4,Comuna,Retornos y reubicación,Negativo,15,Solicité apoyo para el retorno y no hay condiciones de seguridad.
PQR-2025T4-1649,2025-T4,2025,Comuna 4 (Niño Jesús),Comuna 4,Comuna,Retornos y reubicación,Neutral,18,Pregunto por el plan de retorno para mi comunidad.
PQR-2025T4-1650,2025-T4,2025,Comuna 4 (Niño Jesús),Comuna 4,Comuna,Retornos y reubicación,Negativo,13,El proceso de reubicación está detenido hace tiempo.
PQR-2025T4-1651,2025-T4,2025,Comuna 4 (Niño Jesús),Comuna 4,Comuna,Retornos y reubicación,Positivo,20,"El acompañamiento para el retorno fue bueno, gracias."
PQR-2025T4-1652,2025-T4,2025,Comuna 4 (Niño Jesús),Comuna 4,Comuna,Retornos y reubicación,Neutral,14,Solicito información sobre acompañamiento para reubicación.
PQR-2025T4-1653,2025-T4,2025,Comuna 4 (Niño Jesús),Comuna 4,Comuna,Retornos y reubicación,Negativo,19,Solicité apoyo para el retorno y no hay condiciones de seguridad.
PQR-2025T4-1654,2025-T4,2025,Comuna 4 (Niño Jesús),Comuna 4,Comuna,Retornos y reubicación,Neutral,20,Pregunto por el plan de retorno para mi comunidad.
PQR-2025T4-1655,2025-T4,2025,Comuna 4 (Niño Jesús),Comuna 4,Comuna,Otros trámites,Neutral,18,Pregunto por el horario de atención de la oficina.
PQR-2025T4-1656,2025-T4,2025,Comuna 4 (Niño Jesús),Comuna 4,Comuna,Otros trámites,Positivo,13,La atención en ventanilla fue amable y rápida.
PQR-2025T4-1657,2025-T4,2025,Comuna 4 (Niño Jesús),Comuna 4,Comuna,Otros trámites,Positivo,20,Me resolvieron el trámite sin complicaciones.
PQR-2025T4-1658,2025-T4,2025,Comuna 4 (Niño Jesús),Comuna 4,Comuna,Otros trámites,Neutral,19,Solicito un certificado de mi condición de víctima.
PQR-2025T4-1659,2025-T4,2025,Comuna 4 (Niño Jesús),Comuna 4,Comuna,Otros trámites,Neutral,20,Solicito un certificado de mi condición de víctima.
PQR-2025T4-1660,2025-T4,2025,Comuna 4 (Niño Jesús),Comuna 4,Comuna,Otros trámites,Positivo,16,La atención en ventanilla fue amable y rápida.
PQR-2025T4-1661,2025-T4,2025,Comuna 4 (Niño Jesús),Comuna 4,Comuna,Otros trámites,Positivo,18,La atención en ventanilla fue amable y rápida.
PQR-2025T4-1662,2025-T4,2025,Comuna 4 (Niño Jesús),Comuna 4,Comuna,Otros trámites,Positivo,17,La atención en ventanilla fue amable y rápida.
PQR-2025T4-1663,2025-T4,2025,Comuna 4 (Niño Jesús),Comuna 4,Comuna,Otros trámites,Positivo,15,La atención en ventanilla fue amable y rápida.
PQR-2025T4-1664,2025-T4,2025,Comuna 4 (Niño Jesús),Comuna 4,Comuna,Otros trámites,Negativo,14,La fila de atención es muy larga y no alcanzan a atender.
PQR-2025T4-1665,2025-T4,2025,Comuna 5 (Cristo Rey),Comuna 5,Comuna,Ayuda humanitaria,Neutral,19,Pregunto por el estado de mi solicitud de ayuda humanitaria inmediata.
PQR-2025T4-1666,2025-T4,2025,Comuna 5 (Cristo Rey),Comuna 5,Comuna,Ayuda humanitaria,Negativo,18,Llevo tres meses esperando la ayuda humanitaria y no me han dado respuesta.
PQR-2025T4-1667,2025-T4,2025,Comuna 5 (Cristo Rey),Comuna 5,Comuna,Ayuda humanitaria,Positivo,16,"La atención para la ayuda de emergencia fue oportuna, gracias."
PQR-2025T4-1668,2025-T4,2025,Comuna 5 (Cristo Rey),Comuna 5,Comuna,Ayuda humanitaria,Neutral,13,Quisiera saber qué documentos faltan para la ayuda humanitaria.
PQR-2025T4-1669,2025-T4,2025,Comuna 5 (Cristo Rey),Comuna 5,Comuna,Ayuda humanitaria,Neutral,16,Quisiera saber qué documentos faltan para la ayuda humanitaria.
PQR-2025T4-1670,2025-T4,2025,Comuna 5 (Cristo Rey),Comuna 5,Comuna,Ayuda humanitaria,Negativo,15,Llevo tres meses esperando la ayuda humanitaria y no me han dado respuesta.
PQR-2025T4-1671,2025-T4,2025,Comuna 5 (Cristo Rey),Comuna 5,Comuna,Ayuda humanitaria,Neutral,20,Quisiera saber qué documentos faltan para la ayuda humanitaria.
PQR-2025T4-1672,2025-T4,2025,Comuna 5 (Cristo Rey),Comuna 5,Comuna,Ayuda humanitaria,Negativo,13,Llevo tres meses esperando la ayuda humanitaria y no me han dado respuesta.
PQR-2025T4-1673,2025-T4,2025,Comuna 5 (Cristo Rey),Comuna 5,Comuna,Ayuda humanitaria,Negativo,20,"Solicité el mercado de emergencia y nunca llegó, mi familia está pasando necesidad."
PQR-2025T4-1674,2025-T4,2025,Comuna 5 (Cristo Rey),Comuna 5,Comuna,Ayuda humanitaria,Positivo,13,Agradezco que me entregaron la ayuda humanitaria rápidamente.
PQR-2025T4-1675,2025-T4,2025,Comuna 5 (Cristo Rey),Comuna 5,Comuna,Ayuda humanitaria,Positivo,14,"La atención para la ayuda de emergencia fue oportuna, gracias."
PQR-2025T4-1676,2025-T4,2025,Comuna 5 (Cristo Rey),Comuna 5,Comuna,Ayuda humanitaria,Neutral,20,Quisiera saber qué documentos faltan para la ayuda humanitaria.
PQR-2025T4-1677,2025-T4,2025,Comuna 5 (Cristo Rey),Comuna 5,Comuna,Ayuda humanitaria,Negativo,15,"Solicité el mercado de emergencia y nunca llegó, mi familia está pasando necesidad."
PQR-2025T4-1678,2025-T4,2025,Comuna 5 (Cristo Rey),Comuna 5,Comuna,Ayuda humanitaria,Negativo,17,"Solicité el mercado de emergencia y nunca llegó, mi familia está pasando necesidad."
PQR-2025T4-1679,2025-T4,2025,Comuna 5 (Cristo Rey),Comuna 5,Comuna,Ayuda humanitaria,Neutral,13,Pregunto por el estado de mi solicitud de ayuda humanitaria inmediata.
PQR-2025T4-1680,2025-T4,2025,Comuna 5 (Cristo Rey),Comuna 5,Comuna,Ayuda humanitaria,Negativo,13,Llevo tres meses esperando la ayuda humanitaria y no me han dado respuesta.
PQR-2025T4-1681,2025-T4,2025,Comuna 5 (Cristo Rey),Comuna 5,Comuna,Ayuda humanitaria,Positivo,18,"La atención para la ayuda de emergencia fue oportuna, gracias."
PQR-2025T4-1682,2025-T4,2025,Comuna 5 (Cristo Rey),Comuna 5,Comuna,Ayuda humanitaria,Negativo,20,Llevo tres meses esperando la ayuda humanitaria y no me han dado respuesta.
PQR-2025T4-1683,2025-T4,2025,Comuna 5 (Cristo Rey),Comuna 5,Comuna,Ayuda humanitaria,Neutral,13,Pregunto por el estado de mi solicitud de ayuda humanitaria inmediata.
PQR-2025T4-1684,2025-T4,2025,Comuna 5 (Cristo Rey),Comuna 5,Comuna,Ayuda humanitaria,Negativo,16,Llevo tres meses esperando la ayuda humanitaria y no me han dado respuesta.
PQR-2025T4-1685,2025-T4,2025,Comuna 5 (Cristo Rey),Comuna 5,Comuna,Ayuda humanitaria,Positivo,14,"La atención para la ayuda de emergencia fue oportuna, gracias."
PQR-2025T4-1686,2025-T4,2025,Comuna 5 (Cristo Rey),Comuna 5,Comuna,Ayuda humanitaria,Negativo,14,Llevo tres meses esperando la ayuda humanitaria y no me han dado respuesta.
PQR-2025T4-1687,2025-T4,2025,Comuna 5 (Cristo Rey),Comuna 5,Comuna,Ayuda humanitaria,Neutral,15,Pregunto por el estado de mi solicitud de ayuda humanitaria inmediata.
PQR-2025T4-1688,2025-T4,2025,Comuna 5 (Cristo Rey),Comuna 5,Comuna,Ayuda humanitaria,Negativo,17,Llevo tres meses esperando la ayuda humanitaria y no me han dado respuesta.
PQR-2025T4-1689,2025-T4,2025,Comuna 5 (Cristo Rey),Comuna 5,Comuna,Ayuda humanitaria,Negativo,19,Llevo tres meses esperando la ayuda humanitaria y no me han dado respuesta.
PQR-2025T4-1690,2025-T4,2025,Comuna 5 (Cristo Rey),Comuna 5,Comuna,Ayuda humanitaria,Negativo,21,"Solicité el mercado de emergencia y nunca llegó, mi familia está pasando necesidad."
PQR-2025T4-1691,2025-T4,2025,Comuna 5 (Cristo Rey),Comuna 5,Comuna,Ayuda humanitaria,Neutral,18,Quisiera saber qué documentos faltan para la ayuda humanitaria.
PQR-2025T4-1692,2025-T4,2025,Comuna 5 (Cristo Rey),Comuna 5,Comuna,Ayuda humanitaria,Negativo,19,Llevo tres meses esperando la ayuda humanitaria y no me han dado respuesta.
PQR-2025T4-1693,2025-T4,2025,Comuna 5 (Cristo Rey),Comuna 5,Comuna,Ayuda humanitaria,Neutral,15,Pregunto por el estado de mi solicitud de ayuda humanitaria inmediata.
PQR-2025T4-1694,2025-T4,2025,Comuna 5 (Cristo Rey),Comuna 5,Comuna,Ayuda humanitaria,Positivo,14,Agradezco que me entregaron la ayuda humanitaria rápidamente.
PQR-2025T4-1695,2025-T4,2025,Comuna 5 (Cristo Rey),Comuna 5,Comuna,Ayuda humanitaria,Positivo,18,"La atención para la ayuda de emergencia fue oportuna, gracias."
PQR-2025T4-1696,2025-T4,2025,Comuna 5 (Cristo Rey),Comuna 5,Comuna,Ayuda humanitaria,Neutral,18,Quisiera saber qué documentos faltan para la ayuda humanitaria.
PQR-2025T4-1697,2025-T4,2025,Comuna 5 (Cristo Rey),Comuna 5,Comuna,Ayuda humanitaria,Positivo,18,Agradezco que me entregaron la ayuda humanitaria rápidamente.
PQR-2025T4-1698,2025-T4,2025,Comuna 5 (Cristo Rey),Comuna 5,Comuna,Ayuda humanitaria,Negativo,15,Llevo tres meses esperando la ayuda humanitaria y no me han dado respuesta.
PQR-2025T4-1699,2025-T4,2025,Comuna 5 (Cristo Rey),Comuna 5,Comuna,Ayuda humanitaria,Positivo,20,Agradezco que me entregaron la ayuda humanitaria rápidamente.
PQR-2025T4-1700,2025-T4,2025,Comuna 5 (Cristo Rey),Comuna 5,Comuna,Ayuda humanitaria,Neutral,13,Pregunto por el estado de mi solicitud de ayuda humanitaria inmediata.
PQR-2025T4-1701,2025-T4,2025,Comuna 5 (Cristo Rey),Comuna 5,Comuna,Ayuda humanitaria,Negativo,14,"Solicité el mercado de emergencia y nunca llegó, mi familia está pasando necesidad."
PQR-2025T4-1702,2025-T4,2025,Comuna 5 (Cristo Rey),Comuna 5,Comuna,Ayuda humanitaria,Negativo,19,Llevo tres meses esperando la ayuda humanitaria y no me han dado respuesta.
PQR-2025T4-1703,2025-T4,2025,Comuna 5 (Cristo Rey),Comuna 5,Comuna,Ayuda humanitaria,Neutral,19,Quisiera saber qué documentos faltan para la ayuda humanitaria.
PQR-2025T4-1704,2025-T4,2025,Comuna 5 (Cristo Rey),Comuna 5,Comuna,Ayuda humanitaria,Negativo,20,Llevo tres meses esperando la ayuda humanitaria y no me han dado respuesta.
PQR-2025T4-1705,2025-T4,2025,Comuna 5 (Cristo Rey),Comuna 5,Comuna,Ayuda humanitaria,Negativo,19,"Solicité el mercado de emergencia y nunca llegó, mi familia está pasando necesidad."
PQR-2025T4-1706,2025-T4,2025,Comuna 5 (Cristo Rey),Comuna 5,Comuna,Ayuda humanitaria,Negativo,17,Llevo tres meses esperando la ayuda humanitaria y no me han dado respuesta.
PQR-2025T4-1707,2025-T4,2025,Comuna 5 (Cristo Rey),Comuna 5,Comuna,Indemnización / reparación,Negativo,17,"Fui incluido hace años y todavía no me llega la indemnización, es una injusticia."
PQR-2025T4-1708,2025-T4,2025,Comuna 5 (Cristo Rey),Comuna 5,Comuna,Indemnización / reparación,Negativo,15,No entiendo por qué a otros ya les pagaron la reparación y a mí no.
PQR-2025T4-1709,2025-T4,2025,Comuna 5 (Cristo Rey),Comuna 5,Comuna,Indemnización / reparación,Negativo,20,"Fui incluido hace años y todavía no me llega la indemnización, es una injusticia."
PQR-2025T4-1710,2025-T4,2025,Comuna 5 (Cristo Rey),Comuna 5,Comuna,Indemnización / reparación,Negativo,17,No entiendo por qué a otros ya les pagaron la reparación y a mí no.
PQR-2025T4-1711,2025-T4,2025,Comuna 5 (Cristo Rey),Comuna 5,Comuna,Indemnización / reparación,Neutral,18,Solicito información sobre el turno de mi indemnización administrativa.
PQR-2025T4-1712,2025-T4,2025,Comuna 5 (Cristo Rey),Comuna 5,Comuna,Indemnización / reparación,Negativo,14,"Fui incluido hace años y todavía no me llega la indemnización, es una injusticia."
PQR-2025T4-1713,2025-T4,2025,Comuna 5 (Cristo Rey),Comuna 5,Comuna,Indemnización / reparación,Neutral,13,¿Cómo consulto el estado de mi proceso de reparación?
PQR-2025T4-1714,2025-T4,2025,Comuna 5 (Cristo Rey),Comuna 5,Comuna,Indemnización / reparación,Negativo,16,No entiendo por qué a otros ya les pagaron la reparación y a mí no.
PQR-2025T4-1715,2025-T4,2025,Comuna 5 (Cristo Rey),Comuna 5,Comuna,Indemnización / reparación,Negativo,16,No entiendo por qué a otros ya les pagaron la reparación y a mí no.
PQR-2025T4-1716,2025-T4,2025,Comuna 5 (Cristo Rey),Comuna 5,Comuna,Indemnización / reparación,Negativo,19,No entiendo por qué a otros ya les pagaron la reparación y a mí no.
PQR-2025T4-1717,2025-T4,2025,Comuna 5 (Cristo Rey),Comuna 5,Comuna,Indemnización / reparación,Neutral,14,¿Cómo consulto el estado de mi proceso de reparación?
PQR-2025T4-1718,2025-T4,2025,Comuna 5 (Cristo Rey),Comuna 5,Comuna,Indemnización / reparación,Neutral,14,¿Cómo consulto el estado de mi proceso de reparación?
PQR-2025T4-1719,2025-T4,2025,Comuna 5 (Cristo Rey),Comuna 5,Comuna,Indemnización / reparación,Neutral,15,Solicito información sobre el turno de mi indemnización administrativa.
PQR-2025T4-1720,2025-T4,2025,Comuna 5 (Cristo Rey),Comuna 5,Comuna,Indemnización / reparación,Neutral,19,¿Cómo consulto el estado de mi proceso de reparación?
PQR-2025T4-1721,2025-T4,2025,Comuna 5 (Cristo Rey),Comuna 5,Comuna,Indemnización / reparación,Neutral,15,Solicito información sobre el turno de mi indemnización administrativa.
PQR-2025T4-1722,2025-T4,2025,Comuna 5 (Cristo Rey),Comuna 5,Comuna,Indemnización / reparación,Negativo,15,No entiendo por qué a otros ya les pagaron la reparación y a mí no.
PQR-2025T4-1723,2025-T4,2025,Comuna 5 (Cristo Rey),Comuna 5,Comuna,Indemnización / reparación,Neutral,19,Solicito información sobre el turno de mi indemnización administrativa.
PQR-2025T4-1724,2025-T4,2025,Comuna 5 (Cristo Rey),Comuna 5,Comuna,Indemnización / reparación,Negativo,15,No entiendo por qué a otros ya les pagaron la reparación y a mí no.
PQR-2025T4-1725,2025-T4,2025,Comuna 5 (Cristo Rey),Comuna 5,Comuna,Indemnización / reparación,Neutral,17,Solicito información sobre el turno de mi indemnización administrativa.
PQR-2025T4-1726,2025-T4,2025,Comuna 5 (Cristo Rey),Comuna 5,Comuna,Indemnización / reparación,Neutral,19,Solicito información sobre el turno de mi indemnización administrativa.
PQR-2025T4-1727,2025-T4,2025,Comuna 5 (Cristo Rey),Comuna 5,Comuna,Indemnización / reparación,Negativo,13,No entiendo por qué a otros ya les pagaron la reparación y a mí no.
PQR-2025T4-1728,2025-T4,2025,Comuna 5 (Cristo Rey),Comuna 5,Comuna,Indemnización / reparación,Negativo,18,"Fui incluido hace años y todavía no me llega la indemnización, es una injusticia."
PQR-2025T4-1729,2025-T4,2025,Comuna 5 (Cristo Rey),Comuna 5,Comuna,Indemnización / reparación,Negativo,17,"Fui incluido hace años y todavía no me llega la indemnización, es una injusticia."
PQR-2025T4-1730,2025-T4,2025,Comuna 5 (Cristo Rey),Comuna 5,Comuna,Indemnización / reparación,Negativo,13,"Fui incluido hace años y todavía no me llega la indemnización, es una injusticia."
PQR-2025T4-1731,2025-T4,2025,Comuna 5 (Cristo Rey),Comuna 5,Comuna,Indemnización / reparación,Negativo,15,No entiendo por qué a otros ya les pagaron la reparación y a mí no.
PQR-2025T4-1732,2025-T4,2025,Comuna 5 (Cristo Rey),Comuna 5,Comuna,Indemnización / reparación,Positivo,19,Me orientaron bien sobre el proceso de reparación.
PQR-2025T4-1733,2025-T4,2025,Comuna 5 (Cristo Rey),Comuna 5,Comuna,Indemnización / reparación,Positivo,20,Me orientaron bien sobre el proceso de reparación.
PQR-2025T4-1734,2025-T4,2025,Comuna 5 (Cristo Rey),Comuna 5,Comuna,Indemnización / reparación,Neutral,13,¿Cómo consulto el estado de mi proceso de reparación?
PQR-2025T4-1735,2025-T4,2025,Comuna 5 (Cristo Rey),Comuna 5,Comuna,Indemnización / reparación,Negativo,13,"Fui incluido hace años y todavía no me llega la indemnización, es una injusticia."
PQR-2025T4-1736,2025-T4,2025,Comuna 5 (Cristo Rey),Comuna 5,Comuna,Indemnización / reparación,Negativo,17,No entiendo por qué a otros ya les pagaron la reparación y a mí no.
PQR-2025T4-1737,2025-T4,2025,Comuna 5 (Cristo Rey),Comuna 5,Comuna,Indemnización / reparación,Negativo,18,No entiendo por qué a otros ya les pagaron la reparación y a mí no.
PQR-2025T4-1738,2025-T4,2025,Comuna 5 (Cristo Rey),Comuna 5,Comuna,Indemnización / reparación,Negativo,13,"Fui incluido hace años y todavía no me llega la indemnización, es una injusticia."
PQR-2025T4-1739,2025-T4,2025,Comuna 5 (Cristo Rey),Comuna 5,Comuna,Indemnización / reparación,Neutral,16,¿Cómo consulto el estado de mi proceso de reparación?
PQR-2025T4-1740,2025-T4,2025,Comuna 5 (Cristo Rey),Comuna 5,Comuna,Vivienda,Positivo,17,El proceso de postulación a vivienda fue claro.
PQR-2025T4-1741,2025-T4,2025,Comuna 5 (Cristo Rey),Comuna 5,Comuna,Vivienda,Negativo,17,La casa que me asignaron tiene problemas y nadie responde.
PQR-2025T4-1742,2025-T4,2025,Comuna 5 (Cristo Rey),Comuna 5,Comuna,Vivienda,Negativo,20,Postulé al subsidio de vivienda y me rechazaron sin explicación clara.
PQR-2025T4-1743,2025-T4,2025,Comuna 5 (Cristo Rey),Comuna 5,Comuna,Vivienda,Negativo,19,La casa que me asignaron tiene problemas y nadie responde.
PQR-2025T4-1744,2025-T4,2025,Comuna 5 (Cristo Rey),Comuna 5,Comuna,Vivienda,Positivo,19,"Me asignaron la vivienda, muy agradecido con el acompañamiento."
PQR-2025T4-1745,2025-T4,2025,Comuna 5 (Cristo Rey),Comuna 5,Comuna,Vivienda,Neutral,16,Pregunto por las convocatorias de vivienda para población víctima.
PQR-2025T4-1746,2025-T4,2025,Comuna 5 (Cristo Rey),Comuna 5,Comuna,Vivienda,Negativo,13,Postulé al subsidio de vivienda y me rechazaron sin explicación clara.
PQR-2025T4-1747,2025-T4,2025,Comuna 5 (Cristo Rey),Comuna 5,Comuna,Vivienda,Negativo,19,La casa que me asignaron tiene problemas y nadie responde.
PQR-2025T4-1748,2025-T4,2025,Comuna 5 (Cristo Rey),Comuna 5,Comuna,Vivienda,Negativo,19,Postulé al subsidio de vivienda y me rechazaron sin explicación clara.
PQR-2025T4-1749,2025-T4,2025,Comuna 5 (Cristo Rey),Comuna 5,Comuna,Vivienda,Negativo,14,La casa que me asignaron tiene problemas y nadie responde.
PQR-2025T4-1750,2025-T4,2025,Comuna 5 (Cristo Rey),Comuna 5,Comuna,Vivienda,Neutral,21,Pregunto por las convocatorias de vivienda para población víctima.
PQR-2025T4-1751,2025-T4,2025,Comuna 5 (Cristo Rey),Comuna 5,Comuna,Vivienda,Negativo,18,Postulé al subsidio de vivienda y me rechazaron sin explicación clara.
PQR-2025T4-1752,2025-T4,2025,Comuna 5 (Cristo Rey),Comuna 5,Comuna,Vivienda,Negativo,17,Postulé al subsidio de vivienda y me rechazaron sin explicación clara.
PQR-2025T4-1753,2025-T4,2025,Comuna 5 (Cristo Rey),Comuna 5,Comuna,Vivienda,Negativo,14,Postulé al subsidio de vivienda y me rechazaron sin explicación clara.
PQR-2025T4-1754,2025-T4,2025,Comuna 5 (Cristo Rey),Comuna 5,Comuna,Vivienda,Neutral,18,Pregunto por las convocatorias de vivienda para población víctima.
PQR-2025T4-1755,2025-T4,2025,Comuna 5 (Cristo Rey),Comuna 5,Comuna,Vivienda,Neutral,13,Pregunto por las convocatorias de vivienda para población víctima.
PQR-2025T4-1756,2025-T4,2025,Comuna 5 (Cristo Rey),Comuna 5,Comuna,Vivienda,Positivo,13,"Me asignaron la vivienda, muy agradecido con el acompañamiento."
PQR-2025T4-1757,2025-T4,2025,Comuna 5 (Cristo Rey),Comuna 5,Comuna,Vivienda,Negativo,17,La casa que me asignaron tiene problemas y nadie responde.
PQR-2025T4-1758,2025-T4,2025,Comuna 5 (Cristo Rey),Comuna 5,Comuna,Vivienda,Negativo,15,Postulé al subsidio de vivienda y me rechazaron sin explicación clara.
PQR-2025T4-1759,2025-T4,2025,Comuna 5 (Cristo Rey),Comuna 5,Comuna,Salud y atención psicosocial,Negativo,16,Necesito atención psicosocial y me dan citas para dentro de meses.
PQR-2025T4-1760,2025-T4,2025,Comuna 5 (Cristo Rey),Comuna 5,Comuna,Salud y atención psicosocial,Negativo,18,Necesito atención psicosocial y me dan citas para dentro de meses.
PQR-2025T4-1761,2025-T4,2025,Comuna 5 (Cristo Rey),Comuna 5,Comuna,Salud y atención psicosocial,Positivo,13,"La atención psicosocial me ha ayudado mucho, gracias al equipo."
PQR-2025T4-1762,2025-T4,2025,Comuna 5 (Cristo Rey),Comuna 5,Comuna,Salud y atención psicosocial,Negativo,20,Necesito atención psicosocial y me dan citas para dentro de meses.
PQR-2025T4-1763,2025-T4,2025,Comuna 5 (Cristo Rey),Comuna 5,Comuna,Salud y atención psicosocial,Neutral,14,Solicito una cita de atención psicosocial para mi familia.
PQR-2025T4-1764,2025-T4,2025,Comuna 5 (Cristo Rey),Comuna 5,Comuna,Salud y atención psicosocial,Neutral,17,Solicito una cita de atención psicosocial para mi familia.
PQR-2025T4-1765,2025-T4,2025,Comuna 5 (Cristo Rey),Comuna 5,Comuna,Salud y atención psicosocial,Positivo,18,"Recibí buena orientación en salud, quedé satisfecho."
PQR-2025T4-1766,2025-T4,2025,Comuna 5 (Cristo Rey),Comuna 5,Comuna,Salud y atención psicosocial,Negativo,18,Necesito atención psicosocial y me dan citas para dentro de meses.
PQR-2025T4-1767,2025-T4,2025,Comuna 5 (Cristo Rey),Comuna 5,Comuna,Salud y atención psicosocial,Negativo,19,No hay profesionales suficientes para la atención en salud mental.
PQR-2025T4-1768,2025-T4,2025,Comuna 5 (Cristo Rey),Comuna 5,Comuna,Salud y atención psicosocial,Positivo,15,"Recibí buena orientación en salud, quedé satisfecho."
PQR-2025T4-1769,2025-T4,2025,Comuna 5 (Cristo Rey),Comuna 5,Comuna,Salud y atención psicosocial,Negativo,21,No hay profesionales suficientes para la atención en salud mental.
PQR-2025T4-1770,2025-T4,2025,Comuna 5 (Cristo Rey),Comuna 5,Comuna,Salud y atención psicosocial,Negativo,15,No hay profesionales suficientes para la atención en salud mental.
PQR-2025T4-1771,2025-T4,2025,Comuna 5 (Cristo Rey),Comuna 5,Comuna,Educación,Neutral,13,Solicito información sobre becas para estudiantes víctimas.
PQR-2025T4-1772,2025-T4,2025,Comuna 5 (Cristo Rey),Comuna 5,Comuna,Educación,Positivo,19,La orientación sobre educación superior fue útil.
PQR-2025T4-1773,2025-T4,2025,Comuna 5 (Cristo Rey),Comuna 5,Comuna,Educación,Positivo,20,La orientación sobre educación superior fue útil.
PQR-2025T4-1774,2025-T4,2025,Comuna 5 (Cristo Rey),Comuna 5,Comuna,Educación,Positivo,17,La orientación sobre educación superior fue útil.
PQR-2025T4-1775,2025-T4,2025,Comuna 5 (Cristo Rey),Comuna 5,Comuna,Educación,Neutral,18,Pregunto por el apoyo educativo para el próximo semestre.
PQR-2025T4-1776,2025-T4,2025,Comuna 5 (Cristo Rey),Comuna 5,Comuna,Educación,Positivo,15,La orientación sobre educación superior fue útil.
PQR-2025T4-1777,2025-T4,2025,Comuna 5 (Cristo Rey),Comuna 5,Comuna,Educación,Positivo,13,"Mi hija obtuvo el apoyo educativo, muy agradecida."
PQR-2025T4-1778,2025-T4,2025,Comuna 5 (Cristo Rey),Comuna 5,Comuna,Educación,Positivo,15,La orientación sobre educación superior fue útil.
PQR-2025T4-1779,2025-T4,2025,Comuna 5 (Cristo Rey),Comuna 5,Comuna,Educación,Negativo,18,Mi hijo no ha podido acceder al beneficio educativo prometido.
PQR-2025T4-1780,2025-T4,2025,Comuna 5 (Cristo Rey),Comuna 5,Comuna,Educación,Neutral,16,Solicito información sobre becas para estudiantes víctimas.
PQR-2025T4-1781,2025-T4,2025,Comuna 5 (Cristo Rey),Comuna 5,Comuna,Educación,Positivo,14,La orientación sobre educación superior fue útil.
PQR-2025T4-1782,2025-T4,2025,Comuna 5 (Cristo Rey),Comuna 5,Comuna,Educación,Positivo,16,"Mi hija obtuvo el apoyo educativo, muy agradecida."
PQR-2025T4-1783,2025-T4,2025,Comuna 5 (Cristo Rey),Comuna 5,Comuna,Registro / inclusión RUV,Negativo,17,Me negaron la inclusión y no me explicaron los motivos.
PQR-2025T4-1784,2025-T4,2025,Comuna 5 (Cristo Rey),Comuna 5,Comuna,Registro / inclusión RUV,Positivo,20,"Me orientaron bien para la declaración, todo salió bien."
PQR-2025T4-1785,2025-T4,2025,Comuna 5 (Cristo Rey),Comuna 5,Comuna,Registro / inclusión RUV,Negativo,19,Me negaron la inclusión y no me explicaron los motivos.
PQR-2025T4-1786,2025-T4,2025,Comuna 5 (Cristo Rey),Comuna 5,Comuna,Registro / inclusión RUV,Positivo,19,"Ya quedé incluido en el registro, agradezco la ayuda."
PQR-2025T4-1787,2025-T4,2025,Comuna 5 (Cristo Rey),Comuna 5,Comuna,Registro / inclusión RUV,Negativo,13,Llevo meses esperando que me incluyan en el RUV y no hay respuesta.
PQR-2025T4-1788,2025-T4,2025,Comuna 5 (Cristo Rey),Comuna 5,Comuna,Registro / inclusión RUV,Negativo,16,Llevo meses esperando que me incluyan en el RUV y no hay respuesta.
PQR-2025T4-1789,2025-T4,2025,Comuna 5 (Cristo Rey),Comuna 5,Comuna,Registro / inclusión RUV,Negativo,18,Llevo meses esperando que me incluyan en el RUV y no hay respuesta.
PQR-2025T4-1790,2025-T4,2025,Comuna 5 (Cristo Rey),Comuna 5,Comuna,Registro / inclusión RUV,Negativo,21,Me negaron la inclusión y no me explicaron los motivos.
PQR-2025T4-1791,2025-T4,2025,Comuna 5 (Cristo Rey),Comuna 5,Comuna,Registro / inclusión RUV,Neutral,19,¿Qué debo hacer para actualizar mis datos en el RUV?
PQR-2025T4-1792,2025-T4,2025,Comuna 5 (Cristo Rey),Comuna 5,Comuna,Registro / inclusión RUV,Negativo,20,Llevo meses esperando que me incluyan en el RUV y no hay respuesta.
PQR-2025T4-1793,2025-T4,2025,Comuna 5 (Cristo Rey),Comuna 5,Comuna,Registro / inclusión RUV,Neutral,17,¿Qué debo hacer para actualizar mis datos en el RUV?
PQR-2025T4-1794,2025-T4,2025,Comuna 5 (Cristo Rey),Comuna 5,Comuna,Registro / inclusión RUV,Negativo,17,Llevo meses esperando que me incluyan en el RUV y no hay respuesta.
PQR-2025T4-1795,2025-T4,2025,Comuna 5 (Cristo Rey),Comuna 5,Comuna,Registro / inclusión RUV,Negativo,14,Llevo meses esperando que me incluyan en el RUV y no hay respuesta.
PQR-2025T4-1796,2025-T4,2025,Comuna 5 (Cristo Rey),Comuna 5,Comuna,Registro / inclusión RUV,Negativo,14,Llevo meses esperando que me incluyan en el RUV y no hay respuesta.
PQR-2025T4-1797,2025-T4,2025,Comuna 5 (Cristo Rey),Comuna 5,Comuna,Registro / inclusión RUV,Neutral,15,Solicito información sobre mi estado en el Registro Único de Víctimas.
PQR-2025T4-1798,2025-T4,2025,Comuna 5 (Cristo Rey),Comuna 5,Comuna,Registro / inclusión RUV,Negativo,20,Me negaron la inclusión y no me explicaron los motivos.
PQR-2025T4-1799,2025-T4,2025,Comuna 5 (Cristo Rey),Comuna 5,Comuna,Registro / inclusión RUV,Positivo,18,"Me orientaron bien para la declaración, todo salió bien."
PQR-2025T4-1800,2025-T4,2025,Comuna 5 (Cristo Rey),Comuna 5,Comuna,Registro / inclusión RUV,Neutral,20,Solicito información sobre mi estado en el Registro Único de Víctimas.
PQR-2025T4-1801,2025-T4,2025,Comuna 5 (Cristo Rey),Comuna 5,Comuna,Registro / inclusión RUV,Negativo,13,Me negaron la inclusión y no me explicaron los motivos.
PQR-2025T4-1802,2025-T4,2025,Comuna 5 (Cristo Rey),Comuna 5,Comuna,Registro / inclusión RUV,Negativo,19,Llevo meses esperando que me incluyan en el RUV y no hay respuesta.
PQR-2025T4-1803,2025-T4,2025,Comuna 5 (Cristo Rey),Comuna 5,Comuna,Registro / inclusión RUV,Neutral,19,Solicito información sobre mi estado en el Registro Único de Víctimas.
PQR-2025T4-1804,2025-T4,2025,Comuna 5 (Cristo Rey),Comuna 5,Comuna,Registro / inclusión RUV,Neutral,13,¿Qué debo hacer para actualizar mis datos en el RUV?
PQR-2025T4-1805,2025-T4,2025,Comuna 5 (Cristo Rey),Comuna 5,Comuna,Registro / inclusión RUV,Neutral,13,Solicito información sobre mi estado en el Registro Único de Víctimas.
PQR-2025T4-1806,2025-T4,2025,Comuna 5 (Cristo Rey),Comuna 5,Comuna,Retornos y reubicación,Positivo,17,Nos apoyaron en la reubicación de manera adecuada.
PQR-2025T4-1807,2025-T4,2025,Comuna 5 (Cristo Rey),Comuna 5,Comuna,Retornos y reubicación,Positivo,14,"El acompañamiento para el retorno fue bueno, gracias."
PQR-2025T4-1808,2025-T4,2025,Comuna 5 (Cristo Rey),Comuna 5,Comuna,Retornos y reubicación,Negativo,20,El proceso de reubicación está detenido hace tiempo.
PQR-2025T4-1809,2025-T4,2025,Comuna 5 (Cristo Rey),Comuna 5,Comuna,Retornos y reubicación,Neutral,18,Pregunto por el plan de retorno para mi comunidad.
PQR-2025T4-1810,2025-T4,2025,Comuna 5 (Cristo Rey),Comuna 5,Comuna,Retornos y reubicación,Neutral,16,Pregunto por el plan de retorno para mi comunidad.
PQR-2025T4-1811,2025-T4,2025,Comuna 5 (Cristo Rey),Comuna 5,Comuna,Retornos y reubicación,Neutral,17,Solicito información sobre acompañamiento para reubicación.
PQR-2025T4-1812,2025-T4,2025,Comuna 5 (Cristo Rey),Comuna 5,Comuna,Retornos y reubicación,Positivo,14,Nos apoyaron en la reubicación de manera adecuada.
PQR-2025T4-1813,2025-T4,2025,Comuna 5 (Cristo Rey),Comuna 5,Comuna,Retornos y reubicación,Neutral,14,Pregunto por el plan de retorno para mi comunidad.
PQR-2025T4-1814,2025-T4,2025,Comuna 5 (Cristo Rey),Comuna 5,Comuna,Retornos y reubicación,Neutral,17,Solicito información sobre acompañamiento para reubicación.
PQR-2025T4-1815,2025-T4,2025,Comuna 5 (Cristo Rey),Comuna 5,Comuna,Retornos y reubicación,Negativo,17,El proceso de reubicación está detenido hace tiempo.
PQR-2025T4-1816,2025-T4,2025,Comuna 5 (Cristo Rey),Comuna 5,Comuna,Retornos y reubicación,Negativo,13,Solicité apoyo para el retorno y no hay condiciones de seguridad.
PQR-2025T4-1817,2025-T4,2025,Comuna 5 (Cristo Rey),Comuna 5,Comuna,Retornos y reubicación,Negativo,18,Solicité apoyo para el retorno y no hay condiciones de seguridad.
PQR-2025T4-1818,2025-T4,2025,Comuna 5 (Cristo Rey),Comuna 5,Comuna,Retornos y reubicación,Negativo,18,El proceso de reubicación está detenido hace tiempo.
PQR-2025T4-1819,2025-T4,2025,Comuna 5 (Cristo Rey),Comuna 5,Comuna,Otros trámites,Positivo,13,La atención en ventanilla fue amable y rápida.
PQR-2025T4-1820,2025-T4,2025,Comuna 5 (Cristo Rey),Comuna 5,Comuna,Otros trámites,Neutral,20,Solicito un certificado de mi condición de víctima.
PQR-2025T4-1821,2025-T4,2025,Comuna 5 (Cristo Rey),Comuna 5,Comuna,Otros trámites,Negativo,17,La fila de atención es muy larga y no alcanzan a atender.
PQR-2025T4-1822,2025-T4,2025,Comuna 5 (Cristo Rey),Comuna 5,Comuna,Otros trámites,Negativo,18,Me han remitido de una oficina a otra sin resolver mi caso.
PQR-2025T4-1823,2025-T4,2025,Comuna 5 (Cristo Rey),Comuna 5,Comuna,Otros trámites,Neutral,19,Solicito un certificado de mi condición de víctima.
PQR-2025T4-1824,2025-T4,2025,Comuna 5 (Cristo Rey),Comuna 5,Comuna,Otros trámites,Neutral,20,Solicito un certificado de mi condición de víctima.
PQR-2025T4-1825,2025-T4,2025,Comuna 6 (Huapango),Comuna 6,Comuna,Ayuda humanitaria,Positivo,19,"La atención para la ayuda de emergencia fue oportuna, gracias."
PQR-2025T4-1826,2025-T4,2025,Comuna 6 (Huapango),Comuna 6,Comuna,Ayuda humanitaria,Neutral,13,Pregunto por el estado de mi solicitud de ayuda humanitaria inmediata.
PQR-2025T4-1827,2025-T4,2025,Comuna 6 (Huapango),Comuna 6,Comuna,Ayuda humanitaria,Neutral,13,Pregunto por el estado de mi solicitud de ayuda humanitaria inmediata.
PQR-2025T4-1828,2025-T4,2025,Comuna 6 (Huapango),Comuna 6,Comuna,Ayuda humanitaria,Positivo,13,"La atención para la ayuda de emergencia fue oportuna, gracias."
PQR-2025T4-1829,2025-T4,2025,Comuna 6 (Huapango),Comuna 6,Comuna,Ayuda humanitaria,Positivo,19,"La atención para la ayuda de emergencia fue oportuna, gracias."
PQR-2025T4-1830,2025-T4,2025,Comuna 6 (Huapango),Comuna 6,Comuna,Ayuda humanitaria,Negativo,20,Llevo tres meses esperando la ayuda humanitaria y no me han dado respuesta.
PQR-2025T4-1831,2025-T4,2025,Comuna 6 (Huapango),Comuna 6,Comuna,Ayuda humanitaria,Neutral,20,Pregunto por el estado de mi solicitud de ayuda humanitaria inmediata.
PQR-2025T4-1832,2025-T4,2025,Comuna 6 (Huapango),Comuna 6,Comuna,Ayuda humanitaria,Neutral,16,Quisiera saber qué documentos faltan para la ayuda humanitaria.
PQR-2025T4-1833,2025-T4,2025,Comuna 6 (Huapango),Comuna 6,Comuna,Ayuda humanitaria,Negativo,17,Llevo tres meses esperando la ayuda humanitaria y no me han dado respuesta.
PQR-2025T4-1834,2025-T4,2025,Comuna 6 (Huapango),Comuna 6,Comuna,Ayuda humanitaria,Positivo,14,Agradezco que me entregaron la ayuda humanitaria rápidamente.
PQR-2025T4-1835,2025-T4,2025,Comuna 6 (Huapango),Comuna 6,Comuna,Ayuda humanitaria,Negativo,17,Llevo tres meses esperando la ayuda humanitaria y no me han dado respuesta.
PQR-2025T4-1836,2025-T4,2025,Comuna 6 (Huapango),Comuna 6,Comuna,Ayuda humanitaria,Negativo,18,Llevo tres meses esperando la ayuda humanitaria y no me han dado respuesta.
PQR-2025T4-1837,2025-T4,2025,Comuna 6 (Huapango),Comuna 6,Comuna,Ayuda humanitaria,Negativo,15,"Solicité el mercado de emergencia y nunca llegó, mi familia está pasando necesidad."
PQR-2025T4-1838,2025-T4,2025,Comuna 6 (Huapango),Comuna 6,Comuna,Ayuda humanitaria,Positivo,20,"La atención para la ayuda de emergencia fue oportuna, gracias."
PQR-2025T4-1839,2025-T4,2025,Comuna 6 (Huapango),Comuna 6,Comuna,Ayuda humanitaria,Negativo,19,"Solicité el mercado de emergencia y nunca llegó, mi familia está pasando necesidad."
PQR-2025T4-1840,2025-T4,2025,Comuna 6 (Huapango),Comuna 6,Comuna,Ayuda humanitaria,Negativo,13,"Solicité el mercado de emergencia y nunca llegó, mi familia está pasando necesidad."
PQR-2025T4-1841,2025-T4,2025,Comuna 6 (Huapango),Comuna 6,Comuna,Ayuda humanitaria,Negativo,13,"Solicité el mercado de emergencia y nunca llegó, mi familia está pasando necesidad."
PQR-2025T4-1842,2025-T4,2025,Comuna 6 (Huapango),Comuna 6,Comuna,Ayuda humanitaria,Positivo,18,"La atención para la ayuda de emergencia fue oportuna, gracias."
PQR-2025T4-1843,2025-T4,2025,Comuna 6 (Huapango),Comuna 6,Comuna,Ayuda humanitaria,Positivo,14,Agradezco que me entregaron la ayuda humanitaria rápidamente.
PQR-2025T4-1844,2025-T4,2025,Comuna 6 (Huapango),Comuna 6,Comuna,Ayuda humanitaria,Positivo,19,Agradezco que me entregaron la ayuda humanitaria rápidamente.
PQR-2025T4-1845,2025-T4,2025,Comuna 6 (Huapango),Comuna 6,Comuna,Ayuda humanitaria,Neutral,20,Pregunto por el estado de mi solicitud de ayuda humanitaria inmediata.
PQR-2025T4-1846,2025-T4,2025,Comuna 6 (Huapango),Comuna 6,Comuna,Ayuda humanitaria,Negativo,14,Llevo tres meses esperando la ayuda humanitaria y no me han dado respuesta.
PQR-2025T4-1847,2025-T4,2025,Comuna 6 (Huapango),Comuna 6,Comuna,Ayuda humanitaria,Negativo,18,"Solicité el mercado de emergencia y nunca llegó, mi familia está pasando necesidad."
PQR-2025T4-1848,2025-T4,2025,Comuna 6 (Huapango),Comuna 6,Comuna,Ayuda humanitaria,Negativo,15,"Solicité el mercado de emergencia y nunca llegó, mi familia está pasando necesidad."
PQR-2025T4-1849,2025-T4,2025,Comuna 6 (Huapango),Comuna 6,Comuna,Ayuda humanitaria,Neutral,19,Pregunto por el estado de mi solicitud de ayuda humanitaria inmediata.
PQR-2025T4-1850,2025-T4,2025,Comuna 6 (Huapango),Comuna 6,Comuna,Ayuda humanitaria,Neutral,15,Quisiera saber qué documentos faltan para la ayuda humanitaria.
PQR-2025T4-1851,2025-T4,2025,Comuna 6 (Huapango),Comuna 6,Comuna,Ayuda humanitaria,Negativo,15,Llevo tres meses esperando la ayuda humanitaria y no me han dado respuesta.
PQR-2025T4-1852,2025-T4,2025,Comuna 6 (Huapango),Comuna 6,Comuna,Ayuda humanitaria,Negativo,19,"Solicité el mercado de emergencia y nunca llegó, mi familia está pasando necesidad."
PQR-2025T4-1853,2025-T4,2025,Comuna 6 (Huapango),Comuna 6,Comuna,Ayuda humanitaria,Positivo,17,"La atención para la ayuda de emergencia fue oportuna, gracias."
PQR-2025T4-1854,2025-T4,2025,Comuna 6 (Huapango),Comuna 6,Comuna,Ayuda humanitaria,Neutral,19,Quisiera saber qué documentos faltan para la ayuda humanitaria.
PQR-2025T4-1855,2025-T4,2025,Comuna 6 (Huapango),Comuna 6,Comuna,Indemnización / reparación,Neutral,16,¿Cómo consulto el estado de mi proceso de reparación?
PQR-2025T4-1856,2025-T4,2025,Comuna 6 (Huapango),Comuna 6,Comuna,Indemnización / reparación,Negativo,20,"Fui incluido hace años y todavía no me llega la indemnización, es una injusticia."
PQR-2025T4-1857,2025-T4,2025,Comuna 6 (Huapango),Comuna 6,Comuna,Indemnización / reparación,Negativo,20,No entiendo por qué a otros ya les pagaron la reparación y a mí no.
PQR-2025T4-1858,2025-T4,2025,Comuna 6 (Huapango),Comuna 6,Comuna,Indemnización / reparación,Negativo,20,No entiendo por qué a otros ya les pagaron la reparación y a mí no.
PQR-2025T4-1859,2025-T4,2025,Comuna 6 (Huapango),Comuna 6,Comuna,Indemnización / reparación,Negativo,15,No entiendo por qué a otros ya les pagaron la reparación y a mí no.
PQR-2025T4-1860,2025-T4,2025,Comuna 6 (Huapango),Comuna 6,Comuna,Indemnización / reparación,Neutral,20,¿Cómo consulto el estado de mi proceso de reparación?
PQR-2025T4-1861,2025-T4,2025,Comuna 6 (Huapango),Comuna 6,Comuna,Indemnización / reparación,Negativo,16,No entiendo por qué a otros ya les pagaron la reparación y a mí no.
PQR-2025T4-1862,2025-T4,2025,Comuna 6 (Huapango),Comuna 6,Comuna,Indemnización / reparación,Negativo,16,"Fui incluido hace años y todavía no me llega la indemnización, es una injusticia."
PQR-2025T4-1863,2025-T4,2025,Comuna 6 (Huapango),Comuna 6,Comuna,Indemnización / reparación,Negativo,15,"Fui incluido hace años y todavía no me llega la indemnización, es una injusticia."
PQR-2025T4-1864,2025-T4,2025,Comuna 6 (Huapango),Comuna 6,Comuna,Indemnización / reparación,Positivo,15,Me orientaron bien sobre el proceso de reparación.
PQR-2025T4-1865,2025-T4,2025,Comuna 6 (Huapango),Comuna 6,Comuna,Indemnización / reparación,Negativo,20,"Fui incluido hace años y todavía no me llega la indemnización, es una injusticia."
PQR-2025T4-1866,2025-T4,2025,Comuna 6 (Huapango),Comuna 6,Comuna,Indemnización / reparación,Negativo,17,"Fui incluido hace años y todavía no me llega la indemnización, es una injusticia."
PQR-2025T4-1867,2025-T4,2025,Comuna 6 (Huapango),Comuna 6,Comuna,Indemnización / reparación,Negativo,16,"Fui incluido hace años y todavía no me llega la indemnización, es una injusticia."
PQR-2025T4-1868,2025-T4,2025,Comuna 6 (Huapango),Comuna 6,Comuna,Indemnización / reparación,Positivo,17,Me orientaron bien sobre el proceso de reparación.
PQR-2025T4-1869,2025-T4,2025,Comuna 6 (Huapango),Comuna 6,Comuna,Indemnización / reparación,Neutral,17,¿Cómo consulto el estado de mi proceso de reparación?
PQR-2025T4-1870,2025-T4,2025,Comuna 6 (Huapango),Comuna 6,Comuna,Indemnización / reparación,Negativo,16,No entiendo por qué a otros ya les pagaron la reparación y a mí no.
PQR-2025T4-1871,2025-T4,2025,Comuna 6 (Huapango),Comuna 6,Comuna,Indemnización / reparación,Negativo,19,"Fui incluido hace años y todavía no me llega la indemnización, es una injusticia."
PQR-2025T4-1872,2025-T4,2025,Comuna 6 (Huapango),Comuna 6,Comuna,Indemnización / reparación,Neutral,18,¿Cómo consulto el estado de mi proceso de reparación?
PQR-2025T4-1873,2025-T4,2025,Comuna 6 (Huapango),Comuna 6,Comuna,Indemnización / reparación,Neutral,20,¿Cómo consulto el estado de mi proceso de reparación?
PQR-2025T4-1874,2025-T4,2025,Comuna 6 (Huapango),Comuna 6,Comuna,Indemnización / reparación,Neutral,17,Solicito información sobre el turno de mi indemnización administrativa.
PQR-2025T4-1875,2025-T4,2025,Comuna 6 (Huapango),Comuna 6,Comuna,Indemnización / reparación,Neutral,20,Solicito información sobre el turno de mi indemnización administrativa.
PQR-2025T4-1876,2025-T4,2025,Comuna 6 (Huapango),Comuna 6,Comuna,Indemnización / reparación,Negativo,17,"Fui incluido hace años y todavía no me llega la indemnización, es una injusticia."
PQR-2025T4-1877,2025-T4,2025,Comuna 6 (Huapango),Comuna 6,Comuna,Vivienda,Negativo,18,La casa que me asignaron tiene problemas y nadie responde.
PQR-2025T4-1878,2025-T4,2025,Comuna 6 (Huapango),Comuna 6,Comuna,Vivienda,Neutral,13,Solicito información sobre el subsidio de mejoramiento de vivienda.
PQR-2025T4-1879,2025-T4,2025,Comuna 6 (Huapango),Comuna 6,Comuna,Vivienda,Negativo,19,Postulé al subsidio de vivienda y me rechazaron sin explicación clara.
PQR-2025T4-1880,2025-T4,2025,Comuna 6 (Huapango),Comuna 6,Comuna,Vivienda,Positivo,20,El proceso de postulación a vivienda fue claro.
PQR-2025T4-1881,2025-T4,2025,Comuna 6 (Huapango),Comuna 6,Comuna,Vivienda,Neutral,19,Pregunto por las convocatorias de vivienda para población víctima.
PQR-2025T4-1882,2025-T4,2025,Comuna 6 (Huapango),Comuna 6,Comuna,Vivienda,Negativo,14,Postulé al subsidio de vivienda y me rechazaron sin explicación clara.
PQR-2025T4-1883,2025-T4,2025,Comuna 6 (Huapango),Comuna 6,Comuna,Vivienda,Positivo,17,"Me asignaron la vivienda, muy agradecido con el acompañamiento."
PQR-2025T4-1884,2025-T4,2025,Comuna 6 (Huapango),Comuna 6,Comuna,Vivienda,Neutral,20,Pregunto por las convocatorias de vivienda para población víctima.
PQR-2025T4-1885,2025-T4,2025,Comuna 6 (Huapango),Comuna 6,Comuna,Vivienda,Negativo,20,Postulé al subsidio de vivienda y me rechazaron sin explicación clara.
PQR-2025T4-1886,2025-T4,2025,Comuna 6 (Huapango),Comuna 6,Comuna,Vivienda,Positivo,13,El proceso de postulación a vivienda fue claro.
PQR-2025T4-1887,2025-T4,2025,Comuna 6 (Huapango),Comuna 6,Comuna,Vivienda,Negativo,15,La casa que me asignaron tiene problemas y nadie responde.
PQR-2025T4-1888,2025-T4,2025,Comuna 6 (Huapango),Comuna 6,Comuna,Vivienda,Neutral,19,Pregunto por las convocatorias de vivienda para población víctima.
PQR-2025T4-1889,2025-T4,2025,Comuna 6 (Huapango),Comuna 6,Comuna,Vivienda,Neutral,14,Pregunto por las convocatorias de vivienda para población víctima.
PQR-2025T4-1890,2025-T4,2025,Comuna 6 (Huapango),Comuna 6,Comuna,Vivienda,Neutral,17,Solicito información sobre el subsidio de mejoramiento de vivienda.
PQR-2025T4-1891,2025-T4,2025,Comuna 6 (Huapango),Comuna 6,Comuna,Vivienda,Negativo,16,La casa que me asignaron tiene problemas y nadie responde.
PQR-2025T4-1892,2025-T4,2025,Comuna 6 (Huapango),Comuna 6,Comuna,Salud y atención psicosocial,Neutral,17,Pregunto por el programa de atención en salud para víctimas.
PQR-2025T4-1893,2025-T4,2025,Comuna 6 (Huapango),Comuna 6,Comuna,Salud y atención psicosocial,Negativo,13,No hay profesionales suficientes para la atención en salud mental.
PQR-2025T4-1894,2025-T4,2025,Comuna 6 (Huapango),Comuna 6,Comuna,Salud y atención psicosocial,Negativo,19,No hay profesionales suficientes para la atención en salud mental.
PQR-2025T4-1895,2025-T4,2025,Comuna 6 (Huapango),Comuna 6,Comuna,Salud y atención psicosocial,Negativo,16,No hay profesionales suficientes para la atención en salud mental.
PQR-2025T4-1896,2025-T4,2025,Comuna 6 (Huapango),Comuna 6,Comuna,Salud y atención psicosocial,Negativo,19,Necesito atención psicosocial y me dan citas para dentro de meses.
PQR-2025T4-1897,2025-T4,2025,Comuna 6 (Huapango),Comuna 6,Comuna,Salud y atención psicosocial,Neutral,18,Pregunto por el programa de atención en salud para víctimas.
PQR-2025T4-1898,2025-T4,2025,Comuna 6 (Huapango),Comuna 6,Comuna,Salud y atención psicosocial,Negativo,17,Necesito atención psicosocial y me dan citas para dentro de meses.
PQR-2025T4-1899,2025-T4,2025,Comuna 6 (Huapango),Comuna 6,Comuna,Salud y atención psicosocial,Negativo,18,No hay profesionales suficientes para la atención en salud mental.
PQR-2025T4-1900,2025-T4,2025,Comuna 6 (Huapango),Comuna 6,Comuna,Salud y atención psicosocial,Negativo,14,Necesito atención psicosocial y me dan citas para dentro de meses.
PQR-2025T4-1901,2025-T4,2025,Comuna 6 (Huapango),Comuna 6,Comuna,Salud y atención psicosocial,Neutral,16,Solicito una cita de atención psicosocial para mi familia.
PQR-2025T4-1902,2025-T4,2025,Comuna 6 (Huapango),Comuna 6,Comuna,Salud y atención psicosocial,Negativo,15,No hay profesionales suficientes para la atención en salud mental.
PQR-2025T4-1903,2025-T4,2025,Comuna 6 (Huapango),Comuna 6,Comuna,Salud y atención psicosocial,Neutral,13,Solicito una cita de atención psicosocial para mi familia.
PQR-2025T4-1904,2025-T4,2025,Comuna 6 (Huapango),Comuna 6,Comuna,Salud y atención psicosocial,Positivo,20,"Recibí buena orientación en salud, quedé satisfecho."
PQR-2025T4-1905,2025-T4,2025,Comuna 6 (Huapango),Comuna 6,Comuna,Salud y atención psicosocial,Positivo,15,"Recibí buena orientación en salud, quedé satisfecho."
PQR-2025T4-1906,2025-T4,2025,Comuna 6 (Huapango),Comuna 6,Comuna,Educación,Positivo,18,"Mi hija obtuvo el apoyo educativo, muy agradecida."
PQR-2025T4-1907,2025-T4,2025,Comuna 6 (Huapango),Comuna 6,Comuna,Educación,Neutral,16,Solicito información sobre becas para estudiantes víctimas.
PQR-2025T4-1908,2025-T4,2025,Comuna 6 (Huapango),Comuna 6,Comuna,Educación,Neutral,13,Solicito información sobre becas para estudiantes víctimas.
PQR-2025T4-1909,2025-T4,2025,Comuna 6 (Huapango),Comuna 6,Comuna,Educación,Negativo,16,Falta información sobre los cupos educativos para víctimas.
PQR-2025T4-1910,2025-T4,2025,Comuna 6 (Huapango),Comuna 6,Comuna,Educación,Negativo,15,Falta información sobre los cupos educativos para víctimas.
PQR-2025T4-1911,2025-T4,2025,Comuna 6 (Huapango),Comuna 6,Comuna,Educación,Neutral,20,Pregunto por el apoyo educativo para el próximo semestre.
PQR-2025T4-1912,2025-T4,2025,Comuna 6 (Huapango),Comuna 6,Comuna,Educación,Positivo,13,La orientación sobre educación superior fue útil.
PQR-2025T4-1913,2025-T4,2025,Comuna 6 (Huapango),Comuna 6,Comuna,Educación,Negativo,20,Mi hijo no ha podido acceder al beneficio educativo prometido.
PQR-2025T4-1914,2025-T4,2025,Comuna 6 (Huapango),Comuna 6,Comuna,Educación,Neutral,14,Pregunto por el apoyo educativo para el próximo semestre.
PQR-2025T4-1915,2025-T4,2025,Comuna 6 (Huapango),Comuna 6,Comuna,Registro / inclusión RUV,Negativo,14,Llevo meses esperando que me incluyan en el RUV y no hay respuesta.
PQR-2025T4-1916,2025-T4,2025,Comuna 6 (Huapango),Comuna 6,Comuna,Registro / inclusión RUV,Negativo,19,Me negaron la inclusión y no me explicaron los motivos.
PQR-2025T4-1917,2025-T4,2025,Comuna 6 (Huapango),Comuna 6,Comuna,Registro / inclusión RUV,Negativo,20,Llevo meses esperando que me incluyan en el RUV y no hay respuesta.
PQR-2025T4-1918,2025-T4,2025,Comuna 6 (Huapango),Comuna 6,Comuna,Registro / inclusión RUV,Neutral,20,Solicito información sobre mi estado en el Registro Único de Víctimas.
PQR-2025T4-1919,2025-T4,2025,Comuna 6 (Huapango),Comuna 6,Comuna,Registro / inclusión RUV,Negativo,16,Llevo meses esperando que me incluyan en el RUV y no hay respuesta.
PQR-2025T4-1920,2025-T4,2025,Comuna 6 (Huapango),Comuna 6,Comuna,Registro / inclusión RUV,Negativo,16,Me negaron la inclusión y no me explicaron los motivos.
PQR-2025T4-1921,2025-T4,2025,Comuna 6 (Huapango),Comuna 6,Comuna,Registro / inclusión RUV,Neutral,20,Solicito información sobre mi estado en el Registro Único de Víctimas.
PQR-2025T4-1922,2025-T4,2025,Comuna 6 (Huapango),Comuna 6,Comuna,Registro / inclusión RUV,Positivo,18,"Me orientaron bien para la declaración, todo salió bien."
PQR-2025T4-1923,2025-T4,2025,Comuna 6 (Huapango),Comuna 6,Comuna,Registro / inclusión RUV,Negativo,18,Llevo meses esperando que me incluyan en el RUV y no hay respuesta.
PQR-2025T4-1924,2025-T4,2025,Comuna 6 (Huapango),Comuna 6,Comuna,Registro / inclusión RUV,Negativo,17,Me negaron la inclusión y no me explicaron los motivos.
PQR-2025T4-1925,2025-T4,2025,Comuna 6 (Huapango),Comuna 6,Comuna,Registro / inclusión RUV,Negativo,14,Llevo meses esperando que me incluyan en el RUV y no hay respuesta.
PQR-2025T4-1926,2025-T4,2025,Comuna 6 (Huapango),Comuna 6,Comuna,Registro / inclusión RUV,Negativo,17,Me negaron la inclusión y no me explicaron los motivos.
PQR-2025T4-1927,2025-T4,2025,Comuna 6 (Huapango),Comuna 6,Comuna,Registro / inclusión RUV,Negativo,18,Llevo meses esperando que me incluyan en el RUV y no hay respuesta.
PQR-2025T4-1928,2025-T4,2025,Comuna 6 (Huapango),Comuna 6,Comuna,Registro / inclusión RUV,Neutral,18,Solicito información sobre mi estado en el Registro Único de Víctimas.
PQR-2025T4-1929,2025-T4,2025,Comuna 6 (Huapango),Comuna 6,Comuna,Registro / inclusión RUV,Positivo,17,"Me orientaron bien para la declaración, todo salió bien."
PQR-2025T4-1930,2025-T4,2025,Comuna 6 (Huapango),Comuna 6,Comuna,Registro / inclusión RUV,Negativo,19,Me negaron la inclusión y no me explicaron los motivos.
PQR-2025T4-1931,2025-T4,2025,Comuna 6 (Huapango),Comuna 6,Comuna,Registro / inclusión RUV,Neutral,19,¿Qué debo hacer para actualizar mis datos en el RUV?
PQR-2025T4-1932,2025-T4,2025,Comuna 6 (Huapango),Comuna 6,Comuna,Registro / inclusión RUV,Neutral,16,¿Qué debo hacer para actualizar mis datos en el RUV?
PQR-2025T4-1933,2025-T4,2025,Comuna 6 (Huapango),Comuna 6,Comuna,Registro / inclusión RUV,Negativo,18,Me negaron la inclusión y no me explicaron los motivos.
PQR-2025T4-1934,2025-T4,2025,Comuna 6 (Huapango),Comuna 6,Comuna,Registro / inclusión RUV,Negativo,15,Me negaron la inclusión y no me explicaron los motivos.
PQR-2025T4-1935,2025-T4,2025,Comuna 6 (Huapango),Comuna 6,Comuna,Registro / inclusión RUV,Neutral,19,Solicito información sobre mi estado en el Registro Único de Víctimas.
PQR-2025T4-1936,2025-T4,2025,Comuna 6 (Huapango),Comuna 6,Comuna,Retornos y reubicación,Positivo,17,Nos apoyaron en la reubicación de manera adecuada.
PQR-2025T4-1937,2025-T4,2025,Comuna 6 (Huapango),Comuna 6,Comuna,Retornos y reubicación,Neutral,13,Pregunto por el plan de retorno para mi comunidad.
PQR-2025T4-1938,2025-T4,2025,Comuna 6 (Huapango),Comuna 6,Comuna,Retornos y reubicación,Negativo,17,El proceso de reubicación está detenido hace tiempo.
PQR-2025T4-1939,2025-T4,2025,Comuna 6 (Huapango),Comuna 6,Comuna,Retornos y reubicación,Negativo,16,Solicité apoyo para el retorno y no hay condiciones de seguridad.
PQR-2025T4-1940,2025-T4,2025,Comuna 6 (Huapango),Comuna 6,Comuna,Retornos y reubicación,Positivo,19,"El acompañamiento para el retorno fue bueno, gracias."
PQR-2025T4-1941,2025-T4,2025,Comuna 6 (Huapango),Comuna 6,Comuna,Retornos y reubicación,Positivo,18,"El acompañamiento para el retorno fue bueno, gracias."
PQR-2025T4-1942,2025-T4,2025,Comuna 6 (Huapango),Comuna 6,Comuna,Retornos y reubicación,Neutral,20,Pregunto por el plan de retorno para mi comunidad.
PQR-2025T4-1943,2025-T4,2025,Comuna 6 (Huapango),Comuna 6,Comuna,Retornos y reubicación,Negativo,15,Solicité apoyo para el retorno y no hay condiciones de seguridad.
PQR-2025T4-1944,2025-T4,2025,Comuna 6 (Huapango),Comuna 6,Comuna,Otros trámites,Neutral,13,Pregunto por el horario de atención de la oficina.
PQR-2025T4-1945,2025-T4,2025,Comuna 6 (Huapango),Comuna 6,Comuna,Otros trámites,Positivo,20,Me resolvieron el trámite sin complicaciones.
PQR-2025T4-1946,2025-T4,2025,Comuna 6 (Huapango),Comuna 6,Comuna,Otros trámites,Neutral,19,Solicito un certificado de mi condición de víctima.
PQR-2025T4-1947,2025-T4,2025,Comuna 6 (Huapango),Comuna 6,Comuna,Otros trámites,Positivo,15,Me resolvieron el trámite sin complicaciones.
PQR-2025T4-1948,2025-T4,2025,Comuna 6 (Huapango),Comuna 6,Comuna,Otros trámites,Neutral,13,Solicito un certificado de mi condición de víctima.
PQR-2025T4-1949,2025-T4,2025,Comuna 6 (Huapango),Comuna 6,Comuna,Otros trámites,Positivo,20,La atención en ventanilla fue amable y rápida.
PQR-2025T4-1950,2025-T4,2025,Comuna 6 (Huapango),Comuna 6,Comuna,Otros trámites,Neutral,17,Pregunto por el horario de atención de la oficina.
PQR-2025T4-1951,2025-T4,2025,Comuna 6 (Huapango),Comuna 6,Comuna,Otros trámites,Positivo,17,La atención en ventanilla fue amable y rápida.
PQR-2025T4-1952,2025-T4,2025,Comuna 6 (Huapango),Comuna 6,Comuna,Otros trámites,Positivo,13,Me resolvieron el trámite sin complicaciones.
PQR-2025T4-1953,2025-T4,2025,Comuna 6 (Huapango),Comuna 6,Comuna,Otros trámites,Neutral,16,Pregunto por el horario de atención de la oficina.
PQR-2025T4-1954,2025-T4,2025,Comuna 6 (Huapango),Comuna 6,Comuna,Otros trámites,Neutral,19,Solicito un certificado de mi condición de víctima.
PQR-2025T4-1955,2025-T4,2025,Corregimiento Pacurita,Corregimiento Pacurita,Corregimiento,Ayuda humanitaria,Negativo,20,Llevo tres meses esperando la ayuda humanitaria y no me han dado respuesta.
PQR-2025T4-1956,2025-T4,2025,Corregimiento Pacurita,Corregimiento Pacurita,Corregimiento,Ayuda humanitaria,Neutral,26,Quisiera saber qué documentos faltan para la ayuda humanitaria.
PQR-2025T4-1957,2025-T4,2025,Corregimiento Pacurita,Corregimiento Pacurita,Corregimiento,Ayuda humanitaria,Neutral,25,Pregunto por el estado de mi solicitud de ayuda humanitaria inmediata.
PQR-2025T4-1958,2025-T4,2025,Corregimiento Pacurita,Corregimiento Pacurita,Corregimiento,Ayuda humanitaria,Neutral,25,Quisiera saber qué documentos faltan para la ayuda humanitaria.
PQR-2025T4-1959,2025-T4,2025,Corregimiento Pacurita,Corregimiento Pacurita,Corregimiento,Ayuda humanitaria,Neutral,25,Pregunto por el estado de mi solicitud de ayuda humanitaria inmediata.
PQR-2025T4-1960,2025-T4,2025,Corregimiento Pacurita,Corregimiento Pacurita,Corregimiento,Ayuda humanitaria,Neutral,26,Quisiera saber qué documentos faltan para la ayuda humanitaria.
PQR-2025T4-1961,2025-T4,2025,Corregimiento Pacurita,Corregimiento Pacurita,Corregimiento,Ayuda humanitaria,Positivo,22,"La atención para la ayuda de emergencia fue oportuna, gracias."
PQR-2025T4-1962,2025-T4,2025,Corregimiento Pacurita,Corregimiento Pacurita,Corregimiento,Ayuda humanitaria,Neutral,26,Pregunto por el estado de mi solicitud de ayuda humanitaria inmediata.
PQR-2025T4-1963,2025-T4,2025,Corregimiento Pacurita,Corregimiento Pacurita,Corregimiento,Ayuda humanitaria,Negativo,20,"Solicité el mercado de emergencia y nunca llegó, mi familia está pasando necesidad."
PQR-2025T4-1964,2025-T4,2025,Corregimiento Pacurita,Corregimiento Pacurita,Corregimiento,Ayuda humanitaria,Positivo,24,"La atención para la ayuda de emergencia fue oportuna, gracias."
PQR-2025T4-1965,2025-T4,2025,Corregimiento Pacurita,Corregimiento Pacurita,Corregimiento,Ayuda humanitaria,Neutral,26,Pregunto por el estado de mi solicitud de ayuda humanitaria inmediata.
PQR-2025T4-1966,2025-T4,2025,Corregimiento Pacurita,Corregimiento Pacurita,Corregimiento,Ayuda humanitaria,Neutral,20,Pregunto por el estado de mi solicitud de ayuda humanitaria inmediata.
PQR-2025T4-1967,2025-T4,2025,Corregimiento Pacurita,Corregimiento Pacurita,Corregimiento,Ayuda humanitaria,Neutral,20,Quisiera saber qué documentos faltan para la ayuda humanitaria.
PQR-2025T4-1968,2025-T4,2025,Corregimiento Pacurita,Corregimiento Pacurita,Corregimiento,Ayuda humanitaria,Neutral,21,Quisiera saber qué documentos faltan para la ayuda humanitaria.
PQR-2025T4-1969,2025-T4,2025,Corregimiento Pacurita,Corregimiento Pacurita,Corregimiento,Ayuda humanitaria,Negativo,23,Llevo tres meses esperando la ayuda humanitaria y no me han dado respuesta.
PQR-2025T4-1970,2025-T4,2025,Corregimiento Pacurita,Corregimiento Pacurita,Corregimiento,Ayuda humanitaria,Negativo,24,"Solicité el mercado de emergencia y nunca llegó, mi familia está pasando necesidad."
PQR-2025T4-1971,2025-T4,2025,Corregimiento Pacurita,Corregimiento Pacurita,Corregimiento,Ayuda humanitaria,Negativo,19,Llevo tres meses esperando la ayuda humanitaria y no me han dado respuesta.
PQR-2025T4-1972,2025-T4,2025,Corregimiento Pacurita,Corregimiento Pacurita,Corregimiento,Ayuda humanitaria,Neutral,19,Pregunto por el estado de mi solicitud de ayuda humanitaria inmediata.
PQR-2025T4-1973,2025-T4,2025,Corregimiento Pacurita,Corregimiento Pacurita,Corregimiento,Ayuda humanitaria,Neutral,25,Pregunto por el estado de mi solicitud de ayuda humanitaria inmediata.
PQR-2025T4-1974,2025-T4,2025,Corregimiento Pacurita,Corregimiento Pacurita,Corregimiento,Ayuda humanitaria,Negativo,23,Llevo tres meses esperando la ayuda humanitaria y no me han dado respuesta.
PQR-2025T4-1975,2025-T4,2025,Corregimiento Pacurita,Corregimiento Pacurita,Corregimiento,Ayuda humanitaria,Neutral,20,Quisiera saber qué documentos faltan para la ayuda humanitaria.
PQR-2025T4-1976,2025-T4,2025,Corregimiento Pacurita,Corregimiento Pacurita,Corregimiento,Ayuda humanitaria,Neutral,20,Quisiera saber qué documentos faltan para la ayuda humanitaria.
PQR-2025T4-1977,2025-T4,2025,Corregimiento Pacurita,Corregimiento Pacurita,Corregimiento,Ayuda humanitaria,Positivo,23,Agradezco que me entregaron la ayuda humanitaria rápidamente.
PQR-2025T4-1978,2025-T4,2025,Corregimiento Pacurita,Corregimiento Pacurita,Corregimiento,Ayuda humanitaria,Neutral,25,Quisiera saber qué documentos faltan para la ayuda humanitaria.
PQR-2025T4-1979,2025-T4,2025,Corregimiento Pacurita,Corregimiento Pacurita,Corregimiento,Ayuda humanitaria,Negativo,23,Llevo tres meses esperando la ayuda humanitaria y no me han dado respuesta.
PQR-2025T4-1980,2025-T4,2025,Corregimiento Pacurita,Corregimiento Pacurita,Corregimiento,Ayuda humanitaria,Neutral,25,Quisiera saber qué documentos faltan para la ayuda humanitaria.
PQR-2025T4-1981,2025-T4,2025,Corregimiento Pacurita,Corregimiento Pacurita,Corregimiento,Ayuda humanitaria,Neutral,23,Quisiera saber qué documentos faltan para la ayuda humanitaria.
PQR-2025T4-1982,2025-T4,2025,Corregimiento Pacurita,Corregimiento Pacurita,Corregimiento,Ayuda humanitaria,Positivo,23,"La atención para la ayuda de emergencia fue oportuna, gracias."
PQR-2025T4-1983,2025-T4,2025,Corregimiento Pacurita,Corregimiento Pacurita,Corregimiento,Ayuda humanitaria,Negativo,25,Llevo tres meses esperando la ayuda humanitaria y no me han dado respuesta.
PQR-2025T4-1984,2025-T4,2025,Corregimiento Pacurita,Corregimiento Pacurita,Corregimiento,Ayuda humanitaria,Positivo,26,Agradezco que me entregaron la ayuda humanitaria rápidamente.
PQR-2025T4-1985,2025-T4,2025,Corregimiento Pacurita,Corregimiento Pacurita,Corregimiento,Ayuda humanitaria,Positivo,25,"La atención para la ayuda de emergencia fue oportuna, gracias."
PQR-2025T4-1986,2025-T4,2025,Corregimiento Pacurita,Corregimiento Pacurita,Corregimiento,Ayuda humanitaria,Negativo,22,Llevo tres meses esperando la ayuda humanitaria y no me han dado respuesta.
PQR-2025T4-1987,2025-T4,2025,Corregimiento Pacurita,Corregimiento Pacurita,Corregimiento,Ayuda humanitaria,Neutral,25,Quisiera saber qué documentos faltan para la ayuda humanitaria.
PQR-2025T4-1988,2025-T4,2025,Corregimiento Pacurita,Corregimiento Pacurita,Corregimiento,Indemnización / reparación,Negativo,22,No entiendo por qué a otros ya les pagaron la reparación y a mí no.
PQR-2025T4-1989,2025-T4,2025,Corregimiento Pacurita,Corregimiento Pacurita,Corregimiento,Indemnización / reparación,Negativo,19,No entiendo por qué a otros ya les pagaron la reparación y a mí no.
PQR-2025T4-1990,2025-T4,2025,Corregimiento Pacurita,Corregimiento Pacurita,Corregimiento,Indemnización / reparación,Negativo,23,"Fui incluido hace años y todavía no me llega la indemnización, es una injusticia."
PQR-2025T4-1991,2025-T4,2025,Corregimiento Pacurita,Corregimiento Pacurita,Corregimiento,Indemnización / reparación,Neutral,21,Solicito información sobre el turno de mi indemnización administrativa.
PQR-2025T4-1992,2025-T4,2025,Corregimiento Pacurita,Corregimiento Pacurita,Corregimiento,Indemnización / reparación,Neutral,25,¿Cómo consulto el estado de mi proceso de reparación?
PQR-2025T4-1993,2025-T4,2025,Corregimiento Pacurita,Corregimiento Pacurita,Corregimiento,Indemnización / reparación,Negativo,26,"Fui incluido hace años y todavía no me llega la indemnización, es una injusticia."
PQR-2025T4-1994,2025-T4,2025,Corregimiento Pacurita,Corregimiento Pacurita,Corregimiento,Indemnización / reparación,Negativo,19,No entiendo por qué a otros ya les pagaron la reparación y a mí no.
PQR-2025T4-1995,2025-T4,2025,Corregimiento Pacurita,Corregimiento Pacurita,Corregimiento,Indemnización / reparación,Neutral,20,¿Cómo consulto el estado de mi proceso de reparación?
PQR-2025T4-1996,2025-T4,2025,Corregimiento Pacurita,Corregimiento Pacurita,Corregimiento,Indemnización / reparación,Negativo,23,"Fui incluido hace años y todavía no me llega la indemnización, es una injusticia."
PQR-2025T4-1997,2025-T4,2025,Corregimiento Pacurita,Corregimiento Pacurita,Corregimiento,Indemnización / reparación,Negativo,22,No entiendo por qué a otros ya les pagaron la reparación y a mí no.
PQR-2025T4-1998,2025-T4,2025,Corregimiento Pacurita,Corregimiento Pacurita,Corregimiento,Indemnización / reparación,Negativo,19,No entiendo por qué a otros ya les pagaron la reparación y a mí no.
PQR-2025T4-1999,2025-T4,2025,Corregimiento Pacurita,Corregimiento Pacurita,Corregimiento,Indemnización / reparación,Negativo,20,No entiendo por qué a otros ya les pagaron la reparación y a mí no.
PQR-2025T4-2000,2025-T4,2025,Corregimiento Pacurita,Corregimiento Pacurita,Corregimiento,Indemnización / reparación,Negativo,25,No entiendo por qué a otros ya les pagaron la reparación y a mí no.
PQR-2025T4-2001,2025-T4,2025,Corregimiento Pacurita,Corregimiento Pacurita,Corregimiento,Indemnización / reparación,Negativo,27,No entiendo por qué a otros ya les pagaron la reparación y a mí no.
PQR-2025T4-2002,2025-T4,2025,Corregimiento Pacurita,Corregimiento Pacurita,Corregimiento,Indemnización / reparación,Negativo,22,"Fui incluido hace años y todavía no me llega la indemnización, es una injusticia."
PQR-2025T4-2003,2025-T4,2025,Corregimiento Pacurita,Corregimiento Pacurita,Corregimiento,Indemnización / reparación,Negativo,20,"Fui incluido hace años y todavía no me llega la indemnización, es una injusticia."
PQR-2025T4-2004,2025-T4,2025,Corregimiento Pacurita,Corregimiento Pacurita,Corregimiento,Indemnización / reparación,Negativo,24,No entiendo por qué a otros ya les pagaron la reparación y a mí no.
PQR-2025T4-2005,2025-T4,2025,Corregimiento Pacurita,Corregimiento Pacurita,Corregimiento,Indemnización / reparación,Negativo,26,No entiendo por qué a otros ya les pagaron la reparación y a mí no.
PQR-2025T4-2006,2025-T4,2025,Corregimiento Pacurita,Corregimiento Pacurita,Corregimiento,Indemnización / reparación,Negativo,26,No entiendo por qué a otros ya les pagaron la reparación y a mí no.
PQR-2025T4-2007,2025-T4,2025,Corregimiento Pacurita,Corregimiento Pacurita,Corregimiento,Indemnización / reparación,Positivo,25,Me orientaron bien sobre el proceso de reparación.
PQR-2025T4-2008,2025-T4,2025,Corregimiento Pacurita,Corregimiento Pacurita,Corregimiento,Indemnización / reparación,Positivo,22,Me orientaron bien sobre el proceso de reparación.
PQR-2025T4-2009,2025-T4,2025,Corregimiento Pacurita,Corregimiento Pacurita,Corregimiento,Vivienda,Positivo,23,"Me asignaron la vivienda, muy agradecido con el acompañamiento."
PQR-2025T4-2010,2025-T4,2025,Corregimiento Pacurita,Corregimiento Pacurita,Corregimiento,Vivienda,Neutral,23,Pregunto por las convocatorias de vivienda para población víctima.
PQR-2025T4-2011,2025-T4,2025,Corregimiento Pacurita,Corregimiento Pacurita,Corregimiento,Vivienda,Neutral,24,Pregunto por las convocatorias de vivienda para población víctima.
PQR-2025T4-2012,2025-T4,2025,Corregimiento Pacurita,Corregimiento Pacurita,Corregimiento,Vivienda,Neutral,23,Solicito información sobre el subsidio de mejoramiento de vivienda.
PQR-2025T4-2013,2025-T4,2025,Corregimiento Pacurita,Corregimiento Pacurita,Corregimiento,Vivienda,Neutral,20,Pregunto por las convocatorias de vivienda para población víctima.
PQR-2025T4-2014,2025-T4,2025,Corregimiento Pacurita,Corregimiento Pacurita,Corregimiento,Vivienda,Negativo,24,Postulé al subsidio de vivienda y me rechazaron sin explicación clara.
PQR-2025T4-2015,2025-T4,2025,Corregimiento Pacurita,Corregimiento Pacurita,Corregimiento,Vivienda,Negativo,21,La casa que me asignaron tiene problemas y nadie responde.
PQR-2025T4-2016,2025-T4,2025,Corregimiento Pacurita,Corregimiento Pacurita,Corregimiento,Vivienda,Negativo,19,La casa que me asignaron tiene problemas y nadie responde.
PQR-2025T4-2017,2025-T4,2025,Corregimiento Pacurita,Corregimiento Pacurita,Corregimiento,Vivienda,Negativo,21,La casa que me asignaron tiene problemas y nadie responde.
PQR-2025T4-2018,2025-T4,2025,Corregimiento Pacurita,Corregimiento Pacurita,Corregimiento,Vivienda,Neutral,22,Solicito información sobre el subsidio de mejoramiento de vivienda.
PQR-2025T4-2019,2025-T4,2025,Corregimiento Pacurita,Corregimiento Pacurita,Corregimiento,Vivienda,Negativo,26,Postulé al subsidio de vivienda y me rechazaron sin explicación clara.
PQR-2025T4-2020,2025-T4,2025,Corregimiento Pacurita,Corregimiento Pacurita,Corregimiento,Vivienda,Negativo,26,La casa que me asignaron tiene problemas y nadie responde.
PQR-2025T4-2021,2025-T4,2025,Corregimiento Pacurita,Corregimiento Pacurita,Corregimiento,Vivienda,Negativo,23,Postulé al subsidio de vivienda y me rechazaron sin explicación clara.
PQR-2025T4-2022,2025-T4,2025,Corregimiento Pacurita,Corregimiento Pacurita,Corregimiento,Vivienda,Neutral,22,Pregunto por las convocatorias de vivienda para población víctima.
PQR-2025T4-2023,2025-T4,2025,Corregimiento Pacurita,Corregimiento Pacurita,Corregimiento,Vivienda,Neutral,23,Solicito información sobre el subsidio de mejoramiento de vivienda.
PQR-2025T4-2024,2025-T4,2025,Corregimiento Pacurita,Corregimiento Pacurita,Corregimiento,Vivienda,Negativo,22,Postulé al subsidio de vivienda y me rechazaron sin explicación clara.
PQR-2025T4-2025,2025-T4,2025,Corregimiento Pacurita,Corregimiento Pacurita,Corregimiento,Vivienda,Negativo,20,La casa que me asignaron tiene problemas y nadie responde.
PQR-2025T4-2026,2025-T4,2025,Corregimiento Pacurita,Corregimiento Pacurita,Corregimiento,Vivienda,Negativo,23,Postulé al subsidio de vivienda y me rechazaron sin explicación clara.
PQR-2025T4-2027,2025-T4,2025,Corregimiento Pacurita,Corregimiento Pacurita,Corregimiento,Vivienda,Negativo,25,La casa que me asignaron tiene problemas y nadie responde.
PQR-2025T4-2028,2025-T4,2025,Corregimiento Pacurita,Corregimiento Pacurita,Corregimiento,Vivienda,Neutral,26,Pregunto por las convocatorias de vivienda para población víctima.
PQR-2025T4-2029,2025-T4,2025,Corregimiento Pacurita,Corregimiento Pacurita,Corregimiento,Vivienda,Negativo,26,Postulé al subsidio de vivienda y me rechazaron sin explicación clara.
PQR-2025T4-2030,2025-T4,2025,Corregimiento Pacurita,Corregimiento Pacurita,Corregimiento,Vivienda,Negativo,20,La casa que me asignaron tiene problemas y nadie responde.
PQR-2025T4-2031,2025-T4,2025,Corregimiento Pacurita,Corregimiento Pacurita,Corregimiento,Vivienda,Negativo,21,Postulé al subsidio de vivienda y me rechazaron sin explicación clara.
PQR-2025T4-2032,2025-T4,2025,Corregimiento Pacurita,Corregimiento Pacurita,Corregimiento,Salud y atención psicosocial,Positivo,24,"Recibí buena orientación en salud, quedé satisfecho."
PQR-2025T4-2033,2025-T4,2025,Corregimiento Pacurita,Corregimiento Pacurita,Corregimiento,Salud y atención psicosocial,Negativo,24,Necesito atención psicosocial y me dan citas para dentro de meses.
PQR-2025T4-2034,2025-T4,2025,Corregimiento Pacurita,Corregimiento Pacurita,Corregimiento,Salud y atención psicosocial,Negativo,24,Necesito atención psicosocial y me dan citas para dentro de meses.
PQR-2025T4-2035,2025-T4,2025,Corregimiento Pacurita,Corregimiento Pacurita,Corregimiento,Salud y atención psicosocial,Neutral,24,Solicito una cita de atención psicosocial para mi familia.
PQR-2025T4-2036,2025-T4,2025,Corregimiento Pacurita,Corregimiento Pacurita,Corregimiento,Salud y atención psicosocial,Positivo,25,"Recibí buena orientación en salud, quedé satisfecho."
PQR-2025T4-2037,2025-T4,2025,Corregimiento Pacurita,Corregimiento Pacurita,Corregimiento,Salud y atención psicosocial,Neutral,22,Solicito una cita de atención psicosocial para mi familia.
PQR-2025T4-2038,2025-T4,2025,Corregimiento Pacurita,Corregimiento Pacurita,Corregimiento,Salud y atención psicosocial,Neutral,27,Pregunto por el programa de atención en salud para víctimas.
PQR-2025T4-2039,2025-T4,2025,Corregimiento Pacurita,Corregimiento Pacurita,Corregimiento,Salud y atención psicosocial,Neutral,26,Pregunto por el programa de atención en salud para víctimas.
PQR-2025T4-2040,2025-T4,2025,Corregimiento Pacurita,Corregimiento Pacurita,Corregimiento,Salud y atención psicosocial,Positivo,22,"La atención psicosocial me ha ayudado mucho, gracias al equipo."
PQR-2025T4-2041,2025-T4,2025,Corregimiento Pacurita,Corregimiento Pacurita,Corregimiento,Salud y atención psicosocial,Negativo,22,Necesito atención psicosocial y me dan citas para dentro de meses.
PQR-2025T4-2042,2025-T4,2025,Corregimiento Pacurita,Corregimiento Pacurita,Corregimiento,Salud y atención psicosocial,Positivo,24,"Recibí buena orientación en salud, quedé satisfecho."
PQR-2025T4-2043,2025-T4,2025,Corregimiento Pacurita,Corregimiento Pacurita,Corregimiento,Salud y atención psicosocial,Neutral,20,Pregunto por el programa de atención en salud para víctimas.
PQR-2025T4-2044,2025-T4,2025,Corregimiento Pacurita,Corregimiento Pacurita,Corregimiento,Salud y atención psicosocial,Negativo,23,No hay profesionales suficientes para la atención en salud mental.
PQR-2025T4-2045,2025-T4,2025,Corregimiento Pacurita,Corregimiento Pacurita,Corregimiento,Salud y atención psicosocial,Neutral,24,Pregunto por el programa de atención en salud para víctimas.
PQR-2025T4-2046,2025-T4,2025,Corregimiento Pacurita,Corregimiento Pacurita,Corregimiento,Salud y atención psicosocial,Negativo,23,No hay profesionales suficientes para la atención en salud mental.
PQR-2025T4-2047,2025-T4,2025,Corregimiento Pacurita,Corregimiento Pacurita,Corregimiento,Educación,Negativo,20,Mi hijo no ha podido acceder al beneficio educativo prometido.
PQR-2025T4-2048,2025-T4,2025,Corregimiento Pacurita,Corregimiento Pacurita,Corregimiento,Educación,Positivo,19,La orientación sobre educación superior fue útil.
PQR-2025T4-2049,2025-T4,2025,Corregimiento Pacurita,Corregimiento Pacurita,Corregimiento,Educación,Negativo,26,Mi hijo no ha podido acceder al beneficio educativo prometido.
PQR-2025T4-2050,2025-T4,2025,Corregimiento Pacurita,Corregimiento Pacurita,Corregimiento,Educación,Positivo,24,La orientación sobre educación superior fue útil.
PQR-2025T4-2051,2025-T4,2025,Corregimiento Pacurita,Corregimiento Pacurita,Corregimiento,Educación,Neutral,24,Solicito información sobre becas para estudiantes víctimas.
PQR-2025T4-2052,2025-T4,2025,Corregimiento Pacurita,Corregimiento Pacurita,Corregimiento,Educación,Neutral,22,Solicito información sobre becas para estudiantes víctimas.
PQR-2025T4-2053,2025-T4,2025,Corregimiento Pacurita,Corregimiento Pacurita,Corregimiento,Educación,Negativo,25,Falta información sobre los cupos educativos para víctimas.
PQR-2025T4-2054,2025-T4,2025,Corregimiento Pacurita,Corregimiento Pacurita,Corregimiento,Registro / inclusión RUV,Negativo,22,Llevo meses esperando que me incluyan en el RUV y no hay respuesta.
PQR-2025T4-2055,2025-T4,2025,Corregimiento Pacurita,Corregimiento Pacurita,Corregimiento,Registro / inclusión RUV,Neutral,23,¿Qué debo hacer para actualizar mis datos en el RUV?
PQR-2025T4-2056,2025-T4,2025,Corregimiento Pacurita,Corregimiento Pacurita,Corregimiento,Registro / inclusión RUV,Negativo,22,Llevo meses esperando que me incluyan en el RUV y no hay respuesta.
PQR-2025T4-2057,2025-T4,2025,Corregimiento Pacurita,Corregimiento Pacurita,Corregimiento,Registro / inclusión RUV,Negativo,22,Llevo meses esperando que me incluyan en el RUV y no hay respuesta.
PQR-2025T4-2058,2025-T4,2025,Corregimiento Pacurita,Corregimiento Pacurita,Corregimiento,Registro / inclusión RUV,Negativo,22,Llevo meses esperando que me incluyan en el RUV y no hay respuesta.
PQR-2025T4-2059,2025-T4,2025,Corregimiento Pacurita,Corregimiento Pacurita,Corregimiento,Registro / inclusión RUV,Neutral,23,¿Qué debo hacer para actualizar mis datos en el RUV?
PQR-2025T4-2060,2025-T4,2025,Corregimiento Pacurita,Corregimiento Pacurita,Corregimiento,Registro / inclusión RUV,Negativo,25,Me negaron la inclusión y no me explicaron los motivos.
PQR-2025T4-2061,2025-T4,2025,Corregimiento Pacurita,Corregimiento Pacurita,Corregimiento,Registro / inclusión RUV,Positivo,21,"Me orientaron bien para la declaración, todo salió bien."
PQR-2025T4-2062,2025-T4,2025,Corregimiento Pacurita,Corregimiento Pacurita,Corregimiento,Registro / inclusión RUV,Neutral,26,Solicito información sobre mi estado en el Registro Único de Víctimas.
PQR-2025T4-2063,2025-T4,2025,Corregimiento Pacurita,Corregimiento Pacurita,Corregimiento,Registro / inclusión RUV,Neutral,21,¿Qué debo hacer para actualizar mis datos en el RUV?
PQR-2025T4-2064,2025-T4,2025,Corregimiento Pacurita,Corregimiento Pacurita,Corregimiento,Registro / inclusión RUV,Negativo,25,Llevo meses esperando que me incluyan en el RUV y no hay respuesta.
PQR-2025T4-2065,2025-T4,2025,Corregimiento Pacurita,Corregimiento Pacurita,Corregimiento,Retornos y reubicación,Negativo,22,Solicité apoyo para el retorno y no hay condiciones de seguridad.
PQR-2025T4-2066,2025-T4,2025,Corregimiento Pacurita,Corregimiento Pacurita,Corregimiento,Retornos y reubicación,Neutral,25,Pregunto por el plan de retorno para mi comunidad.
PQR-2025T4-2067,2025-T4,2025,Corregimiento Pacurita,Corregimiento Pacurita,Corregimiento,Retornos y reubicación,Neutral,23,Solicito información sobre acompañamiento para reubicación.
PQR-2025T4-2068,2025-T4,2025,Corregimiento Pacurita,Corregimiento Pacurita,Corregimiento,Retornos y reubicación,Positivo,23,Nos apoyaron en la reubicación de manera adecuada.
PQR-2025T4-2069,2025-T4,2025,Corregimiento Pacurita,Corregimiento Pacurita,Corregimiento,Retornos y reubicación,Negativo,19,El proceso de reubicación está detenido hace tiempo.
PQR-2025T4-2070,2025-T4,2025,Corregimiento Pacurita,Corregimiento Pacurita,Corregimiento,Retornos y reubicación,Negativo,22,Solicité apoyo para el retorno y no hay condiciones de seguridad.
PQR-2025T4-2071,2025-T4,2025,Corregimiento Pacurita,Corregimiento Pacurita,Corregimiento,Retornos y reubicación,Neutral,26,Pregunto por el plan de retorno para mi comunidad.
PQR-2025T4-2072,2025-T4,2025,Corregimiento Pacurita,Corregimiento Pacurita,Corregimiento,Retornos y reubicación,Positivo,20,Nos apoyaron en la reubicación de manera adecuada.
PQR-2025T4-2073,2025-T4,2025,Corregimiento Pacurita,Corregimiento Pacurita,Corregimiento,Retornos y reubicación,Neutral,22,Solicito información sobre acompañamiento para reubicación.
PQR-2025T4-2074,2025-T4,2025,Corregimiento Pacurita,Corregimiento Pacurita,Corregimiento,Retornos y reubicación,Neutral,22,Pregunto por el plan de retorno para mi comunidad.
PQR-2025T4-2075,2025-T4,2025,Corregimiento Pacurita,Corregimiento Pacurita,Corregimiento,Otros trámites,Negativo,19,La fila de atención es muy larga y no alcanzan a atender.
PQR-2025T4-2076,2025-T4,2025,Corregimiento Pacurita,Corregimiento Pacurita,Corregimiento,Otros trámites,Neutral,19,Solicito un certificado de mi condición de víctima.
PQR-2025T4-2077,2025-T4,2025,Corregimiento Pacurita,Corregimiento Pacurita,Corregimiento,Otros trámites,Positivo,22,Me resolvieron el trámite sin complicaciones.
PQR-2025T4-2078,2025-T4,2025,Corregimiento Pacurita,Corregimiento Pacurita,Corregimiento,Otros trámites,Negativo,19,La fila de atención es muy larga y no alcanzan a atender.
PQR-2025T4-2079,2025-T4,2025,Corregimiento Pacurita,Corregimiento Pacurita,Corregimiento,Otros trámites,Positivo,19,La atención en ventanilla fue amable y rápida.
PQR-2025T4-2080,2025-T4,2025,Corregimiento Pacurita,Corregimiento Pacurita,Corregimiento,Otros trámites,Neutral,19,Solicito un certificado de mi condición de víctima.
PQR-2025T4-2081,2025-T4,2025,Corregimiento Pacurita,Corregimiento Pacurita,Corregimiento,Otros trámites,Neutral,24,Pregunto por el horario de atención de la oficina.
PQR-2025T4-2082,2025-T4,2025,Corregimiento Pacurita,Corregimiento Pacurita,Corregimiento,Otros trámites,Neutral,23,Solicito un certificado de mi condición de víctima.
PQR-2025T4-2083,2025-T4,2025,Corregimiento Pacurita,Corregimiento Pacurita,Corregimiento,Otros trámites,Negativo,24,La fila de atención es muy larga y no alcanzan a atender.
PQR-2025T4-2084,2025-T4,2025,Corregimiento Tutunendo,Corregimiento Tutunendo,Corregimiento,Ayuda humanitaria,Neutral,26,Quisiera saber qué documentos faltan para la ayuda humanitaria.
PQR-2025T4-2085,2025-T4,2025,Corregimiento Tutunendo,Corregimiento Tutunendo,Corregimiento,Ayuda humanitaria,Negativo,20,Llevo tres meses esperando la ayuda humanitaria y no me han dado respuesta.
PQR-2025T4-2086,2025-T4,2025,Corregimiento Tutunendo,Corregimiento Tutunendo,Corregimiento,Ayuda humanitaria,Positivo,24,"La atención para la ayuda de emergencia fue oportuna, gracias."
PQR-2025T4-2087,2025-T4,2025,Corregimiento Tutunendo,Corregimiento Tutunendo,Corregimiento,Ayuda humanitaria,Positivo,21,Agradezco que me entregaron la ayuda humanitaria rápidamente.
PQR-2025T4-2088,2025-T4,2025,Corregimiento Tutunendo,Corregimiento Tutunendo,Corregimiento,Ayuda humanitaria,Negativo,26,Llevo tres meses esperando la ayuda humanitaria y no me han dado respuesta.
PQR-2025T4-2089,2025-T4,2025,Corregimiento Tutunendo,Corregimiento Tutunendo,Corregimiento,Ayuda humanitaria,Negativo,22,"Solicité el mercado de emergencia y nunca llegó, mi familia está pasando necesidad."
PQR-2025T4-2090,2025-T4,2025,Corregimiento Tutunendo,Corregimiento Tutunendo,Corregimiento,Ayuda humanitaria,Negativo,22,Llevo tres meses esperando la ayuda humanitaria y no me han dado respuesta.
PQR-2025T4-2091,2025-T4,2025,Corregimiento Tutunendo,Corregimiento Tutunendo,Corregimiento,Ayuda humanitaria,Negativo,25,Llevo tres meses esperando la ayuda humanitaria y no me han dado respuesta.
PQR-2025T4-2092,2025-T4,2025,Corregimiento Tutunendo,Corregimiento Tutunendo,Corregimiento,Ayuda humanitaria,Positivo,24,"La atención para la ayuda de emergencia fue oportuna, gracias."
PQR-2025T4-2093,2025-T4,2025,Corregimiento Tutunendo,Corregimiento Tutunendo,Corregimiento,Ayuda humanitaria,Negativo,26,"Solicité el mercado de emergencia y nunca llegó, mi familia está pasando necesidad."
PQR-2025T4-2094,2025-T4,2025,Corregimiento Tutunendo,Corregimiento Tutunendo,Corregimiento,Ayuda humanitaria,Positivo,25,"La atención para la ayuda de emergencia fue oportuna, gracias."
PQR-2025T4-2095,2025-T4,2025,Corregimiento Tutunendo,Corregimiento Tutunendo,Corregimiento,Ayuda humanitaria,Positivo,19,Agradezco que me entregaron la ayuda humanitaria rápidamente.
PQR-2025T4-2096,2025-T4,2025,Corregimiento Tutunendo,Corregimiento Tutunendo,Corregimiento,Ayuda humanitaria,Neutral,22,Pregunto por el estado de mi solicitud de ayuda humanitaria inmediata.
PQR-2025T4-2097,2025-T4,2025,Corregimiento Tutunendo,Corregimiento Tutunendo,Corregimiento,Ayuda humanitaria,Negativo,21,Llevo tres meses esperando la ayuda humanitaria y no me han dado respuesta.
PQR-2025T4-2098,2025-T4,2025,Corregimiento Tutunendo,Corregimiento Tutunendo,Corregimiento,Ayuda humanitaria,Negativo,21,"Solicité el mercado de emergencia y nunca llegó, mi familia está pasando necesidad."
PQR-2025T4-2099,2025-T4,2025,Corregimiento Tutunendo,Corregimiento Tutunendo,Corregimiento,Ayuda humanitaria,Negativo,25,Llevo tres meses esperando la ayuda humanitaria y no me han dado respuesta.
PQR-2025T4-2100,2025-T4,2025,Corregimiento Tutunendo,Corregimiento Tutunendo,Corregimiento,Ayuda humanitaria,Negativo,20,"Solicité el mercado de emergencia y nunca llegó, mi familia está pasando necesidad."
PQR-2025T4-2101,2025-T4,2025,Corregimiento Tutunendo,Corregimiento Tutunendo,Corregimiento,Ayuda humanitaria,Neutral,20,Quisiera saber qué documentos faltan para la ayuda humanitaria.
PQR-2025T4-2102,2025-T4,2025,Corregimiento Tutunendo,Corregimiento Tutunendo,Corregimiento,Ayuda humanitaria,Negativo,22,"Solicité el mercado de emergencia y nunca llegó, mi familia está pasando necesidad."
PQR-2025T4-2103,2025-T4,2025,Corregimiento Tutunendo,Corregimiento Tutunendo,Corregimiento,Ayuda humanitaria,Negativo,26,"Solicité el mercado de emergencia y nunca llegó, mi familia está pasando necesidad."
PQR-2025T4-2104,2025-T4,2025,Corregimiento Tutunendo,Corregimiento Tutunendo,Corregimiento,Ayuda humanitaria,Neutral,20,Pregunto por el estado de mi solicitud de ayuda humanitaria inmediata.
PQR-2025T4-2105,2025-T4,2025,Corregimiento Tutunendo,Corregimiento Tutunendo,Corregimiento,Ayuda humanitaria,Neutral,21,Quisiera saber qué documentos faltan para la ayuda humanitaria.
PQR-2025T4-2106,2025-T4,2025,Corregimiento Tutunendo,Corregimiento Tutunendo,Corregimiento,Ayuda humanitaria,Positivo,22,"La atención para la ayuda de emergencia fue oportuna, gracias."
PQR-2025T4-2107,2025-T4,2025,Corregimiento Tutunendo,Corregimiento Tutunendo,Corregimiento,Ayuda humanitaria,Positivo,26,"La atención para la ayuda de emergencia fue oportuna, gracias."
PQR-2025T4-2108,2025-T4,2025,Corregimiento Tutunendo,Corregimiento Tutunendo,Corregimiento,Ayuda humanitaria,Positivo,25,"La atención para la ayuda de emergencia fue oportuna, gracias."
PQR-2025T4-2109,2025-T4,2025,Corregimiento Tutunendo,Corregimiento Tutunendo,Corregimiento,Ayuda humanitaria,Negativo,20,"Solicité el mercado de emergencia y nunca llegó, mi familia está pasando necesidad."
PQR-2025T4-2110,2025-T4,2025,Corregimiento Tutunendo,Corregimiento Tutunendo,Corregimiento,Ayuda humanitaria,Negativo,21,Llevo tres meses esperando la ayuda humanitaria y no me han dado respuesta.
PQR-2025T4-2111,2025-T4,2025,Corregimiento Tutunendo,Corregimiento Tutunendo,Corregimiento,Ayuda humanitaria,Negativo,24,"Solicité el mercado de emergencia y nunca llegó, mi familia está pasando necesidad."
PQR-2025T4-2112,2025-T4,2025,Corregimiento Tutunendo,Corregimiento Tutunendo,Corregimiento,Ayuda humanitaria,Negativo,26,Llevo tres meses esperando la ayuda humanitaria y no me han dado respuesta.
PQR-2025T4-2113,2025-T4,2025,Corregimiento Tutunendo,Corregimiento Tutunendo,Corregimiento,Ayuda humanitaria,Positivo,26,"La atención para la ayuda de emergencia fue oportuna, gracias."
PQR-2025T4-2114,2025-T4,2025,Corregimiento Tutunendo,Corregimiento Tutunendo,Corregimiento,Ayuda humanitaria,Neutral,25,Pregunto por el estado de mi solicitud de ayuda humanitaria inmediata.
PQR-2025T4-2115,2025-T4,2025,Corregimiento Tutunendo,Corregimiento Tutunendo,Corregimiento,Ayuda humanitaria,Negativo,20,"Solicité el mercado de emergencia y nunca llegó, mi familia está pasando necesidad."
PQR-2025T4-2116,2025-T4,2025,Corregimiento Tutunendo,Corregimiento Tutunendo,Corregimiento,Ayuda humanitaria,Negativo,21,"Solicité el mercado de emergencia y nunca llegó, mi familia está pasando necesidad."
PQR-2025T4-2117,2025-T4,2025,Corregimiento Tutunendo,Corregimiento Tutunendo,Corregimiento,Ayuda humanitaria,Neutral,23,Quisiera saber qué documentos faltan para la ayuda humanitaria.
PQR-2025T4-2118,2025-T4,2025,Corregimiento Tutunendo,Corregimiento Tutunendo,Corregimiento,Ayuda humanitaria,Neutral,25,Pregunto por el estado de mi solicitud de ayuda humanitaria inmediata.
PQR-2025T4-2119,2025-T4,2025,Corregimiento Tutunendo,Corregimiento Tutunendo,Corregimiento,Ayuda humanitaria,Negativo,20,Llevo tres meses esperando la ayuda humanitaria y no me han dado respuesta.
PQR-2025T4-2120,2025-T4,2025,Corregimiento Tutunendo,Corregimiento Tutunendo,Corregimiento,Indemnización / reparación,Neutral,19,Solicito información sobre el turno de mi indemnización administrativa.
PQR-2025T4-2121,2025-T4,2025,Corregimiento Tutunendo,Corregimiento Tutunendo,Corregimiento,Indemnización / reparación,Negativo,22,No entiendo por qué a otros ya les pagaron la reparación y a mí no.
PQR-2025T4-2122,2025-T4,2025,Corregimiento Tutunendo,Corregimiento Tutunendo,Corregimiento,Indemnización / reparación,Negativo,20,"Fui incluido hace años y todavía no me llega la indemnización, es una injusticia."
PQR-2025T4-2123,2025-T4,2025,Corregimiento Tutunendo,Corregimiento Tutunendo,Corregimiento,Indemnización / reparación,Neutral,20,Solicito información sobre el turno de mi indemnización administrativa.
PQR-2025T4-2124,2025-T4,2025,Corregimiento Tutunendo,Corregimiento Tutunendo,Corregimiento,Indemnización / reparación,Neutral,24,Solicito información sobre el turno de mi indemnización administrativa.
PQR-2025T4-2125,2025-T4,2025,Corregimiento Tutunendo,Corregimiento Tutunendo,Corregimiento,Indemnización / reparación,Negativo,21,No entiendo por qué a otros ya les pagaron la reparación y a mí no.
PQR-2025T4-2126,2025-T4,2025,Corregimiento Tutunendo,Corregimiento Tutunendo,Corregimiento,Indemnización / reparación,Neutral,25,¿Cómo consulto el estado de mi proceso de reparación?
PQR-2025T4-2127,2025-T4,2025,Corregimiento Tutunendo,Corregimiento Tutunendo,Corregimiento,Indemnización / reparación,Negativo,25,"Fui incluido hace años y todavía no me llega la indemnización, es una injusticia."
PQR-2025T4-2128,2025-T4,2025,Corregimiento Tutunendo,Corregimiento Tutunendo,Corregimiento,Indemnización / reparación,Neutral,19,¿Cómo consulto el estado de mi proceso de reparación?
PQR-2025T4-2129,2025-T4,2025,Corregimiento Tutunendo,Corregimiento Tutunendo,Corregimiento,Indemnización / reparación,Negativo,25,"Fui incluido hace años y todavía no me llega la indemnización, es una injusticia."
PQR-2025T4-2130,2025-T4,2025,Corregimiento Tutunendo,Corregimiento Tutunendo,Corregimiento,Indemnización / reparación,Neutral,22,¿Cómo consulto el estado de mi proceso de reparación?
PQR-2025T4-2131,2025-T4,2025,Corregimiento Tutunendo,Corregimiento Tutunendo,Corregimiento,Indemnización / reparación,Negativo,20,"Fui incluido hace años y todavía no me llega la indemnización, es una injusticia."
PQR-2025T4-2132,2025-T4,2025,Corregimiento Tutunendo,Corregimiento Tutunendo,Corregimiento,Indemnización / reparación,Neutral,25,¿Cómo consulto el estado de mi proceso de reparación?
PQR-2025T4-2133,2025-T4,2025,Corregimiento Tutunendo,Corregimiento Tutunendo,Corregimiento,Indemnización / reparación,Neutral,20,¿Cómo consulto el estado de mi proceso de reparación?
PQR-2025T4-2134,2025-T4,2025,Corregimiento Tutunendo,Corregimiento Tutunendo,Corregimiento,Indemnización / reparación,Neutral,22,¿Cómo consulto el estado de mi proceso de reparación?
PQR-2025T4-2135,2025-T4,2025,Corregimiento Tutunendo,Corregimiento Tutunendo,Corregimiento,Indemnización / reparación,Neutral,21,¿Cómo consulto el estado de mi proceso de reparación?
PQR-2025T4-2136,2025-T4,2025,Corregimiento Tutunendo,Corregimiento Tutunendo,Corregimiento,Indemnización / reparación,Negativo,25,No entiendo por qué a otros ya les pagaron la reparación y a mí no.
PQR-2025T4-2137,2025-T4,2025,Corregimiento Tutunendo,Corregimiento Tutunendo,Corregimiento,Indemnización / reparación,Neutral,23,¿Cómo consulto el estado de mi proceso de reparación?
PQR-2025T4-2138,2025-T4,2025,Corregimiento Tutunendo,Corregimiento Tutunendo,Corregimiento,Indemnización / reparación,Negativo,21,No entiendo por qué a otros ya les pagaron la reparación y a mí no.
PQR-2025T4-2139,2025-T4,2025,Corregimiento Tutunendo,Corregimiento Tutunendo,Corregimiento,Indemnización / reparación,Negativo,19,No entiendo por qué a otros ya les pagaron la reparación y a mí no.
PQR-2025T4-2140,2025-T4,2025,Corregimiento Tutunendo,Corregimiento Tutunendo,Corregimiento,Indemnización / reparación,Negativo,26,"Fui incluido hace años y todavía no me llega la indemnización, es una injusticia."
PQR-2025T4-2141,2025-T4,2025,Corregimiento Tutunendo,Corregimiento Tutunendo,Corregimiento,Indemnización / reparación,Negativo,19,No entiendo por qué a otros ya les pagaron la reparación y a mí no.
PQR-2025T4-2142,2025-T4,2025,Corregimiento Tutunendo,Corregimiento Tutunendo,Corregimiento,Indemnización / reparación,Negativo,21,"Fui incluido hace años y todavía no me llega la indemnización, es una injusticia."
PQR-2025T4-2143,2025-T4,2025,Corregimiento Tutunendo,Corregimiento Tutunendo,Corregimiento,Indemnización / reparación,Negativo,22,"Fui incluido hace años y todavía no me llega la indemnización, es una injusticia."
PQR-2025T4-2144,2025-T4,2025,Corregimiento Tutunendo,Corregimiento Tutunendo,Corregimiento,Vivienda,Neutral,21,Pregunto por las convocatorias de vivienda para población víctima.
PQR-2025T4-2145,2025-T4,2025,Corregimiento Tutunendo,Corregimiento Tutunendo,Corregimiento,Vivienda,Negativo,21,La casa que me asignaron tiene problemas y nadie responde.
PQR-2025T4-2146,2025-T4,2025,Corregimiento Tutunendo,Corregimiento Tutunendo,Corregimiento,Vivienda,Neutral,21,Pregunto por las convocatorias de vivienda para población víctima.
PQR-2025T4-2147,2025-T4,2025,Corregimiento Tutunendo,Corregimiento Tutunendo,Corregimiento,Vivienda,Negativo,24,Postulé al subsidio de vivienda y me rechazaron sin explicación clara.
PQR-2025T4-2148,2025-T4,2025,Corregimiento Tutunendo,Corregimiento Tutunendo,Corregimiento,Vivienda,Negativo,21,Postulé al subsidio de vivienda y me rechazaron sin explicación clara.
PQR-2025T4-2149,2025-T4,2025,Corregimiento Tutunendo,Corregimiento Tutunendo,Corregimiento,Vivienda,Negativo,23,La casa que me asignaron tiene problemas y nadie responde.
PQR-2025T4-2150,2025-T4,2025,Corregimiento Tutunendo,Corregimiento Tutunendo,Corregimiento,Vivienda,Negativo,23,Postulé al subsidio de vivienda y me rechazaron sin explicación clara.
PQR-2025T4-2151,2025-T4,2025,Corregimiento Tutunendo,Corregimiento Tutunendo,Corregimiento,Vivienda,Negativo,25,La casa que me asignaron tiene problemas y nadie responde.
PQR-2025T4-2152,2025-T4,2025,Corregimiento Tutunendo,Corregimiento Tutunendo,Corregimiento,Vivienda,Positivo,25,El proceso de postulación a vivienda fue claro.
PQR-2025T4-2153,2025-T4,2025,Corregimiento Tutunendo,Corregimiento Tutunendo,Corregimiento,Vivienda,Negativo,23,Postulé al subsidio de vivienda y me rechazaron sin explicación clara.
PQR-2025T4-2154,2025-T4,2025,Corregimiento Tutunendo,Corregimiento Tutunendo,Corregimiento,Vivienda,Positivo,21,"Me asignaron la vivienda, muy agradecido con el acompañamiento."
PQR-2025T4-2155,2025-T4,2025,Corregimiento Tutunendo,Corregimiento Tutunendo,Corregimiento,Vivienda,Negativo,23,La casa que me asignaron tiene problemas y nadie responde.
PQR-2025T4-2156,2025-T4,2025,Corregimiento Tutunendo,Corregimiento Tutunendo,Corregimiento,Vivienda,Negativo,22,La casa que me asignaron tiene problemas y nadie responde.
PQR-2025T4-2157,2025-T4,2025,Corregimiento Tutunendo,Corregimiento Tutunendo,Corregimiento,Vivienda,Negativo,23,La casa que me asignaron tiene problemas y nadie responde.
PQR-2025T4-2158,2025-T4,2025,Corregimiento Tutunendo,Corregimiento Tutunendo,Corregimiento,Vivienda,Negativo,24,Postulé al subsidio de vivienda y me rechazaron sin explicación clara.
PQR-2025T4-2159,2025-T4,2025,Corregimiento Tutunendo,Corregimiento Tutunendo,Corregimiento,Vivienda,Neutral,26,Solicito información sobre el subsidio de mejoramiento de vivienda.
PQR-2025T4-2160,2025-T4,2025,Corregimiento Tutunendo,Corregimiento Tutunendo,Corregimiento,Vivienda,Neutral,20,Pregunto por las convocatorias de vivienda para población víctima.
PQR-2025T4-2161,2025-T4,2025,Corregimiento Tutunendo,Corregimiento Tutunendo,Corregimiento,Vivienda,Negativo,25,La casa que me asignaron tiene problemas y nadie responde.
PQR-2025T4-2162,2025-T4,2025,Corregimiento Tutunendo,Corregimiento Tutunendo,Corregimiento,Vivienda,Positivo,23,"Me asignaron la vivienda, muy agradecido con el acompañamiento."
PQR-2025T4-2163,2025-T4,2025,Corregimiento Tutunendo,Corregimiento Tutunendo,Corregimiento,Vivienda,Positivo,26,El proceso de postulación a vivienda fue claro.
PQR-2025T4-2164,2025-T4,2025,Corregimiento Tutunendo,Corregimiento Tutunendo,Corregimiento,Vivienda,Neutral,23,Pregunto por las convocatorias de vivienda para población víctima.
PQR-2025T4-2165,2025-T4,2025,Corregimiento Tutunendo,Corregimiento Tutunendo,Corregimiento,Vivienda,Negativo,26,La casa que me asignaron tiene problemas y nadie responde.
PQR-2025T4-2166,2025-T4,2025,Corregimiento Tutunendo,Corregimiento Tutunendo,Corregimiento,Salud y atención psicosocial,Neutral,19,Solicito una cita de atención psicosocial para mi familia.
PQR-2025T4-2167,2025-T4,2025,Corregimiento Tutunendo,Corregimiento Tutunendo,Corregimiento,Salud y atención psicosocial,Neutral,26,Pregunto por el programa de atención en salud para víctimas.
PQR-2025T4-2168,2025-T4,2025,Corregimiento Tutunendo,Corregimiento Tutunendo,Corregimiento,Salud y atención psicosocial,Positivo,26,"Recibí buena orientación en salud, quedé satisfecho."
PQR-2025T4-2169,2025-T4,2025,Corregimiento Tutunendo,Corregimiento Tutunendo,Corregimiento,Salud y atención psicosocial,Negativo,23,Necesito atención psicosocial y me dan citas para dentro de meses.
PQR-2025T4-2170,2025-T4,2025,Corregimiento Tutunendo,Corregimiento Tutunendo,Corregimiento,Salud y atención psicosocial,Neutral,27,Pregunto por el programa de atención en salud para víctimas.
PQR-2025T4-2171,2025-T4,2025,Corregimiento Tutunendo,Corregimiento Tutunendo,Corregimiento,Salud y atención psicosocial,Negativo,24,No hay profesionales suficientes para la atención en salud mental.
PQR-2025T4-2172,2025-T4,2025,Corregimiento Tutunendo,Corregimiento Tutunendo,Corregimiento,Salud y atención psicosocial,Negativo,19,Necesito atención psicosocial y me dan citas para dentro de meses.
PQR-2025T4-2173,2025-T4,2025,Corregimiento Tutunendo,Corregimiento Tutunendo,Corregimiento,Salud y atención psicosocial,Negativo,21,Necesito atención psicosocial y me dan citas para dentro de meses.
PQR-2025T4-2174,2025-T4,2025,Corregimiento Tutunendo,Corregimiento Tutunendo,Corregimiento,Salud y atención psicosocial,Negativo,22,No hay profesionales suficientes para la atención en salud mental.
PQR-2025T4-2175,2025-T4,2025,Corregimiento Tutunendo,Corregimiento Tutunendo,Corregimiento,Salud y atención psicosocial,Positivo,20,"Recibí buena orientación en salud, quedé satisfecho."
PQR-2025T4-2176,2025-T4,2025,Corregimiento Tutunendo,Corregimiento Tutunendo,Corregimiento,Salud y atención psicosocial,Negativo,22,No hay profesionales suficientes para la atención en salud mental.
PQR-2025T4-2177,2025-T4,2025,Corregimiento Tutunendo,Corregimiento Tutunendo,Corregimiento,Salud y atención psicosocial,Neutral,26,Solicito una cita de atención psicosocial para mi familia.
PQR-2025T4-2178,2025-T4,2025,Corregimiento Tutunendo,Corregimiento Tutunendo,Corregimiento,Educación,Neutral,19,Pregunto por el apoyo educativo para el próximo semestre.
PQR-2025T4-2179,2025-T4,2025,Corregimiento Tutunendo,Corregimiento Tutunendo,Corregimiento,Educación,Negativo,19,Mi hijo no ha podido acceder al beneficio educativo prometido.
PQR-2025T4-2180,2025-T4,2025,Corregimiento Tutunendo,Corregimiento Tutunendo,Corregimiento,Educación,Positivo,20,"Mi hija obtuvo el apoyo educativo, muy agradecida."
PQR-2025T4-2181,2025-T4,2025,Corregimiento Tutunendo,Corregimiento Tutunendo,Corregimiento,Educación,Positivo,25,La orientación sobre educación superior fue útil.
PQR-2025T4-2182,2025-T4,2025,Corregimiento Tutunendo,Corregimiento Tutunendo,Corregimiento,Educación,Positivo,25,"Mi hija obtuvo el apoyo educativo, muy agradecida."
PQR-2025T4-2183,2025-T4,2025,Corregimiento Tutunendo,Corregimiento Tutunendo,Corregimiento,Educación,Positivo,26,"Mi hija obtuvo el apoyo educativo, muy agradecida."
PQR-2025T4-2184,2025-T4,2025,Corregimiento Tutunendo,Corregimiento Tutunendo,Corregimiento,Educación,Positivo,25,"Mi hija obtuvo el apoyo educativo, muy agradecida."
PQR-2025T4-2185,2025-T4,2025,Corregimiento Tutunendo,Corregimiento Tutunendo,Corregimiento,Educación,Positivo,23,La orientación sobre educación superior fue útil.
PQR-2025T4-2186,2025-T4,2025,Corregimiento Tutunendo,Corregimiento Tutunendo,Corregimiento,Educación,Neutral,22,Solicito información sobre becas para estudiantes víctimas.
PQR-2025T4-2187,2025-T4,2025,Corregimiento Tutunendo,Corregimiento Tutunendo,Corregimiento,Educación,Negativo,24,Falta información sobre los cupos educativos para víctimas.
PQR-2025T4-2188,2025-T4,2025,Corregimiento Tutunendo,Corregimiento Tutunendo,Corregimiento,Educación,Positivo,20,La orientación sobre educación superior fue útil.
PQR-2025T4-2189,2025-T4,2025,Corregimiento Tutunendo,Corregimiento Tutunendo,Corregimiento,Educación,Positivo,20,"Mi hija obtuvo el apoyo educativo, muy agradecida."
PQR-2025T4-2190,2025-T4,2025,Corregimiento Tutunendo,Corregimiento Tutunendo,Corregimiento,Registro / inclusión RUV,Negativo,20,Llevo meses esperando que me incluyan en el RUV y no hay respuesta.
PQR-2025T4-2191,2025-T4,2025,Corregimiento Tutunendo,Corregimiento Tutunendo,Corregimiento,Registro / inclusión RUV,Negativo,25,Llevo meses esperando que me incluyan en el RUV y no hay respuesta.
PQR-2025T4-2192,2025-T4,2025,Corregimiento Tutunendo,Corregimiento Tutunendo,Corregimiento,Registro / inclusión RUV,Positivo,24,"Ya quedé incluido en el registro, agradezco la ayuda."
PQR-2025T4-2193,2025-T4,2025,Corregimiento Tutunendo,Corregimiento Tutunendo,Corregimiento,Registro / inclusión RUV,Neutral,26,Solicito información sobre mi estado en el Registro Único de Víctimas.
PQR-2025T4-2194,2025-T4,2025,Corregimiento Tutunendo,Corregimiento Tutunendo,Corregimiento,Registro / inclusión RUV,Negativo,26,Me negaron la inclusión y no me explicaron los motivos.
PQR-2025T4-2195,2025-T4,2025,Corregimiento Tutunendo,Corregimiento Tutunendo,Corregimiento,Registro / inclusión RUV,Negativo,21,Me negaron la inclusión y no me explicaron los motivos.
PQR-2025T4-2196,2025-T4,2025,Corregimiento Tutunendo,Corregimiento Tutunendo,Corregimiento,Registro / inclusión RUV,Positivo,25,"Me orientaron bien para la declaración, todo salió bien."
PQR-2025T4-2197,2025-T4,2025,Corregimiento Tutunendo,Corregimiento Tutunendo,Corregimiento,Registro / inclusión RUV,Positivo,24,"Me orientaron bien para la declaración, todo salió bien."
PQR-2025T4-2198,2025-T4,2025,Corregimiento Tutunendo,Corregimiento Tutunendo,Corregimiento,Registro / inclusión RUV,Positivo,25,"Ya quedé incluido en el registro, agradezco la ayuda."
PQR-2025T4-2199,2025-T4,2025,Corregimiento Tutunendo,Corregimiento Tutunendo,Corregimiento,Registro / inclusión RUV,Positivo,21,"Me orientaron bien para la declaración, todo salió bien."
PQR-2025T4-2200,2025-T4,2025,Corregimiento Tutunendo,Corregimiento Tutunendo,Corregimiento,Registro / inclusión RUV,Negativo,25,Llevo meses esperando que me incluyan en el RUV y no hay respuesta.
PQR-2025T4-2201,2025-T4,2025,Corregimiento Tutunendo,Corregimiento Tutunendo,Corregimiento,Registro / inclusión RUV,Negativo,26,Me negaron la inclusión y no me explicaron los motivos.
PQR-2025T4-2202,2025-T4,2025,Corregimiento Tutunendo,Corregimiento Tutunendo,Corregimiento,Registro / inclusión RUV,Positivo,21,"Me orientaron bien para la declaración, todo salió bien."
PQR-2025T4-2203,2025-T4,2025,Corregimiento Tutunendo,Corregimiento Tutunendo,Corregimiento,Registro / inclusión RUV,Negativo,26,Me negaron la inclusión y no me explicaron los motivos.
PQR-2025T4-2204,2025-T4,2025,Corregimiento Tutunendo,Corregimiento Tutunendo,Corregimiento,Registro / inclusión RUV,Neutral,20,Solicito información sobre mi estado en el Registro Único de Víctimas.
PQR-2025T4-2205,2025-T4,2025,Corregimiento Tutunendo,Corregimiento Tutunendo,Corregimiento,Registro / inclusión RUV,Positivo,21,"Ya quedé incluido en el registro, agradezco la ayuda."
PQR-2025T4-2206,2025-T4,2025,Corregimiento Tutunendo,Corregimiento Tutunendo,Corregimiento,Registro / inclusión RUV,Negativo,23,Llevo meses esperando que me incluyan en el RUV y no hay respuesta.
PQR-2025T4-2207,2025-T4,2025,Corregimiento Tutunendo,Corregimiento Tutunendo,Corregimiento,Registro / inclusión RUV,Negativo,20,Llevo meses esperando que me incluyan en el RUV y no hay respuesta.
PQR-2025T4-2208,2025-T4,2025,Corregimiento Tutunendo,Corregimiento Tutunendo,Corregimiento,Registro / inclusión RUV,Negativo,20,Llevo meses esperando que me incluyan en el RUV y no hay respuesta.
PQR-2025T4-2209,2025-T4,2025,Corregimiento Tutunendo,Corregimiento Tutunendo,Corregimiento,Registro / inclusión RUV,Neutral,23,Solicito información sobre mi estado en el Registro Único de Víctimas.
PQR-2025T4-2210,2025-T4,2025,Corregimiento Tutunendo,Corregimiento Tutunendo,Corregimiento,Registro / inclusión RUV,Neutral,25,¿Qué debo hacer para actualizar mis datos en el RUV?
PQR-2025T4-2211,2025-T4,2025,Corregimiento Tutunendo,Corregimiento Tutunendo,Corregimiento,Registro / inclusión RUV,Negativo,21,Me negaron la inclusión y no me explicaron los motivos.
PQR-2025T4-2212,2025-T4,2025,Corregimiento Tutunendo,Corregimiento Tutunendo,Corregimiento,Registro / inclusión RUV,Negativo,23,Llevo meses esperando que me incluyan en el RUV y no hay respuesta.
PQR-2025T4-2213,2025-T4,2025,Corregimiento Tutunendo,Corregimiento Tutunendo,Corregimiento,Retornos y reubicación,Neutral,25,Solicito información sobre acompañamiento para reubicación.
PQR-2025T4-2214,2025-T4,2025,Corregimiento Tutunendo,Corregimiento Tutunendo,Corregimiento,Retornos y reubicación,Neutral,20,Pregunto por el plan de retorno para mi comunidad.
PQR-2025T4-2215,2025-T4,2025,Corregimiento Tutunendo,Corregimiento Tutunendo,Corregimiento,Retornos y reubicación,Negativo,26,Solicité apoyo para el retorno y no hay condiciones de seguridad.
PQR-2025T4-2216,2025-T4,2025,Corregimiento Tutunendo,Corregimiento Tutunendo,Corregimiento,Retornos y reubicación,Negativo,25,El proceso de reubicación está detenido hace tiempo.
PQR-2025T4-2217,2025-T4,2025,Corregimiento Tutunendo,Corregimiento Tutunendo,Corregimiento,Retornos y reubicación,Neutral,20,Pregunto por el plan de retorno para mi comunidad.
PQR-2025T4-2218,2025-T4,2025,Corregimiento Tutunendo,Corregimiento Tutunendo,Corregimiento,Retornos y reubicación,Positivo,24,"El acompañamiento para el retorno fue bueno, gracias."
PQR-2025T4-2219,2025-T4,2025,Corregimiento Tutunendo,Corregimiento Tutunendo,Corregimiento,Retornos y reubicación,Negativo,24,Solicité apoyo para el retorno y no hay condiciones de seguridad.
PQR-2025T4-2220,2025-T4,2025,Corregimiento Tutunendo,Corregimiento Tutunendo,Corregimiento,Retornos y reubicación,Positivo,23,"El acompañamiento para el retorno fue bueno, gracias."
PQR-2025T4-2221,2025-T4,2025,Corregimiento Tutunendo,Corregimiento Tutunendo,Corregimiento,Retornos y reubicación,Positivo,19,Nos apoyaron en la reubicación de manera adecuada.
PQR-2025T4-2222,2025-T4,2025,Corregimiento Tutunendo,Corregimiento Tutunendo,Corregimiento,Otros trámites,Positivo,19,Me resolvieron el trámite sin complicaciones.
PQR-2025T4-2223,2025-T4,2025,Corregimiento Tutunendo,Corregimiento Tutunendo,Corregimiento,Otros trámites,Positivo,23,Me resolvieron el trámite sin complicaciones.
PQR-2025T4-2224,2025-T4,2025,Corregimiento Tutunendo,Corregimiento Tutunendo,Corregimiento,Otros trámites,Neutral,24,Pregunto por el horario de atención de la oficina.
PQR-2025T4-2225,2025-T4,2025,Corregimiento Tutunendo,Corregimiento Tutunendo,Corregimiento,Otros trámites,Negativo,26,Me han remitido de una oficina a otra sin resolver mi caso.
PQR-2025T4-2226,2025-T4,2025,Corregimiento Tutunendo,Corregimiento Tutunendo,Corregimiento,Otros trámites,Positivo,21,Me resolvieron el trámite sin complicaciones.
PQR-2025T4-2227,2025-T4,2025,Corregimiento Tutunendo,Corregimiento Tutunendo,Corregimiento,Otros trámites,Positivo,25,La atención en ventanilla fue amable y rápida.
PQR-2025T4-2228,2025-T4,2025,Corregimiento Tutunendo,Corregimiento Tutunendo,Corregimiento,Otros trámites,Negativo,21,Me han remitido de una oficina a otra sin resolver mi caso.
PQR-2025T4-2229,2025-T4,2025,Corregimiento Tutunendo,Corregimiento Tutunendo,Corregimiento,Otros trámites,Negativo,24,La fila de atención es muy larga y no alcanzan a atender.
PQR-2025T4-2230,2025-T4,2025,Corregimiento Guayabal,Corregimiento Guayabal,Corregimiento,Ayuda humanitaria,Neutral,27,Quisiera saber qué documentos faltan para la ayuda humanitaria.
PQR-2025T4-2231,2025-T4,2025,Corregimiento Guayabal,Corregimiento Guayabal,Corregimiento,Ayuda humanitaria,Negativo,25,Llevo tres meses esperando la ayuda humanitaria y no me han dado respuesta.
PQR-2025T4-2232,2025-T4,2025,Corregimiento Guayabal,Corregimiento Guayabal,Corregimiento,Ayuda humanitaria,Positivo,21,Agradezco que me entregaron la ayuda humanitaria rápidamente.
PQR-2025T4-2233,2025-T4,2025,Corregimiento Guayabal,Corregimiento Guayabal,Corregimiento,Ayuda humanitaria,Positivo,20,Agradezco que me entregaron la ayuda humanitaria rápidamente.
PQR-2025T4-2234,2025-T4,2025,Corregimiento Guayabal,Corregimiento Guayabal,Corregimiento,Ayuda humanitaria,Positivo,26,Agradezco que me entregaron la ayuda humanitaria rápidamente.
PQR-2025T4-2235,2025-T4,2025,Corregimiento Guayabal,Corregimiento Guayabal,Corregimiento,Ayuda humanitaria,Positivo,22,"La atención para la ayuda de emergencia fue oportuna, gracias."
PQR-2025T4-2236,2025-T4,2025,Corregimiento Guayabal,Corregimiento Guayabal,Corregimiento,Ayuda humanitaria,Negativo,21,"Solicité el mercado de emergencia y nunca llegó, mi familia está pasando necesidad."
PQR-2025T4-2237,2025-T4,2025,Corregimiento Guayabal,Corregimiento Guayabal,Corregimiento,Ayuda humanitaria,Positivo,21,Agradezco que me entregaron la ayuda humanitaria rápidamente.
PQR-2025T4-2238,2025-T4,2025,Corregimiento Guayabal,Corregimiento Guayabal,Corregimiento,Ayuda humanitaria,Positivo,23,Agradezco que me entregaron la ayuda humanitaria rápidamente.
PQR-2025T4-2239,2025-T4,2025,Corregimiento Guayabal,Corregimiento Guayabal,Corregimiento,Ayuda humanitaria,Negativo,19,Llevo tres meses esperando la ayuda humanitaria y no me han dado respuesta.
PQR-2025T4-2240,2025-T4,2025,Corregimiento Guayabal,Corregimiento Guayabal,Corregimiento,Ayuda humanitaria,Neutral,22,Pregunto por el estado de mi solicitud de ayuda humanitaria inmediata.
PQR-2025T4-2241,2025-T4,2025,Corregimiento Guayabal,Corregimiento Guayabal,Corregimiento,Ayuda humanitaria,Neutral,22,Quisiera saber qué documentos faltan para la ayuda humanitaria.
PQR-2025T4-2242,2025-T4,2025,Corregimiento Guayabal,Corregimiento Guayabal,Corregimiento,Ayuda humanitaria,Neutral,20,Pregunto por el estado de mi solicitud de ayuda humanitaria inmediata.
PQR-2025T4-2243,2025-T4,2025,Corregimiento Guayabal,Corregimiento Guayabal,Corregimiento,Ayuda humanitaria,Negativo,20,"Solicité el mercado de emergencia y nunca llegó, mi familia está pasando necesidad."
PQR-2025T4-2244,2025-T4,2025,Corregimiento Guayabal,Corregimiento Guayabal,Corregimiento,Ayuda humanitaria,Negativo,24,Llevo tres meses esperando la ayuda humanitaria y no me han dado respuesta.
PQR-2025T4-2245,2025-T4,2025,Corregimiento Guayabal,Corregimiento Guayabal,Corregimiento,Ayuda humanitaria,Negativo,20,Llevo tres meses esperando la ayuda humanitaria y no me han dado respuesta.
PQR-2025T4-2246,2025-T4,2025,Corregimiento Guayabal,Corregimiento Guayabal,Corregimiento,Ayuda humanitaria,Negativo,19,Llevo tres meses esperando la ayuda humanitaria y no me han dado respuesta.
PQR-2025T4-2247,2025-T4,2025,Corregimiento Guayabal,Corregimiento Guayabal,Corregimiento,Ayuda humanitaria,Positivo,26,"La atención para la ayuda de emergencia fue oportuna, gracias."
PQR-2025T4-2248,2025-T4,2025,Corregimiento Guayabal,Corregimiento Guayabal,Corregimiento,Ayuda humanitaria,Neutral,26,Pregunto por el estado de mi solicitud de ayuda humanitaria inmediata.
PQR-2025T4-2249,2025-T4,2025,Corregimiento Guayabal,Corregimiento Guayabal,Corregimiento,Ayuda humanitaria,Positivo,24,Agradezco que me entregaron la ayuda humanitaria rápidamente.
PQR-2025T4-2250,2025-T4,2025,Corregimiento Guayabal,Corregimiento Guayabal,Corregimiento,Ayuda humanitaria,Positivo,19,"La atención para la ayuda de emergencia fue oportuna, gracias."
PQR-2025T4-2251,2025-T4,2025,Corregimiento Guayabal,Corregimiento Guayabal,Corregimiento,Ayuda humanitaria,Negativo,25,Llevo tres meses esperando la ayuda humanitaria y no me han dado respuesta.
PQR-2025T4-2252,2025-T4,2025,Corregimiento Guayabal,Corregimiento Guayabal,Corregimiento,Ayuda humanitaria,Negativo,26,Llevo tres meses esperando la ayuda humanitaria y no me han dado respuesta.
PQR-2025T4-2253,2025-T4,2025,Corregimiento Guayabal,Corregimiento Guayabal,Corregimiento,Ayuda humanitaria,Negativo,23,Llevo tres meses esperando la ayuda humanitaria y no me han dado respuesta.
PQR-2025T4-2254,2025-T4,2025,Corregimiento Guayabal,Corregimiento Guayabal,Corregimiento,Ayuda humanitaria,Positivo,25,"La atención para la ayuda de emergencia fue oportuna, gracias."
PQR-2025T4-2255,2025-T4,2025,Corregimiento Guayabal,Corregimiento Guayabal,Corregimiento,Ayuda humanitaria,Negativo,22,Llevo tres meses esperando la ayuda humanitaria y no me han dado respuesta.
PQR-2025T4-2256,2025-T4,2025,Corregimiento Guayabal,Corregimiento Guayabal,Corregimiento,Ayuda humanitaria,Negativo,20,"Solicité el mercado de emergencia y nunca llegó, mi familia está pasando necesidad."
PQR-2025T4-2257,2025-T4,2025,Corregimiento Guayabal,Corregimiento Guayabal,Corregimiento,Ayuda humanitaria,Neutral,21,Pregunto por el estado de mi solicitud de ayuda humanitaria inmediata.
PQR-2025T4-2258,2025-T4,2025,Corregimiento Guayabal,Corregimiento Guayabal,Corregimiento,Ayuda humanitaria,Neutral,24,Quisiera saber qué documentos faltan para la ayuda humanitaria.
PQR-2025T4-2259,2025-T4,2025,Corregimiento Guayabal,Corregimiento Guayabal,Corregimiento,Ayuda humanitaria,Negativo,22,"Solicité el mercado de emergencia y nunca llegó, mi familia está pasando necesidad."
PQR-2025T4-2260,2025-T4,2025,Corregimiento Guayabal,Corregimiento Guayabal,Corregimiento,Ayuda humanitaria,Neutral,20,Quisiera saber qué documentos faltan para la ayuda humanitaria.
PQR-2025T4-2261,2025-T4,2025,Corregimiento Guayabal,Corregimiento Guayabal,Corregimiento,Ayuda humanitaria,Negativo,23,"Solicité el mercado de emergencia y nunca llegó, mi familia está pasando necesidad."
PQR-2025T4-2262,2025-T4,2025,Corregimiento Guayabal,Corregimiento Guayabal,Corregimiento,Ayuda humanitaria,Positivo,20,Agradezco que me entregaron la ayuda humanitaria rápidamente.
PQR-2025T4-2263,2025-T4,2025,Corregimiento Guayabal,Corregimiento Guayabal,Corregimiento,Ayuda humanitaria,Neutral,27,Pregunto por el estado de mi solicitud de ayuda humanitaria inmediata.
PQR-2025T4-2264,2025-T4,2025,Corregimiento Guayabal,Corregimiento Guayabal,Corregimiento,Ayuda humanitaria,Negativo,22,Llevo tres meses esperando la ayuda humanitaria y no me han dado respuesta.
PQR-2025T4-2265,2025-T4,2025,Corregimiento Guayabal,Corregimiento Guayabal,Corregimiento,Ayuda humanitaria,Neutral,26,Pregunto por el estado de mi solicitud de ayuda humanitaria inmediata.
PQR-2025T4-2266,2025-T4,2025,Corregimiento Guayabal,Corregimiento Guayabal,Corregimiento,Ayuda humanitaria,Negativo,22,"Solicité el mercado de emergencia y nunca llegó, mi familia está pasando necesidad."
PQR-2025T4-2267,2025-T4,2025,Corregimiento Guayabal,Corregimiento Guayabal,Corregimiento,Ayuda humanitaria,Negativo,21,"Solicité el mercado de emergencia y nunca llegó, mi familia está pasando necesidad."
PQR-2025T4-2268,2025-T4,2025,Corregimiento Guayabal,Corregimiento Guayabal,Corregimiento,Indemnización / reparación,Negativo,21,"Fui incluido hace años y todavía no me llega la indemnización, es una injusticia."
PQR-2025T4-2269,2025-T4,2025,Corregimiento Guayabal,Corregimiento Guayabal,Corregimiento,Indemnización / reparación,Negativo,23,No entiendo por qué a otros ya les pagaron la reparación y a mí no.
PQR-2025T4-2270,2025-T4,2025,Corregimiento Guayabal,Corregimiento Guayabal,Corregimiento,Indemnización / reparación,Neutral,21,¿Cómo consulto el estado de mi proceso de reparación?
PQR-2025T4-2271,2025-T4,2025,Corregimiento Guayabal,Corregimiento Guayabal,Corregimiento,Indemnización / reparación,Negativo,23,No entiendo por qué a otros ya les pagaron la reparación y a mí no.
PQR-2025T4-2272,2025-T4,2025,Corregimiento Guayabal,Corregimiento Guayabal,Corregimiento,Indemnización / reparación,Neutral,19,¿Cómo consulto el estado de mi proceso de reparación?
PQR-2025T4-2273,2025-T4,2025,Corregimiento Guayabal,Corregimiento Guayabal,Corregimiento,Indemnización / reparación,Negativo,19,No entiendo por qué a otros ya les pagaron la reparación y a mí no.
PQR-2025T4-2274,2025-T4,2025,Corregimiento Guayabal,Corregimiento Guayabal,Corregimiento,Indemnización / reparación,Negativo,24,"Fui incluido hace años y todavía no me llega la indemnización, es una injusticia."
PQR-2025T4-2275,2025-T4,2025,Corregimiento Guayabal,Corregimiento Guayabal,Corregimiento,Indemnización / reparación,Negativo,24,"Fui incluido hace años y todavía no me llega la indemnización, es una injusticia."
PQR-2025T4-2276,2025-T4,2025,Corregimiento Guayabal,Corregimiento Guayabal,Corregimiento,Indemnización / reparación,Negativo,26,"Fui incluido hace años y todavía no me llega la indemnización, es una injusticia."
PQR-2025T4-2277,2025-T4,2025,Corregimiento Guayabal,Corregimiento Guayabal,Corregimiento,Indemnización / reparación,Negativo,22,No entiendo por qué a otros ya les pagaron la reparación y a mí no.
PQR-2025T4-2278,2025-T4,2025,Corregimiento Guayabal,Corregimiento Guayabal,Corregimiento,Indemnización / reparación,Neutral,21,Solicito información sobre el turno de mi indemnización administrativa.
PQR-2025T4-2279,2025-T4,2025,Corregimiento Guayabal,Corregimiento Guayabal,Corregimiento,Indemnización / reparación,Negativo,22,"Fui incluido hace años y todavía no me llega la indemnización, es una injusticia."
PQR-2025T4-2280,2025-T4,2025,Corregimiento Guayabal,Corregimiento Guayabal,Corregimiento,Indemnización / reparación,Negativo,23,No entiendo por qué a otros ya les pagaron la reparación y a mí no.
PQR-2025T4-2281,2025-T4,2025,Corregimiento Guayabal,Corregimiento Guayabal,Corregimiento,Indemnización / reparación,Negativo,21,"Fui incluido hace años y todavía no me llega la indemnización, es una injusticia."
PQR-2025T4-2282,2025-T4,2025,Corregimiento Guayabal,Corregimiento Guayabal,Corregimiento,Indemnización / reparación,Neutral,22,Solicito información sobre el turno de mi indemnización administrativa.
PQR-2025T4-2283,2025-T4,2025,Corregimiento Guayabal,Corregimiento Guayabal,Corregimiento,Indemnización / reparación,Neutral,24,¿Cómo consulto el estado de mi proceso de reparación?
PQR-2025T4-2284,2025-T4,2025,Corregimiento Guayabal,Corregimiento Guayabal,Corregimiento,Indemnización / reparación,Neutral,23,Solicito información sobre el turno de mi indemnización administrativa.
PQR-2025T4-2285,2025-T4,2025,Corregimiento Guayabal,Corregimiento Guayabal,Corregimiento,Indemnización / reparación,Negativo,22,No entiendo por qué a otros ya les pagaron la reparación y a mí no.
PQR-2025T4-2286,2025-T4,2025,Corregimiento Guayabal,Corregimiento Guayabal,Corregimiento,Indemnización / reparación,Negativo,21,"Fui incluido hace años y todavía no me llega la indemnización, es una injusticia."
PQR-2025T4-2287,2025-T4,2025,Corregimiento Guayabal,Corregimiento Guayabal,Corregimiento,Indemnización / reparación,Negativo,24,"Fui incluido hace años y todavía no me llega la indemnización, es una injusticia."
PQR-2025T4-2288,2025-T4,2025,Corregimiento Guayabal,Corregimiento Guayabal,Corregimiento,Indemnización / reparación,Negativo,20,No entiendo por qué a otros ya les pagaron la reparación y a mí no.
PQR-2025T4-2289,2025-T4,2025,Corregimiento Guayabal,Corregimiento Guayabal,Corregimiento,Indemnización / reparación,Neutral,21,Solicito información sobre el turno de mi indemnización administrativa.
PQR-2025T4-2290,2025-T4,2025,Corregimiento Guayabal,Corregimiento Guayabal,Corregimiento,Indemnización / reparación,Neutral,21,¿Cómo consulto el estado de mi proceso de reparación?
PQR-2025T4-2291,2025-T4,2025,Corregimiento Guayabal,Corregimiento Guayabal,Corregimiento,Indemnización / reparación,Neutral,22,Solicito información sobre el turno de mi indemnización administrativa.
PQR-2025T4-2292,2025-T4,2025,Corregimiento Guayabal,Corregimiento Guayabal,Corregimiento,Vivienda,Negativo,20,La casa que me asignaron tiene problemas y nadie responde.
PQR-2025T4-2293,2025-T4,2025,Corregimiento Guayabal,Corregimiento Guayabal,Corregimiento,Vivienda,Negativo,23,Postulé al subsidio de vivienda y me rechazaron sin explicación clara.
PQR-2025T4-2294,2025-T4,2025,Corregimiento Guayabal,Corregimiento Guayabal,Corregimiento,Vivienda,Neutral,24,Pregunto por las convocatorias de vivienda para población víctima.
PQR-2025T4-2295,2025-T4,2025,Corregimiento Guayabal,Corregimiento Guayabal,Corregimiento,Vivienda,Neutral,20,Solicito información sobre el subsidio de mejoramiento de vivienda.
PQR-2025T4-2296,2025-T4,2025,Corregimiento Guayabal,Corregimiento Guayabal,Corregimiento,Vivienda,Neutral,24,Solicito información sobre el subsidio de mejoramiento de vivienda.
PQR-2025T4-2297,2025-T4,2025,Corregimiento Guayabal,Corregimiento Guayabal,Corregimiento,Vivienda,Neutral,24,Pregunto por las convocatorias de vivienda para población víctima.
PQR-2025T4-2298,2025-T4,2025,Corregimiento Guayabal,Corregimiento Guayabal,Corregimiento,Vivienda,Neutral,26,Solicito información sobre el subsidio de mejoramiento de vivienda.
PQR-2025T4-2299,2025-T4,2025,Corregimiento Guayabal,Corregimiento Guayabal,Corregimiento,Vivienda,Neutral,22,Solicito información sobre el subsidio de mejoramiento de vivienda.
PQR-2025T4-2300,2025-T4,2025,Corregimiento Guayabal,Corregimiento Guayabal,Corregimiento,Vivienda,Negativo,19,Postulé al subsidio de vivienda y me rechazaron sin explicación clara.
PQR-2025T4-2301,2025-T4,2025,Corregimiento Guayabal,Corregimiento Guayabal,Corregimiento,Vivienda,Neutral,20,Pregunto por las convocatorias de vivienda para población víctima.
PQR-2025T4-2302,2025-T4,2025,Corregimiento Guayabal,Corregimiento Guayabal,Corregimiento,Vivienda,Negativo,24,Postulé al subsidio de vivienda y me rechazaron sin explicación clara.
PQR-2025T4-2303,2025-T4,2025,Corregimiento Guayabal,Corregimiento Guayabal,Corregimiento,Vivienda,Neutral,22,Solicito información sobre el subsidio de mejoramiento de vivienda.
PQR-2025T4-2304,2025-T4,2025,Corregimiento Guayabal,Corregimiento Guayabal,Corregimiento,Vivienda,Negativo,24,Postulé al subsidio de vivienda y me rechazaron sin explicación clara.
PQR-2025T4-2305,2025-T4,2025,Corregimiento Guayabal,Corregimiento Guayabal,Corregimiento,Vivienda,Negativo,27,Postulé al subsidio de vivienda y me rechazaron sin explicación clara.
PQR-2025T4-2306,2025-T4,2025,Corregimiento Guayabal,Corregimiento Guayabal,Corregimiento,Salud y atención psicosocial,Negativo,20,Necesito atención psicosocial y me dan citas para dentro de meses.
PQR-2025T4-2307,2025-T4,2025,Corregimiento Guayabal,Corregimiento Guayabal,Corregimiento,Salud y atención psicosocial,Negativo,22,Necesito atención psicosocial y me dan citas para dentro de meses.
PQR-2025T4-2308,2025-T4,2025,Corregimiento Guayabal,Corregimiento Guayabal,Corregimiento,Salud y atención psicosocial,Negativo,23,No hay profesionales suficientes para la atención en salud mental.
PQR-2025T4-2309,2025-T4,2025,Corregimiento Guayabal,Corregimiento Guayabal,Corregimiento,Salud y atención psicosocial,Neutral,24,Solicito una cita de atención psicosocial para mi familia.
PQR-2025T4-2310,2025-T4,2025,Corregimiento Guayabal,Corregimiento Guayabal,Corregimiento,Salud y atención psicosocial,Positivo,20,"La atención psicosocial me ha ayudado mucho, gracias al equipo."
PQR-2025T4-2311,2025-T4,2025,Corregimiento Guayabal,Corregimiento Guayabal,Corregimiento,Salud y atención psicosocial,Neutral,21,Solicito una cita de atención psicosocial para mi familia.
PQR-2025T4-2312,2025-T4,2025,Corregimiento Guayabal,Corregimiento Guayabal,Corregimiento,Salud y atención psicosocial,Positivo,24,"Recibí buena orientación en salud, quedé satisfecho."
PQR-2025T4-2313,2025-T4,2025,Corregimiento Guayabal,Corregimiento Guayabal,Corregimiento,Salud y atención psicosocial,Positivo,22,"La atención psicosocial me ha ayudado mucho, gracias al equipo."
PQR-2025T4-2314,2025-T4,2025,Corregimiento Guayabal,Corregimiento Guayabal,Corregimiento,Salud y atención psicosocial,Positivo,26,"Recibí buena orientación en salud, quedé satisfecho."
PQR-2025T4-2315,2025-T4,2025,Corregimiento Guayabal,Corregimiento Guayabal,Corregimiento,Salud y atención psicosocial,Neutral,25,Pregunto por el programa de atención en salud para víctimas.
PQR-2025T4-2316,2025-T4,2025,Corregimiento Guayabal,Corregimiento Guayabal,Corregimiento,Salud y atención psicosocial,Positivo,25,"La atención psicosocial me ha ayudado mucho, gracias al equipo."
PQR-2025T4-2317,2025-T4,2025,Corregimiento Guayabal,Corregimiento Guayabal,Corregimiento,Educación,Neutral,26,Solicito información sobre becas para estudiantes víctimas.
PQR-2025T4-2318,2025-T4,2025,Corregimiento Guayabal,Corregimiento Guayabal,Corregimiento,Educación,Positivo,25,"Mi hija obtuvo el apoyo educativo, muy agradecida."
PQR-2025T4-2319,2025-T4,2025,Corregimiento Guayabal,Corregimiento Guayabal,Corregimiento,Educación,Positivo,20,La orientación sobre educación superior fue útil.
PQR-2025T4-2320,2025-T4,2025,Corregimiento Guayabal,Corregimiento Guayabal,Corregimiento,Educación,Positivo,19,"Mi hija obtuvo el apoyo educativo, muy agradecida."
PQR-2025T4-2321,2025-T4,2025,Corregimiento Guayabal,Corregimiento Guayabal,Corregimiento,Educación,Neutral,24,Solicito información sobre becas para estudiantes víctimas.
PQR-2025T4-2322,2025-T4,2025,Corregimiento Guayabal,Corregimiento Guayabal,Corregimiento,Educación,Neutral,20,Pregunto por el apoyo educativo para el próximo semestre.
PQR-2025T4-2323,2025-T4,2025,Corregimiento Guayabal,Corregimiento Guayabal,Corregimiento,Educación,Neutral,25,Solicito información sobre becas para estudiantes víctimas.
PQR-2025T4-2324,2025-T4,2025,Corregimiento Guayabal,Corregimiento Guayabal,Corregimiento,Registro / inclusión RUV,Positivo,19,"Ya quedé incluido en el registro, agradezco la ayuda."
PQR-2025T4-2325,2025-T4,2025,Corregimiento Guayabal,Corregimiento Guayabal,Corregimiento,Registro / inclusión RUV,Negativo,24,Llevo meses esperando que me incluyan en el RUV y no hay respuesta.
PQR-2025T4-2326,2025-T4,2025,Corregimiento Guayabal,Corregimiento Guayabal,Corregimiento,Registro / inclusión RUV,Neutral,20,¿Qué debo hacer para actualizar mis datos en el RUV?
PQR-2025T4-2327,2025-T4,2025,Corregimiento Guayabal,Corregimiento Guayabal,Corregimiento,Registro / inclusión RUV,Negativo,23,Llevo meses esperando que me incluyan en el RUV y no hay respuesta.
PQR-2025T4-2328,2025-T4,2025,Corregimiento Guayabal,Corregimiento Guayabal,Corregimiento,Registro / inclusión RUV,Positivo,24,"Me orientaron bien para la declaración, todo salió bien."
PQR-2025T4-2329,2025-T4,2025,Corregimiento Guayabal,Corregimiento Guayabal,Corregimiento,Registro / inclusión RUV,Negativo,21,Me negaron la inclusión y no me explicaron los motivos.
PQR-2025T4-2330,2025-T4,2025,Corregimiento Guayabal,Corregimiento Guayabal,Corregimiento,Registro / inclusión RUV,Negativo,24,Llevo meses esperando que me incluyan en el RUV y no hay respuesta.
PQR-2025T4-2331,2025-T4,2025,Corregimiento Guayabal,Corregimiento Guayabal,Corregimiento,Registro / inclusión RUV,Positivo,23,"Me orientaron bien para la declaración, todo salió bien."
PQR-2025T4-2332,2025-T4,2025,Corregimiento Guayabal,Corregimiento Guayabal,Corregimiento,Registro / inclusión RUV,Neutral,20,Solicito información sobre mi estado en el Registro Único de Víctimas.
PQR-2025T4-2333,2025-T4,2025,Corregimiento Guayabal,Corregimiento Guayabal,Corregimiento,Registro / inclusión RUV,Positivo,19,"Ya quedé incluido en el registro, agradezco la ayuda."
PQR-2025T4-2334,2025-T4,2025,Corregimiento Guayabal,Corregimiento Guayabal,Corregimiento,Registro / inclusión RUV,Neutral,26,¿Qué debo hacer para actualizar mis datos en el RUV?
PQR-2025T4-2335,2025-T4,2025,Corregimiento Guayabal,Corregimiento Guayabal,Corregimiento,Registro / inclusión RUV,Negativo,22,Llevo meses esperando que me incluyan en el RUV y no hay respuesta.
PQR-2025T4-2336,2025-T4,2025,Corregimiento Guayabal,Corregimiento Guayabal,Corregimiento,Registro / inclusión RUV,Neutral,23,¿Qué debo hacer para actualizar mis datos en el RUV?
PQR-2025T4-2337,2025-T4,2025,Corregimiento Guayabal,Corregimiento Guayabal,Corregimiento,Registro / inclusión RUV,Negativo,23,Me negaron la inclusión y no me explicaron los motivos.
PQR-2025T4-2338,2025-T4,2025,Corregimiento Guayabal,Corregimiento Guayabal,Corregimiento,Registro / inclusión RUV,Negativo,25,Me negaron la inclusión y no me explicaron los motivos.
PQR-2025T4-2339,2025-T4,2025,Corregimiento Guayabal,Corregimiento Guayabal,Corregimiento,Registro / inclusión RUV,Neutral,23,¿Qué debo hacer para actualizar mis datos en el RUV?
PQR-2025T4-2340,2025-T4,2025,Corregimiento Guayabal,Corregimiento Guayabal,Corregimiento,Registro / inclusión RUV,Negativo,26,Me negaron la inclusión y no me explicaron los motivos.
PQR-2025T4-2341,2025-T4,2025,Corregimiento Guayabal,Corregimiento Guayabal,Corregimiento,Registro / inclusión RUV,Negativo,26,Llevo meses esperando que me incluyan en el RUV y no hay respuesta.
PQR-2025T4-2342,2025-T4,2025,Corregimiento Guayabal,Corregimiento Guayabal,Corregimiento,Retornos y reubicación,Positivo,20,Nos apoyaron en la reubicación de manera adecuada.
PQR-2025T4-2343,2025-T4,2025,Corregimiento Guayabal,Corregimiento Guayabal,Corregimiento,Retornos y reubicación,Positivo,25,"El acompañamiento para el retorno fue bueno, gracias."
PQR-2025T4-2344,2025-T4,2025,Corregimiento Guayabal,Corregimiento Guayabal,Corregimiento,Retornos y reubicación,Neutral,20,Solicito información sobre acompañamiento para reubicación.
PQR-2025T4-2345,2025-T4,2025,Corregimiento Guayabal,Corregimiento Guayabal,Corregimiento,Retornos y reubicación,Negativo,21,El proceso de reubicación está detenido hace tiempo.
PQR-2025T4-2346,2025-T4,2025,Corregimiento Guayabal,Corregimiento Guayabal,Corregimiento,Retornos y reubicación,Negativo,20,El proceso de reubicación está detenido hace tiempo.
PQR-2025T4-2347,2025-T4,2025,Corregimiento Guayabal,Corregimiento Guayabal,Corregimiento,Retornos y reubicación,Negativo,27,El proceso de reubicación está detenido hace tiempo.
PQR-2025T4-2348,2025-T4,2025,Corregimiento Guayabal,Corregimiento Guayabal,Corregimiento,Retornos y reubicación,Negativo,23,El proceso de reubicación está detenido hace tiempo.
PQR-2025T4-2349,2025-T4,2025,Corregimiento Guayabal,Corregimiento Guayabal,Corregimiento,Retornos y reubicación,Positivo,23,Nos apoyaron en la reubicación de manera adecuada.
PQR-2025T4-2350,2025-T4,2025,Corregimiento Guayabal,Corregimiento Guayabal,Corregimiento,Retornos y reubicación,Negativo,22,Solicité apoyo para el retorno y no hay condiciones de seguridad.
PQR-2025T4-2351,2025-T4,2025,Corregimiento Guayabal,Corregimiento Guayabal,Corregimiento,Retornos y reubicación,Negativo,24,Solicité apoyo para el retorno y no hay condiciones de seguridad.
PQR-2025T4-2352,2025-T4,2025,Corregimiento Guayabal,Corregimiento Guayabal,Corregimiento,Retornos y reubicación,Negativo,24,El proceso de reubicación está detenido hace tiempo.
PQR-2025T4-2353,2025-T4,2025,Corregimiento Guayabal,Corregimiento Guayabal,Corregimiento,Retornos y reubicación,Negativo,19,Solicité apoyo para el retorno y no hay condiciones de seguridad.
PQR-2025T4-2354,2025-T4,2025,Corregimiento Guayabal,Corregimiento Guayabal,Corregimiento,Otros trámites,Neutral,19,Solicito un certificado de mi condición de víctima.
PQR-2025T4-2355,2025-T4,2025,Corregimiento Guayabal,Corregimiento Guayabal,Corregimiento,Otros trámites,Negativo,25,Me han remitido de una oficina a otra sin resolver mi caso.
PQR-2025T4-2356,2025-T4,2025,Corregimiento Guayabal,Corregimiento Guayabal,Corregimiento,Otros trámites,Positivo,20,Me resolvieron el trámite sin complicaciones.
PQR-2025T4-2357,2025-T4,2025,Corregimiento Guayabal,Corregimiento Guayabal,Corregimiento,Otros trámites,Negativo,21,La fila de atención es muy larga y no alcanzan a atender.
PQR-2025T4-2358,2025-T4,2025,Corregimiento Guayabal,Corregimiento Guayabal,Corregimiento,Otros trámites,Positivo,26,La atención en ventanilla fue amable y rápida.
PQR-2025T4-2359,2025-T4,2025,Corregimiento Guayabal,Corregimiento Guayabal,Corregimiento,Otros trámites,Positivo,20,Me resolvieron el trámite sin complicaciones.
PQR-2025T4-2360,2025-T4,2025,Corregimiento Guayabal,Corregimiento Guayabal,Corregimiento,Otros trámites,Positivo,25,La atención en ventanilla fue amable y rápida.
PQR-2025T4-2361,2025-T4,2025,Corregimiento Guayabal,Corregimiento Guayabal,Corregimiento,Otros trámites,Negativo,24,Me han remitido de una oficina a otra sin resolver mi caso.
PQR-2025T4-2362,2025-T4,2025,Corregimiento Guayabal,Corregimiento Guayabal,Corregimiento,Otros trámites,Neutral,26,Pregunto por el horario de atención de la oficina.
PQR-2025T4-2363,2025-T4,2025,Corregimiento Guayabal,Corregimiento Guayabal,Corregimiento,Otros trámites,Negativo,26,La fila de atención es muy larga y no alcanzan a atender.
PQR-2026T1-2364,2026-T1,2026,Comuna 1 (Centro),Comuna 1,Comuna,Ayuda humanitaria,Positivo,13,"La atención para la ayuda de emergencia fue oportuna, gracias."
PQR-2026T1-2365,2026-T1,2026,Comuna 1 (Centro),Comuna 1,Comuna,Ayuda humanitaria,Negativo,18,Llevo tres meses esperando la ayuda humanitaria y no me han dado respuesta.
PQR-2026T1-2366,2026-T1,2026,Comuna 1 (Centro),Comuna 1,Comuna,Ayuda humanitaria,Neutral,12,Pregunto por el estado de mi solicitud de ayuda humanitaria inmediata.
PQR-2026T1-2367,2026-T1,2026,Comuna 1 (Centro),Comuna 1,Comuna,Ayuda humanitaria,Positivo,16,Agradezco que me entregaron la ayuda humanitaria rápidamente.
PQR-2026T1-2368,2026-T1,2026,Comuna 1 (Centro),Comuna 1,Comuna,Ayuda humanitaria,Positivo,13,Agradezco que me entregaron la ayuda humanitaria rápidamente.
PQR-2026T1-2369,2026-T1,2026,Comuna 1 (Centro),Comuna 1,Comuna,Ayuda humanitaria,Negativo,16,"Solicité el mercado de emergencia y nunca llegó, mi familia está pasando necesidad."
PQR-2026T1-2370,2026-T1,2026,Comuna 1 (Centro),Comuna 1,Comuna,Ayuda humanitaria,Neutral,14,Quisiera saber qué documentos faltan para la ayuda humanitaria.
PQR-2026T1-2371,2026-T1,2026,Comuna 1 (Centro),Comuna 1,Comuna,Ayuda humanitaria,Negativo,16,Llevo tres meses esperando la ayuda humanitaria y no me han dado respuesta.
PQR-2026T1-2372,2026-T1,2026,Comuna 1 (Centro),Comuna 1,Comuna,Ayuda humanitaria,Neutral,17,Pregunto por el estado de mi solicitud de ayuda humanitaria inmediata.
PQR-2026T1-2373,2026-T1,2026,Comuna 1 (Centro),Comuna 1,Comuna,Ayuda humanitaria,Neutral,18,Quisiera saber qué documentos faltan para la ayuda humanitaria.
PQR-2026T1-2374,2026-T1,2026,Comuna 1 (Centro),Comuna 1,Comuna,Ayuda humanitaria,Negativo,18,"Solicité el mercado de emergencia y nunca llegó, mi familia está pasando necesidad."
PQR-2026T1-2375,2026-T1,2026,Comuna 1 (Centro),Comuna 1,Comuna,Ayuda humanitaria,Neutral,12,Pregunto por el estado de mi solicitud de ayuda humanitaria inmediata.
PQR-2026T1-2376,2026-T1,2026,Comuna 1 (Centro),Comuna 1,Comuna,Ayuda humanitaria,Negativo,18,"Solicité el mercado de emergencia y nunca llegó, mi familia está pasando necesidad."
PQR-2026T1-2377,2026-T1,2026,Comuna 1 (Centro),Comuna 1,Comuna,Ayuda humanitaria,Negativo,15,"Solicité el mercado de emergencia y nunca llegó, mi familia está pasando necesidad."
PQR-2026T1-2378,2026-T1,2026,Comuna 1 (Centro),Comuna 1,Comuna,Ayuda humanitaria,Negativo,15,Llevo tres meses esperando la ayuda humanitaria y no me han dado respuesta.
PQR-2026T1-2379,2026-T1,2026,Comuna 1 (Centro),Comuna 1,Comuna,Ayuda humanitaria,Positivo,11,Agradezco que me entregaron la ayuda humanitaria rápidamente.
PQR-2026T1-2380,2026-T1,2026,Comuna 1 (Centro),Comuna 1,Comuna,Ayuda humanitaria,Negativo,12,Llevo tres meses esperando la ayuda humanitaria y no me han dado respuesta.
PQR-2026T1-2381,2026-T1,2026,Comuna 1 (Centro),Comuna 1,Comuna,Ayuda humanitaria,Positivo,15,"La atención para la ayuda de emergencia fue oportuna, gracias."
PQR-2026T1-2382,2026-T1,2026,Comuna 1 (Centro),Comuna 1,Comuna,Ayuda humanitaria,Neutral,12,Quisiera saber qué documentos faltan para la ayuda humanitaria.
PQR-2026T1-2383,2026-T1,2026,Comuna 1 (Centro),Comuna 1,Comuna,Ayuda humanitaria,Neutral,16,Quisiera saber qué documentos faltan para la ayuda humanitaria.
PQR-2026T1-2384,2026-T1,2026,Comuna 1 (Centro),Comuna 1,Comuna,Ayuda humanitaria,Positivo,17,"La atención para la ayuda de emergencia fue oportuna, gracias."
PQR-2026T1-2385,2026-T1,2026,Comuna 1 (Centro),Comuna 1,Comuna,Ayuda humanitaria,Neutral,17,Quisiera saber qué documentos faltan para la ayuda humanitaria.
PQR-2026T1-2386,2026-T1,2026,Comuna 1 (Centro),Comuna 1,Comuna,Ayuda humanitaria,Negativo,14,"Solicité el mercado de emergencia y nunca llegó, mi familia está pasando necesidad."
PQR-2026T1-2387,2026-T1,2026,Comuna 1 (Centro),Comuna 1,Comuna,Ayuda humanitaria,Positivo,11,"La atención para la ayuda de emergencia fue oportuna, gracias."
PQR-2026T1-2388,2026-T1,2026,Comuna 1 (Centro),Comuna 1,Comuna,Ayuda humanitaria,Positivo,15,"La atención para la ayuda de emergencia fue oportuna, gracias."
PQR-2026T1-2389,2026-T1,2026,Comuna 1 (Centro),Comuna 1,Comuna,Ayuda humanitaria,Neutral,13,Pregunto por el estado de mi solicitud de ayuda humanitaria inmediata.
PQR-2026T1-2390,2026-T1,2026,Comuna 1 (Centro),Comuna 1,Comuna,Ayuda humanitaria,Positivo,10,Agradezco que me entregaron la ayuda humanitaria rápidamente.
PQR-2026T1-2391,2026-T1,2026,Comuna 1 (Centro),Comuna 1,Comuna,Ayuda humanitaria,Neutral,12,Pregunto por el estado de mi solicitud de ayuda humanitaria inmediata.
PQR-2026T1-2392,2026-T1,2026,Comuna 1 (Centro),Comuna 1,Comuna,Ayuda humanitaria,Neutral,10,Quisiera saber qué documentos faltan para la ayuda humanitaria.
PQR-2026T1-2393,2026-T1,2026,Comuna 1 (Centro),Comuna 1,Comuna,Ayuda humanitaria,Negativo,12,Llevo tres meses esperando la ayuda humanitaria y no me han dado respuesta.
PQR-2026T1-2394,2026-T1,2026,Comuna 1 (Centro),Comuna 1,Comuna,Ayuda humanitaria,Negativo,13,"Solicité el mercado de emergencia y nunca llegó, mi familia está pasando necesidad."
PQR-2026T1-2395,2026-T1,2026,Comuna 1 (Centro),Comuna 1,Comuna,Ayuda humanitaria,Positivo,11,Agradezco que me entregaron la ayuda humanitaria rápidamente.
PQR-2026T1-2396,2026-T1,2026,Comuna 1 (Centro),Comuna 1,Comuna,Ayuda humanitaria,Neutral,13,Pregunto por el estado de mi solicitud de ayuda humanitaria inmediata.
PQR-2026T1-2397,2026-T1,2026,Comuna 1 (Centro),Comuna 1,Comuna,Ayuda humanitaria,Neutral,15,Quisiera saber qué documentos faltan para la ayuda humanitaria.
PQR-2026T1-2398,2026-T1,2026,Comuna 1 (Centro),Comuna 1,Comuna,Ayuda humanitaria,Positivo,12,"La atención para la ayuda de emergencia fue oportuna, gracias."
PQR-2026T1-2399,2026-T1,2026,Comuna 1 (Centro),Comuna 1,Comuna,Ayuda humanitaria,Neutral,11,Quisiera saber qué documentos faltan para la ayuda humanitaria.
PQR-2026T1-2400,2026-T1,2026,Comuna 1 (Centro),Comuna 1,Comuna,Ayuda humanitaria,Negativo,17,Llevo tres meses esperando la ayuda humanitaria y no me han dado respuesta.
PQR-2026T1-2401,2026-T1,2026,Comuna 1 (Centro),Comuna 1,Comuna,Ayuda humanitaria,Neutral,11,Pregunto por el estado de mi solicitud de ayuda humanitaria inmediata.
PQR-2026T1-2402,2026-T1,2026,Comuna 1 (Centro),Comuna 1,Comuna,Ayuda humanitaria,Positivo,12,Agradezco que me entregaron la ayuda humanitaria rápidamente.
PQR-2026T1-2403,2026-T1,2026,Comuna 1 (Centro),Comuna 1,Comuna,Ayuda humanitaria,Positivo,14,Agradezco que me entregaron la ayuda humanitaria rápidamente.
PQR-2026T1-2404,2026-T1,2026,Comuna 1 (Centro),Comuna 1,Comuna,Ayuda humanitaria,Negativo,13,"Solicité el mercado de emergencia y nunca llegó, mi familia está pasando necesidad."
PQR-2026T1-2405,2026-T1,2026,Comuna 1 (Centro),Comuna 1,Comuna,Ayuda humanitaria,Neutral,12,Pregunto por el estado de mi solicitud de ayuda humanitaria inmediata.
PQR-2026T1-2406,2026-T1,2026,Comuna 1 (Centro),Comuna 1,Comuna,Ayuda humanitaria,Positivo,13,Agradezco que me entregaron la ayuda humanitaria rápidamente.
PQR-2026T1-2407,2026-T1,2026,Comuna 1 (Centro),Comuna 1,Comuna,Ayuda humanitaria,Positivo,16,Agradezco que me entregaron la ayuda humanitaria rápidamente.
PQR-2026T1-2408,2026-T1,2026,Comuna 1 (Centro),Comuna 1,Comuna,Ayuda humanitaria,Positivo,18,Agradezco que me entregaron la ayuda humanitaria rápidamente.
PQR-2026T1-2409,2026-T1,2026,Comuna 1 (Centro),Comuna 1,Comuna,Ayuda humanitaria,Negativo,11,Llevo tres meses esperando la ayuda humanitaria y no me han dado respuesta.
PQR-2026T1-2410,2026-T1,2026,Comuna 1 (Centro),Comuna 1,Comuna,Ayuda humanitaria,Positivo,16,Agradezco que me entregaron la ayuda humanitaria rápidamente.
PQR-2026T1-2411,2026-T1,2026,Comuna 1 (Centro),Comuna 1,Comuna,Indemnización / reparación,Neutral,18,¿Cómo consulto el estado de mi proceso de reparación?
PQR-2026T1-2412,2026-T1,2026,Comuna 1 (Centro),Comuna 1,Comuna,Indemnización / reparación,Negativo,12,No entiendo por qué a otros ya les pagaron la reparación y a mí no.
PQR-2026T1-2413,2026-T1,2026,Comuna 1 (Centro),Comuna 1,Comuna,Indemnización / reparación,Negativo,17,No entiendo por qué a otros ya les pagaron la reparación y a mí no.
PQR-2026T1-2414,2026-T1,2026,Comuna 1 (Centro),Comuna 1,Comuna,Indemnización / reparación,Neutral,13,Solicito información sobre el turno de mi indemnización administrativa.
PQR-2026T1-2415,2026-T1,2026,Comuna 1 (Centro),Comuna 1,Comuna,Indemnización / reparación,Neutral,15,¿Cómo consulto el estado de mi proceso de reparación?
PQR-2026T1-2416,2026-T1,2026,Comuna 1 (Centro),Comuna 1,Comuna,Indemnización / reparación,Neutral,12,Solicito información sobre el turno de mi indemnización administrativa.
PQR-2026T1-2417,2026-T1,2026,Comuna 1 (Centro),Comuna 1,Comuna,Indemnización / reparación,Negativo,18,No entiendo por qué a otros ya les pagaron la reparación y a mí no.
PQR-2026T1-2418,2026-T1,2026,Comuna 1 (Centro),Comuna 1,Comuna,Indemnización / reparación,Negativo,18,"Fui incluido hace años y todavía no me llega la indemnización, es una injusticia."
PQR-2026T1-2419,2026-T1,2026,Comuna 1 (Centro),Comuna 1,Comuna,Indemnización / reparación,Negativo,13,No entiendo por qué a otros ya les pagaron la reparación y a mí no.
PQR-2026T1-2420,2026-T1,2026,Comuna 1 (Centro),Comuna 1,Comuna,Indemnización / reparación,Negativo,13,No entiendo por qué a otros ya les pagaron la reparación y a mí no.
PQR-2026T1-2421,2026-T1,2026,Comuna 1 (Centro),Comuna 1,Comuna,Indemnización / reparación,Neutral,11,¿Cómo consulto el estado de mi proceso de reparación?
PQR-2026T1-2422,2026-T1,2026,Comuna 1 (Centro),Comuna 1,Comuna,Indemnización / reparación,Neutral,15,Solicito información sobre el turno de mi indemnización administrativa.
PQR-2026T1-2423,2026-T1,2026,Comuna 1 (Centro),Comuna 1,Comuna,Indemnización / reparación,Negativo,13,No entiendo por qué a otros ya les pagaron la reparación y a mí no.
PQR-2026T1-2424,2026-T1,2026,Comuna 1 (Centro),Comuna 1,Comuna,Indemnización / reparación,Neutral,15,¿Cómo consulto el estado de mi proceso de reparación?
PQR-2026T1-2425,2026-T1,2026,Comuna 1 (Centro),Comuna 1,Comuna,Indemnización / reparación,Neutral,18,Solicito información sobre el turno de mi indemnización administrativa.
PQR-2026T1-2426,2026-T1,2026,Comuna 1 (Centro),Comuna 1,Comuna,Indemnización / reparación,Negativo,14,"Fui incluido hace años y todavía no me llega la indemnización, es una injusticia."
PQR-2026T1-2427,2026-T1,2026,Comuna 1 (Centro),Comuna 1,Comuna,Indemnización / reparación,Neutral,12,¿Cómo consulto el estado de mi proceso de reparación?
PQR-2026T1-2428,2026-T1,2026,Comuna 1 (Centro),Comuna 1,Comuna,Indemnización / reparación,Negativo,17,No entiendo por qué a otros ya les pagaron la reparación y a mí no.
PQR-2026T1-2429,2026-T1,2026,Comuna 1 (Centro),Comuna 1,Comuna,Indemnización / reparación,Negativo,14,"Fui incluido hace años y todavía no me llega la indemnización, es una injusticia."
PQR-2026T1-2430,2026-T1,2026,Comuna 1 (Centro),Comuna 1,Comuna,Indemnización / reparación,Negativo,14,No entiendo por qué a otros ya les pagaron la reparación y a mí no.
PQR-2026T1-2431,2026-T1,2026,Comuna 1 (Centro),Comuna 1,Comuna,Indemnización / reparación,Negativo,11,No entiendo por qué a otros ya les pagaron la reparación y a mí no.
PQR-2026T1-2432,2026-T1,2026,Comuna 1 (Centro),Comuna 1,Comuna,Indemnización / reparación,Neutral,18,¿Cómo consulto el estado de mi proceso de reparación?
PQR-2026T1-2433,2026-T1,2026,Comuna 1 (Centro),Comuna 1,Comuna,Indemnización / reparación,Negativo,12,No entiendo por qué a otros ya les pagaron la reparación y a mí no.
PQR-2026T1-2434,2026-T1,2026,Comuna 1 (Centro),Comuna 1,Comuna,Indemnización / reparación,Negativo,12,No entiendo por qué a otros ya les pagaron la reparación y a mí no.
PQR-2026T1-2435,2026-T1,2026,Comuna 1 (Centro),Comuna 1,Comuna,Indemnización / reparación,Negativo,15,"Fui incluido hace años y todavía no me llega la indemnización, es una injusticia."
PQR-2026T1-2436,2026-T1,2026,Comuna 1 (Centro),Comuna 1,Comuna,Indemnización / reparación,Positivo,11,"Por fin recibí la indemnización, agradezco la gestión de la oficina."
PQR-2026T1-2437,2026-T1,2026,Comuna 1 (Centro),Comuna 1,Comuna,Indemnización / reparación,Positivo,10,"Por fin recibí la indemnización, agradezco la gestión de la oficina."
PQR-2026T1-2438,2026-T1,2026,Comuna 1 (Centro),Comuna 1,Comuna,Indemnización / reparación,Neutral,11,¿Cómo consulto el estado de mi proceso de reparación?
PQR-2026T1-2439,2026-T1,2026,Comuna 1 (Centro),Comuna 1,Comuna,Indemnización / reparación,Positivo,15,Me orientaron bien sobre el proceso de reparación.
PQR-2026T1-2440,2026-T1,2026,Comuna 1 (Centro),Comuna 1,Comuna,Vivienda,Negativo,18,Postulé al subsidio de vivienda y me rechazaron sin explicación clara.
PQR-2026T1-2441,2026-T1,2026,Comuna 1 (Centro),Comuna 1,Comuna,Vivienda,Negativo,11,La casa que me asignaron tiene problemas y nadie responde.
PQR-2026T1-2442,2026-T1,2026,Comuna 1 (Centro),Comuna 1,Comuna,Vivienda,Neutral,11,Solicito información sobre el subsidio de mejoramiento de vivienda.
PQR-2026T1-2443,2026-T1,2026,Comuna 1 (Centro),Comuna 1,Comuna,Vivienda,Negativo,12,La casa que me asignaron tiene problemas y nadie responde.
PQR-2026T1-2444,2026-T1,2026,Comuna 1 (Centro),Comuna 1,Comuna,Vivienda,Negativo,17,Postulé al subsidio de vivienda y me rechazaron sin explicación clara.
PQR-2026T1-2445,2026-T1,2026,Comuna 1 (Centro),Comuna 1,Comuna,Vivienda,Neutral,15,Pregunto por las convocatorias de vivienda para población víctima.
PQR-2026T1-2446,2026-T1,2026,Comuna 1 (Centro),Comuna 1,Comuna,Vivienda,Positivo,15,"Me asignaron la vivienda, muy agradecido con el acompañamiento."
PQR-2026T1-2447,2026-T1,2026,Comuna 1 (Centro),Comuna 1,Comuna,Vivienda,Neutral,16,Pregunto por las convocatorias de vivienda para población víctima.
PQR-2026T1-2448,2026-T1,2026,Comuna 1 (Centro),Comuna 1,Comuna,Vivienda,Negativo,17,La casa que me asignaron tiene problemas y nadie responde.
PQR-2026T1-2449,2026-T1,2026,Comuna 1 (Centro),Comuna 1,Comuna,Vivienda,Positivo,17,El proceso de postulación a vivienda fue claro.
PQR-2026T1-2450,2026-T1,2026,Comuna 1 (Centro),Comuna 1,Comuna,Vivienda,Negativo,13,La casa que me asignaron tiene problemas y nadie responde.
PQR-2026T1-2451,2026-T1,2026,Comuna 1 (Centro),Comuna 1,Comuna,Vivienda,Neutral,12,Pregunto por las convocatorias de vivienda para población víctima.
PQR-2026T1-2452,2026-T1,2026,Comuna 1 (Centro),Comuna 1,Comuna,Vivienda,Positivo,15,"Me asignaron la vivienda, muy agradecido con el acompañamiento."
PQR-2026T1-2453,2026-T1,2026,Comuna 1 (Centro),Comuna 1,Comuna,Salud y atención psicosocial,Negativo,15,No hay profesionales suficientes para la atención en salud mental.
PQR-2026T1-2454,2026-T1,2026,Comuna 1 (Centro),Comuna 1,Comuna,Salud y atención psicosocial,Neutral,18,Solicito una cita de atención psicosocial para mi familia.
PQR-2026T1-2455,2026-T1,2026,Comuna 1 (Centro),Comuna 1,Comuna,Salud y atención psicosocial,Neutral,18,Solicito una cita de atención psicosocial para mi familia.
PQR-2026T1-2456,2026-T1,2026,Comuna 1 (Centro),Comuna 1,Comuna,Salud y atención psicosocial,Neutral,14,Pregunto por el programa de atención en salud para víctimas.
PQR-2026T1-2457,2026-T1,2026,Comuna 1 (Centro),Comuna 1,Comuna,Salud y atención psicosocial,Positivo,11,"Recibí buena orientación en salud, quedé satisfecho."
PQR-2026T1-2458,2026-T1,2026,Comuna 1 (Centro),Comuna 1,Comuna,Salud y atención psicosocial,Negativo,17,No hay profesionales suficientes para la atención en salud mental.
PQR-2026T1-2459,2026-T1,2026,Comuna 1 (Centro),Comuna 1,Comuna,Salud y atención psicosocial,Negativo,11,No hay profesionales suficientes para la atención en salud mental.
PQR-2026T1-2460,2026-T1,2026,Comuna 1 (Centro),Comuna 1,Comuna,Salud y atención psicosocial,Negativo,18,No hay profesionales suficientes para la atención en salud mental.
PQR-2026T1-2461,2026-T1,2026,Comuna 1 (Centro),Comuna 1,Comuna,Salud y atención psicosocial,Neutral,14,Pregunto por el programa de atención en salud para víctimas.
PQR-2026T1-2462,2026-T1,2026,Comuna 1 (Centro),Comuna 1,Comuna,Salud y atención psicosocial,Neutral,17,Pregunto por el programa de atención en salud para víctimas.
PQR-2026T1-2463,2026-T1,2026,Comuna 1 (Centro),Comuna 1,Comuna,Salud y atención psicosocial,Neutral,14,Pregunto por el programa de atención en salud para víctimas.
PQR-2026T1-2464,2026-T1,2026,Comuna 1 (Centro),Comuna 1,Comuna,Salud y atención psicosocial,Negativo,14,No hay profesionales suficientes para la atención en salud mental.
PQR-2026T1-2465,2026-T1,2026,Comuna 1 (Centro),Comuna 1,Comuna,Salud y atención psicosocial,Positivo,16,"La atención psicosocial me ha ayudado mucho, gracias al equipo."
PQR-2026T1-2466,2026-T1,2026,Comuna 1 (Centro),Comuna 1,Comuna,Salud y atención psicosocial,Negativo,11,No hay profesionales suficientes para la atención en salud mental.
PQR-2026T1-2467,2026-T1,2026,Comuna 1 (Centro),Comuna 1,Comuna,Salud y atención psicosocial,Neutral,15,Solicito una cita de atención psicosocial para mi familia.
PQR-2026T1-2468,2026-T1,2026,Comuna 1 (Centro),Comuna 1,Comuna,Salud y atención psicosocial,Positivo,11,"La atención psicosocial me ha ayudado mucho, gracias al equipo."
PQR-2026T1-2469,2026-T1,2026,Comuna 1 (Centro),Comuna 1,Comuna,Salud y atención psicosocial,Neutral,14,Pregunto por el programa de atención en salud para víctimas.
PQR-2026T1-2470,2026-T1,2026,Comuna 1 (Centro),Comuna 1,Comuna,Salud y atención psicosocial,Negativo,14,Necesito atención psicosocial y me dan citas para dentro de meses.
PQR-2026T1-2471,2026-T1,2026,Comuna 1 (Centro),Comuna 1,Comuna,Salud y atención psicosocial,Negativo,17,No hay profesionales suficientes para la atención en salud mental.
PQR-2026T1-2472,2026-T1,2026,Comuna 1 (Centro),Comuna 1,Comuna,Salud y atención psicosocial,Positivo,14,"La atención psicosocial me ha ayudado mucho, gracias al equipo."
PQR-2026T1-2473,2026-T1,2026,Comuna 1 (Centro),Comuna 1,Comuna,Salud y atención psicosocial,Negativo,16,Necesito atención psicosocial y me dan citas para dentro de meses.
PQR-2026T1-2474,2026-T1,2026,Comuna 1 (Centro),Comuna 1,Comuna,Salud y atención psicosocial,Neutral,14,Pregunto por el programa de atención en salud para víctimas.
PQR-2026T1-2475,2026-T1,2026,Comuna 1 (Centro),Comuna 1,Comuna,Salud y atención psicosocial,Neutral,16,Solicito una cita de atención psicosocial para mi familia.
PQR-2026T1-2476,2026-T1,2026,Comuna 1 (Centro),Comuna 1,Comuna,Educación,Positivo,13,La orientación sobre educación superior fue útil.
PQR-2026T1-2477,2026-T1,2026,Comuna 1 (Centro),Comuna 1,Comuna,Educación,Positivo,13,La orientación sobre educación superior fue útil.
PQR-2026T1-2478,2026-T1,2026,Comuna 1 (Centro),Comuna 1,Comuna,Educación,Positivo,15,La orientación sobre educación superior fue útil.
PQR-2026T1-2479,2026-T1,2026,Comuna 1 (Centro),Comuna 1,Comuna,Educación,Negativo,11,Mi hijo no ha podido acceder al beneficio educativo prometido.
PQR-2026T1-2480,2026-T1,2026,Comuna 1 (Centro),Comuna 1,Comuna,Educación,Neutral,14,Pregunto por el apoyo educativo para el próximo semestre.
PQR-2026T1-2481,2026-T1,2026,Comuna 1 (Centro),Comuna 1,Comuna,Educación,Neutral,14,Pregunto por el apoyo educativo para el próximo semestre.
PQR-2026T1-2482,2026-T1,2026,Comuna 1 (Centro),Comuna 1,Comuna,Educación,Neutral,12,Pregunto por el apoyo educativo para el próximo semestre.
PQR-2026T1-2483,2026-T1,2026,Comuna 1 (Centro),Comuna 1,Comuna,Educación,Positivo,12,"Mi hija obtuvo el apoyo educativo, muy agradecida."
PQR-2026T1-2484,2026-T1,2026,Comuna 1 (Centro),Comuna 1,Comuna,Registro / inclusión RUV,Neutral,15,¿Qué debo hacer para actualizar mis datos en el RUV?
PQR-2026T1-2485,2026-T1,2026,Comuna 1 (Centro),Comuna 1,Comuna,Registro / inclusión RUV,Negativo,15,Me negaron la inclusión y no me explicaron los motivos.
PQR-2026T1-2486,2026-T1,2026,Comuna 1 (Centro),Comuna 1,Comuna,Registro / inclusión RUV,Negativo,13,Me negaron la inclusión y no me explicaron los motivos.
PQR-2026T1-2487,2026-T1,2026,Comuna 1 (Centro),Comuna 1,Comuna,Registro / inclusión RUV,Negativo,11,Me negaron la inclusión y no me explicaron los motivos.
PQR-2026T1-2488,2026-T1,2026,Comuna 1 (Centro),Comuna 1,Comuna,Registro / inclusión RUV,Positivo,15,"Me orientaron bien para la declaración, todo salió bien."
PQR-2026T1-2489,2026-T1,2026,Comuna 1 (Centro),Comuna 1,Comuna,Registro / inclusión RUV,Neutral,14,¿Qué debo hacer para actualizar mis datos en el RUV?
PQR-2026T1-2490,2026-T1,2026,Comuna 1 (Centro),Comuna 1,Comuna,Registro / inclusión RUV,Negativo,12,Me negaron la inclusión y no me explicaron los motivos.
PQR-2026T1-2491,2026-T1,2026,Comuna 1 (Centro),Comuna 1,Comuna,Registro / inclusión RUV,Positivo,14,"Me orientaron bien para la declaración, todo salió bien."
PQR-2026T1-2492,2026-T1,2026,Comuna 1 (Centro),Comuna 1,Comuna,Registro / inclusión RUV,Negativo,13,Llevo meses esperando que me incluyan en el RUV y no hay respuesta.
PQR-2026T1-2493,2026-T1,2026,Comuna 1 (Centro),Comuna 1,Comuna,Registro / inclusión RUV,Neutral,15,¿Qué debo hacer para actualizar mis datos en el RUV?
PQR-2026T1-2494,2026-T1,2026,Comuna 1 (Centro),Comuna 1,Comuna,Registro / inclusión RUV,Neutral,17,Solicito información sobre mi estado en el Registro Único de Víctimas.
PQR-2026T1-2495,2026-T1,2026,Comuna 1 (Centro),Comuna 1,Comuna,Registro / inclusión RUV,Neutral,16,Solicito información sobre mi estado en el Registro Único de Víctimas.
PQR-2026T1-2496,2026-T1,2026,Comuna 1 (Centro),Comuna 1,Comuna,Registro / inclusión RUV,Negativo,11,Llevo meses esperando que me incluyan en el RUV y no hay respuesta.
PQR-2026T1-2497,2026-T1,2026,Comuna 1 (Centro),Comuna 1,Comuna,Registro / inclusión RUV,Negativo,13,Llevo meses esperando que me incluyan en el RUV y no hay respuesta.
PQR-2026T1-2498,2026-T1,2026,Comuna 1 (Centro),Comuna 1,Comuna,Registro / inclusión RUV,Neutral,11,¿Qué debo hacer para actualizar mis datos en el RUV?
PQR-2026T1-2499,2026-T1,2026,Comuna 1 (Centro),Comuna 1,Comuna,Registro / inclusión RUV,Neutral,11,Solicito información sobre mi estado en el Registro Único de Víctimas.
PQR-2026T1-2500,2026-T1,2026,Comuna 1 (Centro),Comuna 1,Comuna,Registro / inclusión RUV,Negativo,17,Me negaron la inclusión y no me explicaron los motivos.
PQR-2026T1-2501,2026-T1,2026,Comuna 1 (Centro),Comuna 1,Comuna,Registro / inclusión RUV,Neutral,11,Solicito información sobre mi estado en el Registro Único de Víctimas.
PQR-2026T1-2502,2026-T1,2026,Comuna 1 (Centro),Comuna 1,Comuna,Registro / inclusión RUV,Negativo,13,Me negaron la inclusión y no me explicaron los motivos.
PQR-2026T1-2503,2026-T1,2026,Comuna 1 (Centro),Comuna 1,Comuna,Registro / inclusión RUV,Negativo,16,Me negaron la inclusión y no me explicaron los motivos.
PQR-2026T1-2504,2026-T1,2026,Comuna 1 (Centro),Comuna 1,Comuna,Registro / inclusión RUV,Neutral,16,Solicito información sobre mi estado en el Registro Único de Víctimas.
PQR-2026T1-2505,2026-T1,2026,Comuna 1 (Centro),Comuna 1,Comuna,Retornos y reubicación,Neutral,16,Solicito información sobre acompañamiento para reubicación.
PQR-2026T1-2506,2026-T1,2026,Comuna 1 (Centro),Comuna 1,Comuna,Retornos y reubicación,Positivo,17,"El acompañamiento para el retorno fue bueno, gracias."
PQR-2026T1-2507,2026-T1,2026,Comuna 1 (Centro),Comuna 1,Comuna,Retornos y reubicación,Negativo,10,El proceso de reubicación está detenido hace tiempo.
PQR-2026T1-2508,2026-T1,2026,Comuna 1 (Centro),Comuna 1,Comuna,Retornos y reubicación,Neutral,18,Pregunto por el plan de retorno para mi comunidad.
PQR-2026T1-2509,2026-T1,2026,Comuna 1 (Centro),Comuna 1,Comuna,Retornos y reubicación,Positivo,12,"El acompañamiento para el retorno fue bueno, gracias."
PQR-2026T1-2510,2026-T1,2026,Comuna 1 (Centro),Comuna 1,Comuna,Retornos y reubicación,Neutral,14,Solicito información sobre acompañamiento para reubicación.
PQR-2026T1-2511,2026-T1,2026,Comuna 1 (Centro),Comuna 1,Comuna,Retornos y reubicación,Positivo,11,"El acompañamiento para el retorno fue bueno, gracias."
PQR-2026T1-2512,2026-T1,2026,Comuna 1 (Centro),Comuna 1,Comuna,Retornos y reubicación,Negativo,14,Solicité apoyo para el retorno y no hay condiciones de seguridad.
PQR-2026T1-2513,2026-T1,2026,Comuna 1 (Centro),Comuna 1,Comuna,Retornos y reubicación,Negativo,11,Solicité apoyo para el retorno y no hay condiciones de seguridad.
PQR-2026T1-2514,2026-T1,2026,Comuna 1 (Centro),Comuna 1,Comuna,Otros trámites,Positivo,12,La atención en ventanilla fue amable y rápida.
PQR-2026T1-2515,2026-T1,2026,Comuna 1 (Centro),Comuna 1,Comuna,Otros trámites,Positivo,13,Me resolvieron el trámite sin complicaciones.
PQR-2026T1-2516,2026-T1,2026,Comuna 1 (Centro),Comuna 1,Comuna,Otros trámites,Positivo,10,La atención en ventanilla fue amable y rápida.
PQR-2026T1-2517,2026-T1,2026,Comuna 1 (Centro),Comuna 1,Comuna,Otros trámites,Neutral,15,Pregunto por el horario de atención de la oficina.
PQR-2026T1-2518,2026-T1,2026,Comuna 1 (Centro),Comuna 1,Comuna,Otros trámites,Neutral,14,Pregunto por el horario de atención de la oficina.
PQR-2026T1-2519,2026-T1,2026,Comuna 1 (Centro),Comuna 1,Comuna,Otros trámites,Negativo,18,Me han remitido de una oficina a otra sin resolver mi caso.
PQR-2026T1-2520,2026-T1,2026,Comuna 1 (Centro),Comuna 1,Comuna,Otros trámites,Negativo,18,Me han remitido de una oficina a otra sin resolver mi caso.
PQR-2026T1-2521,2026-T1,2026,Comuna 1 (Centro),Comuna 1,Comuna,Otros trámites,Positivo,12,Me resolvieron el trámite sin complicaciones.
PQR-2026T1-2522,2026-T1,2026,Comuna 1 (Centro),Comuna 1,Comuna,Otros trámites,Neutral,17,Pregunto por el horario de atención de la oficina.
PQR-2026T1-2523,2026-T1,2026,Comuna 2 (Roma),Comuna 2,Comuna,Ayuda humanitaria,Negativo,16,"Solicité el mercado de emergencia y nunca llegó, mi familia está pasando necesidad."
PQR-2026T1-2524,2026-T1,2026,Comuna 2 (Roma),Comuna 2,Comuna,Ayuda humanitaria,Negativo,15,"Solicité el mercado de emergencia y nunca llegó, mi familia está pasando necesidad."
PQR-2026T1-2525,2026-T1,2026,Comuna 2 (Roma),Comuna 2,Comuna,Ayuda humanitaria,Negativo,15,"Solicité el mercado de emergencia y nunca llegó, mi familia está pasando necesidad."
PQR-2026T1-2526,2026-T1,2026,Comuna 2 (Roma),Comuna 2,Comuna,Ayuda humanitaria,Positivo,12,"La atención para la ayuda de emergencia fue oportuna, gracias."
PQR-2026T1-2527,2026-T1,2026,Comuna 2 (Roma),Comuna 2,Comuna,Ayuda humanitaria,Negativo,11,Llevo tres meses esperando la ayuda humanitaria y no me han dado respuesta.
PQR-2026T1-2528,2026-T1,2026,Comuna 2 (Roma),Comuna 2,Comuna,Ayuda humanitaria,Neutral,18,Quisiera saber qué documentos faltan para la ayuda humanitaria.
PQR-2026T1-2529,2026-T1,2026,Comuna 2 (Roma),Comuna 2,Comuna,Ayuda humanitaria,Negativo,16,"Solicité el mercado de emergencia y nunca llegó, mi familia está pasando necesidad."
PQR-2026T1-2530,2026-T1,2026,Comuna 2 (Roma),Comuna 2,Comuna,Ayuda humanitaria,Positivo,16,"La atención para la ayuda de emergencia fue oportuna, gracias."
PQR-2026T1-2531,2026-T1,2026,Comuna 2 (Roma),Comuna 2,Comuna,Ayuda humanitaria,Positivo,14,"La atención para la ayuda de emergencia fue oportuna, gracias."
PQR-2026T1-2532,2026-T1,2026,Comuna 2 (Roma),Comuna 2,Comuna,Ayuda humanitaria,Positivo,17,Agradezco que me entregaron la ayuda humanitaria rápidamente.
PQR-2026T1-2533,2026-T1,2026,Comuna 2 (Roma),Comuna 2,Comuna,Ayuda humanitaria,Positivo,12,"La atención para la ayuda de emergencia fue oportuna, gracias."
PQR-2026T1-2534,2026-T1,2026,Comuna 2 (Roma),Comuna 2,Comuna,Ayuda humanitaria,Positivo,15,Agradezco que me entregaron la ayuda humanitaria rápidamente.
PQR-2026T1-2535,2026-T1,2026,Comuna 2 (Roma),Comuna 2,Comuna,Ayuda humanitaria,Neutral,12,Quisiera saber qué documentos faltan para la ayuda humanitaria.
PQR-2026T1-2536,2026-T1,2026,Comuna 2 (Roma),Comuna 2,Comuna,Ayuda humanitaria,Positivo,13,"La atención para la ayuda de emergencia fue oportuna, gracias."
PQR-2026T1-2537,2026-T1,2026,Comuna 2 (Roma),Comuna 2,Comuna,Ayuda humanitaria,Positivo,12,Agradezco que me entregaron la ayuda humanitaria rápidamente.
PQR-2026T1-2538,2026-T1,2026,Comuna 2 (Roma),Comuna 2,Comuna,Ayuda humanitaria,Neutral,15,Pregunto por el estado de mi solicitud de ayuda humanitaria inmediata.
PQR-2026T1-2539,2026-T1,2026,Comuna 2 (Roma),Comuna 2,Comuna,Ayuda humanitaria,Neutral,14,Pregunto por el estado de mi solicitud de ayuda humanitaria inmediata.
PQR-2026T1-2540,2026-T1,2026,Comuna 2 (Roma),Comuna 2,Comuna,Ayuda humanitaria,Positivo,18,"La atención para la ayuda de emergencia fue oportuna, gracias."
PQR-2026T1-2541,2026-T1,2026,Comuna 2 (Roma),Comuna 2,Comuna,Ayuda humanitaria,Negativo,15,Llevo tres meses esperando la ayuda humanitaria y no me han dado respuesta.
PQR-2026T1-2542,2026-T1,2026,Comuna 2 (Roma),Comuna 2,Comuna,Ayuda humanitaria,Negativo,15,"Solicité el mercado de emergencia y nunca llegó, mi familia está pasando necesidad."
PQR-2026T1-2543,2026-T1,2026,Comuna 2 (Roma),Comuna 2,Comuna,Ayuda humanitaria,Negativo,13,Llevo tres meses esperando la ayuda humanitaria y no me han dado respuesta.
PQR-2026T1-2544,2026-T1,2026,Comuna 2 (Roma),Comuna 2,Comuna,Ayuda humanitaria,Negativo,17,"Solicité el mercado de emergencia y nunca llegó, mi familia está pasando necesidad."
PQR-2026T1-2545,2026-T1,2026,Comuna 2 (Roma),Comuna 2,Comuna,Ayuda humanitaria,Positivo,11,Agradezco que me entregaron la ayuda humanitaria rápidamente.
PQR-2026T1-2546,2026-T1,2026,Comuna 2 (Roma),Comuna 2,Comuna,Ayuda humanitaria,Positivo,12,Agradezco que me entregaron la ayuda humanitaria rápidamente.
PQR-2026T1-2547,2026-T1,2026,Comuna 2 (Roma),Comuna 2,Comuna,Ayuda humanitaria,Negativo,12,Llevo tres meses esperando la ayuda humanitaria y no me han dado respuesta.
PQR-2026T1-2548,2026-T1,2026,Comuna 2 (Roma),Comuna 2,Comuna,Ayuda humanitaria,Negativo,18,"Solicité el mercado de emergencia y nunca llegó, mi familia está pasando necesidad."
PQR-2026T1-2549,2026-T1,2026,Comuna 2 (Roma),Comuna 2,Comuna,Ayuda humanitaria,Neutral,11,Quisiera saber qué documentos faltan para la ayuda humanitaria.
PQR-2026T1-2550,2026-T1,2026,Comuna 2 (Roma),Comuna 2,Comuna,Ayuda humanitaria,Negativo,11,Llevo tres meses esperando la ayuda humanitaria y no me han dado respuesta.
PQR-2026T1-2551,2026-T1,2026,Comuna 2 (Roma),Comuna 2,Comuna,Ayuda humanitaria,Negativo,14,Llevo tres meses esperando la ayuda humanitaria y no me han dado respuesta.
PQR-2026T1-2552,2026-T1,2026,Comuna 2 (Roma),Comuna 2,Comuna,Ayuda humanitaria,Neutral,16,Pregunto por el estado de mi solicitud de ayuda humanitaria inmediata.
PQR-2026T1-2553,2026-T1,2026,Comuna 2 (Roma),Comuna 2,Comuna,Ayuda humanitaria,Negativo,12,Llevo tres meses esperando la ayuda humanitaria y no me han dado respuesta.
PQR-2026T1-2554,2026-T1,2026,Comuna 2 (Roma),Comuna 2,Comuna,Ayuda humanitaria,Positivo,16,"La atención para la ayuda de emergencia fue oportuna, gracias."
PQR-2026T1-2555,2026-T1,2026,Comuna 2 (Roma),Comuna 2,Comuna,Ayuda humanitaria,Neutral,16,Quisiera saber qué documentos faltan para la ayuda humanitaria.
PQR-2026T1-2556,2026-T1,2026,Comuna 2 (Roma),Comuna 2,Comuna,Ayuda humanitaria,Neutral,13,Pregunto por el estado de mi solicitud de ayuda humanitaria inmediata.
PQR-2026T1-2557,2026-T1,2026,Comuna 2 (Roma),Comuna 2,Comuna,Ayuda humanitaria,Negativo,18,"Solicité el mercado de emergencia y nunca llegó, mi familia está pasando necesidad."
PQR-2026T1-2558,2026-T1,2026,Comuna 2 (Roma),Comuna 2,Comuna,Ayuda humanitaria,Neutral,17,Pregunto por el estado de mi solicitud de ayuda humanitaria inmediata.
PQR-2026T1-2559,2026-T1,2026,Comuna 2 (Roma),Comuna 2,Comuna,Ayuda humanitaria,Neutral,12,Quisiera saber qué documentos faltan para la ayuda humanitaria.
PQR-2026T1-2560,2026-T1,2026,Comuna 2 (Roma),Comuna 2,Comuna,Ayuda humanitaria,Neutral,12,Quisiera saber qué documentos faltan para la ayuda humanitaria.
PQR-2026T1-2561,2026-T1,2026,Comuna 2 (Roma),Comuna 2,Comuna,Ayuda humanitaria,Negativo,16,"Solicité el mercado de emergencia y nunca llegó, mi familia está pasando necesidad."
PQR-2026T1-2562,2026-T1,2026,Comuna 2 (Roma),Comuna 2,Comuna,Ayuda humanitaria,Negativo,12,Llevo tres meses esperando la ayuda humanitaria y no me han dado respuesta.
PQR-2026T1-2563,2026-T1,2026,Comuna 2 (Roma),Comuna 2,Comuna,Ayuda humanitaria,Negativo,17,Llevo tres meses esperando la ayuda humanitaria y no me han dado respuesta.
PQR-2026T1-2564,2026-T1,2026,Comuna 2 (Roma),Comuna 2,Comuna,Ayuda humanitaria,Positivo,10,Agradezco que me entregaron la ayuda humanitaria rápidamente.
PQR-2026T1-2565,2026-T1,2026,Comuna 2 (Roma),Comuna 2,Comuna,Ayuda humanitaria,Neutral,12,Quisiera saber qué documentos faltan para la ayuda humanitaria.
PQR-2026T1-2566,2026-T1,2026,Comuna 2 (Roma),Comuna 2,Comuna,Ayuda humanitaria,Neutral,16,Pregunto por el estado de mi solicitud de ayuda humanitaria inmediata.
PQR-2026T1-2567,2026-T1,2026,Comuna 2 (Roma),Comuna 2,Comuna,Ayuda humanitaria,Neutral,13,Quisiera saber qué documentos faltan para la ayuda humanitaria.
PQR-2026T1-2568,2026-T1,2026,Comuna 2 (Roma),Comuna 2,Comuna,Indemnización / reparación,Neutral,18,¿Cómo consulto el estado de mi proceso de reparación?
PQR-2026T1-2569,2026-T1,2026,Comuna 2 (Roma),Comuna 2,Comuna,Indemnización / reparación,Negativo,15,"Fui incluido hace años y todavía no me llega la indemnización, es una injusticia."
PQR-2026T1-2570,2026-T1,2026,Comuna 2 (Roma),Comuna 2,Comuna,Indemnización / reparación,Negativo,18,No entiendo por qué a otros ya les pagaron la reparación y a mí no.
PQR-2026T1-2571,2026-T1,2026,Comuna 2 (Roma),Comuna 2,Comuna,Indemnización / reparación,Neutral,17,Solicito información sobre el turno de mi indemnización administrativa.
PQR-2026T1-2572,2026-T1,2026,Comuna 2 (Roma),Comuna 2,Comuna,Indemnización / reparación,Neutral,14,¿Cómo consulto el estado de mi proceso de reparación?
PQR-2026T1-2573,2026-T1,2026,Comuna 2 (Roma),Comuna 2,Comuna,Indemnización / reparación,Neutral,13,¿Cómo consulto el estado de mi proceso de reparación?
PQR-2026T1-2574,2026-T1,2026,Comuna 2 (Roma),Comuna 2,Comuna,Indemnización / reparación,Neutral,12,Solicito información sobre el turno de mi indemnización administrativa.
PQR-2026T1-2575,2026-T1,2026,Comuna 2 (Roma),Comuna 2,Comuna,Indemnización / reparación,Negativo,16,No entiendo por qué a otros ya les pagaron la reparación y a mí no.
PQR-2026T1-2576,2026-T1,2026,Comuna 2 (Roma),Comuna 2,Comuna,Indemnización / reparación,Negativo,17,"Fui incluido hace años y todavía no me llega la indemnización, es una injusticia."
PQR-2026T1-2577,2026-T1,2026,Comuna 2 (Roma),Comuna 2,Comuna,Indemnización / reparación,Negativo,17,"Fui incluido hace años y todavía no me llega la indemnización, es una injusticia."
PQR-2026T1-2578,2026-T1,2026,Comuna 2 (Roma),Comuna 2,Comuna,Indemnización / reparación,Negativo,11,"Fui incluido hace años y todavía no me llega la indemnización, es una injusticia."
PQR-2026T1-2579,2026-T1,2026,Comuna 2 (Roma),Comuna 2,Comuna,Indemnización / reparación,Neutral,17,Solicito información sobre el turno de mi indemnización administrativa.
PQR-2026T1-2580,2026-T1,2026,Comuna 2 (Roma),Comuna 2,Comuna,Indemnización / reparación,Negativo,12,"Fui incluido hace años y todavía no me llega la indemnización, es una injusticia."
PQR-2026T1-2581,2026-T1,2026,Comuna 2 (Roma),Comuna 2,Comuna,Indemnización / reparación,Negativo,12,No entiendo por qué a otros ya les pagaron la reparación y a mí no.
PQR-2026T1-2582,2026-T1,2026,Comuna 2 (Roma),Comuna 2,Comuna,Indemnización / reparación,Negativo,11,No entiendo por qué a otros ya les pagaron la reparación y a mí no.
PQR-2026T1-2583,2026-T1,2026,Comuna 2 (Roma),Comuna 2,Comuna,Indemnización / reparación,Negativo,12,"Fui incluido hace años y todavía no me llega la indemnización, es una injusticia."
PQR-2026T1-2584,2026-T1,2026,Comuna 2 (Roma),Comuna 2,Comuna,Indemnización / reparación,Negativo,16,No entiendo por qué a otros ya les pagaron la reparación y a mí no.
PQR-2026T1-2585,2026-T1,2026,Comuna 2 (Roma),Comuna 2,Comuna,Indemnización / reparación,Negativo,14,No entiendo por qué a otros ya les pagaron la reparación y a mí no.
PQR-2026T1-2586,2026-T1,2026,Comuna 2 (Roma),Comuna 2,Comuna,Indemnización / reparación,Negativo,13,No entiendo por qué a otros ya les pagaron la reparación y a mí no.
PQR-2026T1-2587,2026-T1,2026,Comuna 2 (Roma),Comuna 2,Comuna,Indemnización / reparación,Negativo,13,No entiendo por qué a otros ya les pagaron la reparación y a mí no.
PQR-2026T1-2588,2026-T1,2026,Comuna 2 (Roma),Comuna 2,Comuna,Indemnización / reparación,Neutral,13,Solicito información sobre el turno de mi indemnización administrativa.
PQR-2026T1-2589,2026-T1,2026,Comuna 2 (Roma),Comuna 2,Comuna,Indemnización / reparación,Negativo,12,"Fui incluido hace años y todavía no me llega la indemnización, es una injusticia."
PQR-2026T1-2590,2026-T1,2026,Comuna 2 (Roma),Comuna 2,Comuna,Indemnización / reparación,Negativo,16,No entiendo por qué a otros ya les pagaron la reparación y a mí no.
PQR-2026T1-2591,2026-T1,2026,Comuna 2 (Roma),Comuna 2,Comuna,Indemnización / reparación,Neutral,15,Solicito información sobre el turno de mi indemnización administrativa.
PQR-2026T1-2592,2026-T1,2026,Comuna 2 (Roma),Comuna 2,Comuna,Indemnización / reparación,Neutral,16,Solicito información sobre el turno de mi indemnización administrativa.
PQR-2026T1-2593,2026-T1,2026,Comuna 2 (Roma),Comuna 2,Comuna,Indemnización / reparación,Positivo,14,Me orientaron bien sobre el proceso de reparación.
PQR-2026T1-2594,2026-T1,2026,Comuna 2 (Roma),Comuna 2,Comuna,Indemnización / reparación,Neutral,16,¿Cómo consulto el estado de mi proceso de reparación?
PQR-2026T1-2595,2026-T1,2026,Comuna 2 (Roma),Comuna 2,Comuna,Indemnización / reparación,Negativo,14,No entiendo por qué a otros ya les pagaron la reparación y a mí no.
PQR-2026T1-2596,2026-T1,2026,Comuna 2 (Roma),Comuna 2,Comuna,Indemnización / reparación,Negativo,12,"Fui incluido hace años y todavía no me llega la indemnización, es una injusticia."
PQR-2026T1-2597,2026-T1,2026,Comuna 2 (Roma),Comuna 2,Comuna,Indemnización / reparación,Negativo,15,No entiendo por qué a otros ya les pagaron la reparación y a mí no.
PQR-2026T1-2598,2026-T1,2026,Comuna 2 (Roma),Comuna 2,Comuna,Indemnización / reparación,Positivo,18,"Por fin recibí la indemnización, agradezco la gestión de la oficina."
PQR-2026T1-2599,2026-T1,2026,Comuna 2 (Roma),Comuna 2,Comuna,Indemnización / reparación,Negativo,17,No entiendo por qué a otros ya les pagaron la reparación y a mí no.
PQR-2026T1-2600,2026-T1,2026,Comuna 2 (Roma),Comuna 2,Comuna,Indemnización / reparación,Neutral,15,Solicito información sobre el turno de mi indemnización administrativa.
PQR-2026T1-2601,2026-T1,2026,Comuna 2 (Roma),Comuna 2,Comuna,Indemnización / reparación,Negativo,11,No entiendo por qué a otros ya les pagaron la reparación y a mí no.
PQR-2026T1-2602,2026-T1,2026,Comuna 2 (Roma),Comuna 2,Comuna,Vivienda,Neutral,11,Solicito información sobre el subsidio de mejoramiento de vivienda.
PQR-2026T1-2603,2026-T1,2026,Comuna 2 (Roma),Comuna 2,Comuna,Vivienda,Neutral,15,Solicito información sobre el subsidio de mejoramiento de vivienda.
PQR-2026T1-2604,2026-T1,2026,Comuna 2 (Roma),Comuna 2,Comuna,Vivienda,Negativo,15,La casa que me asignaron tiene problemas y nadie responde.
PQR-2026T1-2605,2026-T1,2026,Comuna 2 (Roma),Comuna 2,Comuna,Vivienda,Positivo,15,"Me asignaron la vivienda, muy agradecido con el acompañamiento."
PQR-2026T1-2606,2026-T1,2026,Comuna 2 (Roma),Comuna 2,Comuna,Vivienda,Negativo,18,Postulé al subsidio de vivienda y me rechazaron sin explicación clara.
PQR-2026T1-2607,2026-T1,2026,Comuna 2 (Roma),Comuna 2,Comuna,Vivienda,Negativo,14,La casa que me asignaron tiene problemas y nadie responde.
PQR-2026T1-2608,2026-T1,2026,Comuna 2 (Roma),Comuna 2,Comuna,Vivienda,Neutral,17,Solicito información sobre el subsidio de mejoramiento de vivienda.
PQR-2026T1-2609,2026-T1,2026,Comuna 2 (Roma),Comuna 2,Comuna,Vivienda,Negativo,12,La casa que me asignaron tiene problemas y nadie responde.
PQR-2026T1-2610,2026-T1,2026,Comuna 2 (Roma),Comuna 2,Comuna,Vivienda,Positivo,18,"Me asignaron la vivienda, muy agradecido con el acompañamiento."
PQR-2026T1-2611,2026-T1,2026,Comuna 2 (Roma),Comuna 2,Comuna,Vivienda,Neutral,13,Solicito información sobre el subsidio de mejoramiento de vivienda.
PQR-2026T1-2612,2026-T1,2026,Comuna 2 (Roma),Comuna 2,Comuna,Vivienda,Negativo,18,Postulé al subsidio de vivienda y me rechazaron sin explicación clara.
PQR-2026T1-2613,2026-T1,2026,Comuna 2 (Roma),Comuna 2,Comuna,Vivienda,Neutral,18,Pregunto por las convocatorias de vivienda para población víctima.
PQR-2026T1-2614,2026-T1,2026,Comuna 2 (Roma),Comuna 2,Comuna,Vivienda,Negativo,16,La casa que me asignaron tiene problemas y nadie responde.
PQR-2026T1-2615,2026-T1,2026,Comuna 2 (Roma),Comuna 2,Comuna,Vivienda,Positivo,17,"Me asignaron la vivienda, muy agradecido con el acompañamiento."
PQR-2026T1-2616,2026-T1,2026,Comuna 2 (Roma),Comuna 2,Comuna,Vivienda,Negativo,11,Postulé al subsidio de vivienda y me rechazaron sin explicación clara.
PQR-2026T1-2617,2026-T1,2026,Comuna 2 (Roma),Comuna 2,Comuna,Vivienda,Negativo,16,La casa que me asignaron tiene problemas y nadie responde.
PQR-2026T1-2618,2026-T1,2026,Comuna 2 (Roma),Comuna 2,Comuna,Vivienda,Neutral,15,Pregunto por las convocatorias de vivienda para población víctima.
PQR-2026T1-2619,2026-T1,2026,Comuna 2 (Roma),Comuna 2,Comuna,Vivienda,Neutral,17,Solicito información sobre el subsidio de mejoramiento de vivienda.
PQR-2026T1-2620,2026-T1,2026,Comuna 2 (Roma),Comuna 2,Comuna,Vivienda,Neutral,11,Solicito información sobre el subsidio de mejoramiento de vivienda.
PQR-2026T1-2621,2026-T1,2026,Comuna 2 (Roma),Comuna 2,Comuna,Vivienda,Neutral,18,Solicito información sobre el subsidio de mejoramiento de vivienda.
PQR-2026T1-2622,2026-T1,2026,Comuna 2 (Roma),Comuna 2,Comuna,Vivienda,Positivo,11,"Me asignaron la vivienda, muy agradecido con el acompañamiento."
PQR-2026T1-2623,2026-T1,2026,Comuna 2 (Roma),Comuna 2,Comuna,Salud y atención psicosocial,Neutral,12,Pregunto por el programa de atención en salud para víctimas.
PQR-2026T1-2624,2026-T1,2026,Comuna 2 (Roma),Comuna 2,Comuna,Salud y atención psicosocial,Neutral,16,Pregunto por el programa de atención en salud para víctimas.
PQR-2026T1-2625,2026-T1,2026,Comuna 2 (Roma),Comuna 2,Comuna,Salud y atención psicosocial,Neutral,12,Pregunto por el programa de atención en salud para víctimas.
PQR-2026T1-2626,2026-T1,2026,Comuna 2 (Roma),Comuna 2,Comuna,Salud y atención psicosocial,Neutral,17,Solicito una cita de atención psicosocial para mi familia.
PQR-2026T1-2627,2026-T1,2026,Comuna 2 (Roma),Comuna 2,Comuna,Salud y atención psicosocial,Positivo,17,"La atención psicosocial me ha ayudado mucho, gracias al equipo."
PQR-2026T1-2628,2026-T1,2026,Comuna 2 (Roma),Comuna 2,Comuna,Salud y atención psicosocial,Neutral,15,Pregunto por el programa de atención en salud para víctimas.
PQR-2026T1-2629,2026-T1,2026,Comuna 2 (Roma),Comuna 2,Comuna,Salud y atención psicosocial,Neutral,13,Solicito una cita de atención psicosocial para mi familia.
PQR-2026T1-2630,2026-T1,2026,Comuna 2 (Roma),Comuna 2,Comuna,Salud y atención psicosocial,Neutral,15,Solicito una cita de atención psicosocial para mi familia.
PQR-2026T1-2631,2026-T1,2026,Comuna 2 (Roma),Comuna 2,Comuna,Salud y atención psicosocial,Positivo,13,"La atención psicosocial me ha ayudado mucho, gracias al equipo."
PQR-2026T1-2632,2026-T1,2026,Comuna 2 (Roma),Comuna 2,Comuna,Salud y atención psicosocial,Positivo,13,"La atención psicosocial me ha ayudado mucho, gracias al equipo."
PQR-2026T1-2633,2026-T1,2026,Comuna 2 (Roma),Comuna 2,Comuna,Salud y atención psicosocial,Neutral,17,Solicito una cita de atención psicosocial para mi familia.
PQR-2026T1-2634,2026-T1,2026,Comuna 2 (Roma),Comuna 2,Comuna,Salud y atención psicosocial,Neutral,18,Solicito una cita de atención psicosocial para mi familia.
PQR-2026T1-2635,2026-T1,2026,Comuna 2 (Roma),Comuna 2,Comuna,Salud y atención psicosocial,Neutral,15,Solicito una cita de atención psicosocial para mi familia.
PQR-2026T1-2636,2026-T1,2026,Comuna 2 (Roma),Comuna 2,Comuna,Salud y atención psicosocial,Neutral,12,Solicito una cita de atención psicosocial para mi familia.
PQR-2026T1-2637,2026-T1,2026,Comuna 2 (Roma),Comuna 2,Comuna,Educación,Neutral,16,Pregunto por el apoyo educativo para el próximo semestre.
PQR-2026T1-2638,2026-T1,2026,Comuna 2 (Roma),Comuna 2,Comuna,Educación,Neutral,12,Solicito información sobre becas para estudiantes víctimas.
PQR-2026T1-2639,2026-T1,2026,Comuna 2 (Roma),Comuna 2,Comuna,Educación,Negativo,12,Mi hijo no ha podido acceder al beneficio educativo prometido.
PQR-2026T1-2640,2026-T1,2026,Comuna 2 (Roma),Comuna 2,Comuna,Educación,Positivo,17,La orientación sobre educación superior fue útil.
PQR-2026T1-2641,2026-T1,2026,Comuna 2 (Roma),Comuna 2,Comuna,Educación,Negativo,11,Falta información sobre los cupos educativos para víctimas.
PQR-2026T1-2642,2026-T1,2026,Comuna 2 (Roma),Comuna 2,Comuna,Educación,Positivo,12,La orientación sobre educación superior fue útil.
PQR-2026T1-2643,2026-T1,2026,Comuna 2 (Roma),Comuna 2,Comuna,Educación,Neutral,14,Solicito información sobre becas para estudiantes víctimas.
PQR-2026T1-2644,2026-T1,2026,Comuna 2 (Roma),Comuna 2,Comuna,Educación,Positivo,13,"Mi hija obtuvo el apoyo educativo, muy agradecida."
PQR-2026T1-2645,2026-T1,2026,Comuna 2 (Roma),Comuna 2,Comuna,Educación,Neutral,13,Solicito información sobre becas para estudiantes víctimas.
PQR-2026T1-2646,2026-T1,2026,Comuna 2 (Roma),Comuna 2,Comuna,Educación,Positivo,13,"Mi hija obtuvo el apoyo educativo, muy agradecida."
PQR-2026T1-2647,2026-T1,2026,Comuna 2 (Roma),Comuna 2,Comuna,Educación,Neutral,16,Pregunto por el apoyo educativo para el próximo semestre.
PQR-2026T1-2648,2026-T1,2026,Comuna 2 (Roma),Comuna 2,Comuna,Educación,Neutral,18,Solicito información sobre becas para estudiantes víctimas.
PQR-2026T1-2649,2026-T1,2026,Comuna 2 (Roma),Comuna 2,Comuna,Educación,Negativo,11,Falta información sobre los cupos educativos para víctimas.
PQR-2026T1-2650,2026-T1,2026,Comuna 2 (Roma),Comuna 2,Comuna,Educación,Neutral,17,Pregunto por el apoyo educativo para el próximo semestre.
PQR-2026T1-2651,2026-T1,2026,Comuna 2 (Roma),Comuna 2,Comuna,Educación,Neutral,18,Solicito información sobre becas para estudiantes víctimas.
PQR-2026T1-2652,2026-T1,2026,Comuna 2 (Roma),Comuna 2,Comuna,Registro / inclusión RUV,Negativo,15,Llevo meses esperando que me incluyan en el RUV y no hay respuesta.
PQR-2026T1-2653,2026-T1,2026,Comuna 2 (Roma),Comuna 2,Comuna,Registro / inclusión RUV,Negativo,11,Llevo meses esperando que me incluyan en el RUV y no hay respuesta.
PQR-2026T1-2654,2026-T1,2026,Comuna 2 (Roma),Comuna 2,Comuna,Registro / inclusión RUV,Neutral,16,Solicito información sobre mi estado en el Registro Único de Víctimas.
PQR-2026T1-2655,2026-T1,2026,Comuna 2 (Roma),Comuna 2,Comuna,Registro / inclusión RUV,Positivo,17,"Ya quedé incluido en el registro, agradezco la ayuda."
PQR-2026T1-2656,2026-T1,2026,Comuna 2 (Roma),Comuna 2,Comuna,Registro / inclusión RUV,Positivo,15,"Me orientaron bien para la declaración, todo salió bien."
PQR-2026T1-2657,2026-T1,2026,Comuna 2 (Roma),Comuna 2,Comuna,Registro / inclusión RUV,Negativo,12,Llevo meses esperando que me incluyan en el RUV y no hay respuesta.
PQR-2026T1-2658,2026-T1,2026,Comuna 2 (Roma),Comuna 2,Comuna,Registro / inclusión RUV,Negativo,12,Me negaron la inclusión y no me explicaron los motivos.
PQR-2026T1-2659,2026-T1,2026,Comuna 2 (Roma),Comuna 2,Comuna,Registro / inclusión RUV,Negativo,15,Llevo meses esperando que me incluyan en el RUV y no hay respuesta.
PQR-2026T1-2660,2026-T1,2026,Comuna 2 (Roma),Comuna 2,Comuna,Registro / inclusión RUV,Negativo,16,Llevo meses esperando que me incluyan en el RUV y no hay respuesta.
PQR-2026T1-2661,2026-T1,2026,Comuna 2 (Roma),Comuna 2,Comuna,Registro / inclusión RUV,Positivo,13,"Ya quedé incluido en el registro, agradezco la ayuda."
PQR-2026T1-2662,2026-T1,2026,Comuna 2 (Roma),Comuna 2,Comuna,Registro / inclusión RUV,Positivo,17,"Me orientaron bien para la declaración, todo salió bien."
PQR-2026T1-2663,2026-T1,2026,Comuna 2 (Roma),Comuna 2,Comuna,Registro / inclusión RUV,Negativo,15,Llevo meses esperando que me incluyan en el RUV y no hay respuesta.
PQR-2026T1-2664,2026-T1,2026,Comuna 2 (Roma),Comuna 2,Comuna,Registro / inclusión RUV,Positivo,17,"Ya quedé incluido en el registro, agradezco la ayuda."
PQR-2026T1-2665,2026-T1,2026,Comuna 2 (Roma),Comuna 2,Comuna,Registro / inclusión RUV,Neutral,12,Solicito información sobre mi estado en el Registro Único de Víctimas.
PQR-2026T1-2666,2026-T1,2026,Comuna 2 (Roma),Comuna 2,Comuna,Registro / inclusión RUV,Neutral,16,¿Qué debo hacer para actualizar mis datos en el RUV?
PQR-2026T1-2667,2026-T1,2026,Comuna 2 (Roma),Comuna 2,Comuna,Registro / inclusión RUV,Neutral,14,Solicito información sobre mi estado en el Registro Único de Víctimas.
PQR-2026T1-2668,2026-T1,2026,Comuna 2 (Roma),Comuna 2,Comuna,Retornos y reubicación,Negativo,13,Solicité apoyo para el retorno y no hay condiciones de seguridad.
PQR-2026T1-2669,2026-T1,2026,Comuna 2 (Roma),Comuna 2,Comuna,Retornos y reubicación,Neutral,18,Solicito información sobre acompañamiento para reubicación.
PQR-2026T1-2670,2026-T1,2026,Comuna 2 (Roma),Comuna 2,Comuna,Retornos y reubicación,Positivo,14,Nos apoyaron en la reubicación de manera adecuada.
PQR-2026T1-2671,2026-T1,2026,Comuna 2 (Roma),Comuna 2,Comuna,Retornos y reubicación,Negativo,14,Solicité apoyo para el retorno y no hay condiciones de seguridad.
PQR-2026T1-2672,2026-T1,2026,Comuna 2 (Roma),Comuna 2,Comuna,Retornos y reubicación,Negativo,11,El proceso de reubicación está detenido hace tiempo.
PQR-2026T1-2673,2026-T1,2026,Comuna 2 (Roma),Comuna 2,Comuna,Retornos y reubicación,Neutral,11,Pregunto por el plan de retorno para mi comunidad.
PQR-2026T1-2674,2026-T1,2026,Comuna 2 (Roma),Comuna 2,Comuna,Retornos y reubicación,Neutral,11,Pregunto por el plan de retorno para mi comunidad.
PQR-2026T1-2675,2026-T1,2026,Comuna 2 (Roma),Comuna 2,Comuna,Retornos y reubicación,Positivo,15,Nos apoyaron en la reubicación de manera adecuada.
PQR-2026T1-2676,2026-T1,2026,Comuna 2 (Roma),Comuna 2,Comuna,Retornos y reubicación,Neutral,16,Solicito información sobre acompañamiento para reubicación.
PQR-2026T1-2677,2026-T1,2026,Comuna 2 (Roma),Comuna 2,Comuna,Retornos y reubicación,Negativo,17,El proceso de reubicación está detenido hace tiempo.
PQR-2026T1-2678,2026-T1,2026,Comuna 2 (Roma),Comuna 2,Comuna,Otros trámites,Neutral,10,Pregunto por el horario de atención de la oficina.
PQR-2026T1-2679,2026-T1,2026,Comuna 2 (Roma),Comuna 2,Comuna,Otros trámites,Negativo,17,Me han remitido de una oficina a otra sin resolver mi caso.
PQR-2026T1-2680,2026-T1,2026,Comuna 2 (Roma),Comuna 2,Comuna,Otros trámites,Neutral,12,Solicito un certificado de mi condición de víctima.
PQR-2026T1-2681,2026-T1,2026,Comuna 2 (Roma),Comuna 2,Comuna,Otros trámites,Positivo,16,La atención en ventanilla fue amable y rápida.
PQR-2026T1-2682,2026-T1,2026,Comuna 2 (Roma),Comuna 2,Comuna,Otros trámites,Neutral,15,Solicito un certificado de mi condición de víctima.
PQR-2026T1-2683,2026-T1,2026,Comuna 2 (Roma),Comuna 2,Comuna,Otros trámites,Positivo,13,Me resolvieron el trámite sin complicaciones.
PQR-2026T1-2684,2026-T1,2026,Comuna 2 (Roma),Comuna 2,Comuna,Otros trámites,Neutral,17,Pregunto por el horario de atención de la oficina.
PQR-2026T1-2685,2026-T1,2026,Comuna 2 (Roma),Comuna 2,Comuna,Otros trámites,Negativo,18,Me han remitido de una oficina a otra sin resolver mi caso.
PQR-2026T1-2686,2026-T1,2026,Comuna 2 (Roma),Comuna 2,Comuna,Otros trámites,Negativo,18,Me han remitido de una oficina a otra sin resolver mi caso.
PQR-2026T1-2687,2026-T1,2026,Comuna 2 (Roma),Comuna 2,Comuna,Otros trámites,Negativo,17,Me han remitido de una oficina a otra sin resolver mi caso.
PQR-2026T1-2688,2026-T1,2026,Comuna 2 (Roma),Comuna 2,Comuna,Otros trámites,Neutral,14,Pregunto por el horario de atención de la oficina.
PQR-2026T1-2689,2026-T1,2026,Comuna 2 (Roma),Comuna 2,Comuna,Otros trámites,Neutral,15,Pregunto por el horario de atención de la oficina.
PQR-2026T1-2690,2026-T1,2026,Comuna 3 (Yesca Grande),Comuna 3,Comuna,Ayuda humanitaria,Neutral,11,Quisiera saber qué documentos faltan para la ayuda humanitaria.
PQR-2026T1-2691,2026-T1,2026,Comuna 3 (Yesca Grande),Comuna 3,Comuna,Ayuda humanitaria,Positivo,11,Agradezco que me entregaron la ayuda humanitaria rápidamente.
PQR-2026T1-2692,2026-T1,2026,Comuna 3 (Yesca Grande),Comuna 3,Comuna,Ayuda humanitaria,Positivo,17,Agradezco que me entregaron la ayuda humanitaria rápidamente.
PQR-2026T1-2693,2026-T1,2026,Comuna 3 (Yesca Grande),Comuna 3,Comuna,Ayuda humanitaria,Neutral,15,Pregunto por el estado de mi solicitud de ayuda humanitaria inmediata.
PQR-2026T1-2694,2026-T1,2026,Comuna 3 (Yesca Grande),Comuna 3,Comuna,Ayuda humanitaria,Positivo,13,"La atención para la ayuda de emergencia fue oportuna, gracias."
PQR-2026T1-2695,2026-T1,2026,Comuna 3 (Yesca Grande),Comuna 3,Comuna,Ayuda humanitaria,Positivo,12,"La atención para la ayuda de emergencia fue oportuna, gracias."
PQR-2026T1-2696,2026-T1,2026,Comuna 3 (Yesca Grande),Comuna 3,Comuna,Ayuda humanitaria,Negativo,15,Llevo tres meses esperando la ayuda humanitaria y no me han dado respuesta.
PQR-2026T1-2697,2026-T1,2026,Comuna 3 (Yesca Grande),Comuna 3,Comuna,Ayuda humanitaria,Positivo,18,"La atención para la ayuda de emergencia fue oportuna, gracias."
PQR-2026T1-2698,2026-T1,2026,Comuna 3 (Yesca Grande),Comuna 3,Comuna,Ayuda humanitaria,Neutral,15,Quisiera saber qué documentos faltan para la ayuda humanitaria.
PQR-2026T1-2699,2026-T1,2026,Comuna 3 (Yesca Grande),Comuna 3,Comuna,Ayuda humanitaria,Positivo,17,"La atención para la ayuda de emergencia fue oportuna, gracias."
PQR-2026T1-2700,2026-T1,2026,Comuna 3 (Yesca Grande),Comuna 3,Comuna,Ayuda humanitaria,Positivo,15,Agradezco que me entregaron la ayuda humanitaria rápidamente.
PQR-2026T1-2701,2026-T1,2026,Comuna 3 (Yesca Grande),Comuna 3,Comuna,Ayuda humanitaria,Negativo,15,Llevo tres meses esperando la ayuda humanitaria y no me han dado respuesta.
PQR-2026T1-2702,2026-T1,2026,Comuna 3 (Yesca Grande),Comuna 3,Comuna,Ayuda humanitaria,Neutral,18,Pregunto por el estado de mi solicitud de ayuda humanitaria inmediata.
PQR-2026T1-2703,2026-T1,2026,Comuna 3 (Yesca Grande),Comuna 3,Comuna,Ayuda humanitaria,Negativo,11,"Solicité el mercado de emergencia y nunca llegó, mi familia está pasando necesidad."
PQR-2026T1-2704,2026-T1,2026,Comuna 3 (Yesca Grande),Comuna 3,Comuna,Ayuda humanitaria,Negativo,18,"Solicité el mercado de emergencia y nunca llegó, mi familia está pasando necesidad."
PQR-2026T1-2705,2026-T1,2026,Comuna 3 (Yesca Grande),Comuna 3,Comuna,Ayuda humanitaria,Neutral,14,Pregunto por el estado de mi solicitud de ayuda humanitaria inmediata.
PQR-2026T1-2706,2026-T1,2026,Comuna 3 (Yesca Grande),Comuna 3,Comuna,Ayuda humanitaria,Positivo,17,"La atención para la ayuda de emergencia fue oportuna, gracias."
PQR-2026T1-2707,2026-T1,2026,Comuna 3 (Yesca Grande),Comuna 3,Comuna,Ayuda humanitaria,Negativo,12,Llevo tres meses esperando la ayuda humanitaria y no me han dado respuesta.
PQR-2026T1-2708,2026-T1,2026,Comuna 3 (Yesca Grande),Comuna 3,Comuna,Ayuda humanitaria,Positivo,12,"La atención para la ayuda de emergencia fue oportuna, gracias."
PQR-2026T1-2709,2026-T1,2026,Comuna 3 (Yesca Grande),Comuna 3,Comuna,Ayuda humanitaria,Negativo,16,Llevo tres meses esperando la ayuda humanitaria y no me han dado respuesta.
PQR-2026T1-2710,2026-T1,2026,Comuna 3 (Yesca Grande),Comuna 3,Comuna,Ayuda humanitaria,Negativo,11,Llevo tres meses esperando la ayuda humanitaria y no me han dado respuesta.
PQR-2026T1-2711,2026-T1,2026,Comuna 3 (Yesca Grande),Comuna 3,Comuna,Ayuda humanitaria,Neutral,17,Quisiera saber qué documentos faltan para la ayuda humanitaria.
PQR-2026T1-2712,2026-T1,2026,Comuna 3 (Yesca Grande),Comuna 3,Comuna,Ayuda humanitaria,Negativo,13,"Solicité el mercado de emergencia y nunca llegó, mi familia está pasando necesidad."
PQR-2026T1-2713,2026-T1,2026,Comuna 3 (Yesca Grande),Comuna 3,Comuna,Ayuda humanitaria,Neutral,12,Quisiera saber qué documentos faltan para la ayuda humanitaria.
PQR-2026T1-2714,2026-T1,2026,Comuna 3 (Yesca Grande),Comuna 3,Comuna,Ayuda humanitaria,Negativo,18,Llevo tres meses esperando la ayuda humanitaria y no me han dado respuesta.
PQR-2026T1-2715,2026-T1,2026,Comuna 3 (Yesca Grande),Comuna 3,Comuna,Ayuda humanitaria,Neutral,14,Pregunto por el estado de mi solicitud de ayuda humanitaria inmediata.
PQR-2026T1-2716,2026-T1,2026,Comuna 3 (Yesca Grande),Comuna 3,Comuna,Ayuda humanitaria,Positivo,13,Agradezco que me entregaron la ayuda humanitaria rápidamente.
PQR-2026T1-2717,2026-T1,2026,Comuna 3 (Yesca Grande),Comuna 3,Comuna,Ayuda humanitaria,Neutral,13,Quisiera saber qué documentos faltan para la ayuda humanitaria.
PQR-2026T1-2718,2026-T1,2026,Comuna 3 (Yesca Grande),Comuna 3,Comuna,Ayuda humanitaria,Neutral,15,Pregunto por el estado de mi solicitud de ayuda humanitaria inmediata.
PQR-2026T1-2719,2026-T1,2026,Comuna 3 (Yesca Grande),Comuna 3,Comuna,Ayuda humanitaria,Positivo,12,"La atención para la ayuda de emergencia fue oportuna, gracias."
PQR-2026T1-2720,2026-T1,2026,Comuna 3 (Yesca Grande),Comuna 3,Comuna,Indemnización / reparación,Negativo,17,"Fui incluido hace años y todavía no me llega la indemnización, es una injusticia."
PQR-2026T1-2721,2026-T1,2026,Comuna 3 (Yesca Grande),Comuna 3,Comuna,Indemnización / reparación,Negativo,13,No entiendo por qué a otros ya les pagaron la reparación y a mí no.
PQR-2026T1-2722,2026-T1,2026,Comuna 3 (Yesca Grande),Comuna 3,Comuna,Indemnización / reparación,Negativo,18,No entiendo por qué a otros ya les pagaron la reparación y a mí no.
PQR-2026T1-2723,2026-T1,2026,Comuna 3 (Yesca Grande),Comuna 3,Comuna,Indemnización / reparación,Negativo,14,"Fui incluido hace años y todavía no me llega la indemnización, es una injusticia."
PQR-2026T1-2724,2026-T1,2026,Comuna 3 (Yesca Grande),Comuna 3,Comuna,Indemnización / reparación,Neutral,17,Solicito información sobre el turno de mi indemnización administrativa.
PQR-2026T1-2725,2026-T1,2026,Comuna 3 (Yesca Grande),Comuna 3,Comuna,Indemnización / reparación,Negativo,17,"Fui incluido hace años y todavía no me llega la indemnización, es una injusticia."
PQR-2026T1-2726,2026-T1,2026,Comuna 3 (Yesca Grande),Comuna 3,Comuna,Indemnización / reparación,Negativo,15,"Fui incluido hace años y todavía no me llega la indemnización, es una injusticia."
PQR-2026T1-2727,2026-T1,2026,Comuna 3 (Yesca Grande),Comuna 3,Comuna,Indemnización / reparación,Negativo,13,"Fui incluido hace años y todavía no me llega la indemnización, es una injusticia."
PQR-2026T1-2728,2026-T1,2026,Comuna 3 (Yesca Grande),Comuna 3,Comuna,Indemnización / reparación,Positivo,17,"Por fin recibí la indemnización, agradezco la gestión de la oficina."
PQR-2026T1-2729,2026-T1,2026,Comuna 3 (Yesca Grande),Comuna 3,Comuna,Indemnización / reparación,Neutral,16,Solicito información sobre el turno de mi indemnización administrativa.
PQR-2026T1-2730,2026-T1,2026,Comuna 3 (Yesca Grande),Comuna 3,Comuna,Indemnización / reparación,Negativo,14,"Fui incluido hace años y todavía no me llega la indemnización, es una injusticia."
PQR-2026T1-2731,2026-T1,2026,Comuna 3 (Yesca Grande),Comuna 3,Comuna,Indemnización / reparación,Neutral,16,Solicito información sobre el turno de mi indemnización administrativa.
PQR-2026T1-2732,2026-T1,2026,Comuna 3 (Yesca Grande),Comuna 3,Comuna,Indemnización / reparación,Negativo,15,No entiendo por qué a otros ya les pagaron la reparación y a mí no.
PQR-2026T1-2733,2026-T1,2026,Comuna 3 (Yesca Grande),Comuna 3,Comuna,Indemnización / reparación,Neutral,18,Solicito información sobre el turno de mi indemnización administrativa.
PQR-2026T1-2734,2026-T1,2026,Comuna 3 (Yesca Grande),Comuna 3,Comuna,Indemnización / reparación,Neutral,11,¿Cómo consulto el estado de mi proceso de reparación?
PQR-2026T1-2735,2026-T1,2026,Comuna 3 (Yesca Grande),Comuna 3,Comuna,Indemnización / reparación,Negativo,18,No entiendo por qué a otros ya les pagaron la reparación y a mí no.
PQR-2026T1-2736,2026-T1,2026,Comuna 3 (Yesca Grande),Comuna 3,Comuna,Indemnización / reparación,Negativo,13,No entiendo por qué a otros ya les pagaron la reparación y a mí no.
PQR-2026T1-2737,2026-T1,2026,Comuna 3 (Yesca Grande),Comuna 3,Comuna,Indemnización / reparación,Negativo,16,No entiendo por qué a otros ya les pagaron la reparación y a mí no.
PQR-2026T1-2738,2026-T1,2026,Comuna 3 (Yesca Grande),Comuna 3,Comuna,Vivienda,Negativo,14,La casa que me asignaron tiene problemas y nadie responde.
PQR-2026T1-2739,2026-T1,2026,Comuna 3 (Yesca Grande),Comuna 3,Comuna,Vivienda,Negativo,15,La casa que me asignaron tiene problemas y nadie responde.
PQR-2026T1-2740,2026-T1,2026,Comuna 3 (Yesca Grande),Comuna 3,Comuna,Vivienda,Negativo,12,La casa que me asignaron tiene problemas y nadie responde.
PQR-2026T1-2741,2026-T1,2026,Comuna 3 (Yesca Grande),Comuna 3,Comuna,Vivienda,Negativo,18,Postulé al subsidio de vivienda y me rechazaron sin explicación clara.
PQR-2026T1-2742,2026-T1,2026,Comuna 3 (Yesca Grande),Comuna 3,Comuna,Vivienda,Neutral,11,Solicito información sobre el subsidio de mejoramiento de vivienda.
PQR-2026T1-2743,2026-T1,2026,Comuna 3 (Yesca Grande),Comuna 3,Comuna,Vivienda,Negativo,11,La casa que me asignaron tiene problemas y nadie responde.
PQR-2026T1-2744,2026-T1,2026,Comuna 3 (Yesca Grande),Comuna 3,Comuna,Vivienda,Positivo,17,"Me asignaron la vivienda, muy agradecido con el acompañamiento."
PQR-2026T1-2745,2026-T1,2026,Comuna 3 (Yesca Grande),Comuna 3,Comuna,Vivienda,Positivo,12,El proceso de postulación a vivienda fue claro.
PQR-2026T1-2746,2026-T1,2026,Comuna 3 (Yesca Grande),Comuna 3,Comuna,Vivienda,Negativo,13,La casa que me asignaron tiene problemas y nadie responde.
PQR-2026T1-2747,2026-T1,2026,Comuna 3 (Yesca Grande),Comuna 3,Comuna,Vivienda,Neutral,15,Pregunto por las convocatorias de vivienda para población víctima.
PQR-2026T1-2748,2026-T1,2026,Comuna 3 (Yesca Grande),Comuna 3,Comuna,Vivienda,Positivo,14,El proceso de postulación a vivienda fue claro.
PQR-2026T1-2749,2026-T1,2026,Comuna 3 (Yesca Grande),Comuna 3,Comuna,Vivienda,Negativo,17,Postulé al subsidio de vivienda y me rechazaron sin explicación clara.
PQR-2026T1-2750,2026-T1,2026,Comuna 3 (Yesca Grande),Comuna 3,Comuna,Vivienda,Positivo,18,El proceso de postulación a vivienda fue claro.
PQR-2026T1-2751,2026-T1,2026,Comuna 3 (Yesca Grande),Comuna 3,Comuna,Vivienda,Negativo,15,Postulé al subsidio de vivienda y me rechazaron sin explicación clara.
PQR-2026T1-2752,2026-T1,2026,Comuna 3 (Yesca Grande),Comuna 3,Comuna,Vivienda,Neutral,18,Solicito información sobre el subsidio de mejoramiento de vivienda.
PQR-2026T1-2753,2026-T1,2026,Comuna 3 (Yesca Grande),Comuna 3,Comuna,Vivienda,Neutral,15,Pregunto por las convocatorias de vivienda para población víctima.
PQR-2026T1-2754,2026-T1,2026,Comuna 3 (Yesca Grande),Comuna 3,Comuna,Vivienda,Negativo,12,La casa que me asignaron tiene problemas y nadie responde.
PQR-2026T1-2755,2026-T1,2026,Comuna 3 (Yesca Grande),Comuna 3,Comuna,Vivienda,Negativo,14,Postulé al subsidio de vivienda y me rechazaron sin explicación clara.
PQR-2026T1-2756,2026-T1,2026,Comuna 3 (Yesca Grande),Comuna 3,Comuna,Salud y atención psicosocial,Negativo,17,Necesito atención psicosocial y me dan citas para dentro de meses.
PQR-2026T1-2757,2026-T1,2026,Comuna 3 (Yesca Grande),Comuna 3,Comuna,Salud y atención psicosocial,Negativo,13,No hay profesionales suficientes para la atención en salud mental.
PQR-2026T1-2758,2026-T1,2026,Comuna 3 (Yesca Grande),Comuna 3,Comuna,Salud y atención psicosocial,Negativo,13,No hay profesionales suficientes para la atención en salud mental.
PQR-2026T1-2759,2026-T1,2026,Comuna 3 (Yesca Grande),Comuna 3,Comuna,Salud y atención psicosocial,Neutral,16,Solicito una cita de atención psicosocial para mi familia.
PQR-2026T1-2760,2026-T1,2026,Comuna 3 (Yesca Grande),Comuna 3,Comuna,Salud y atención psicosocial,Positivo,16,"Recibí buena orientación en salud, quedé satisfecho."
PQR-2026T1-2761,2026-T1,2026,Comuna 3 (Yesca Grande),Comuna 3,Comuna,Salud y atención psicosocial,Neutral,11,Pregunto por el programa de atención en salud para víctimas.
PQR-2026T1-2762,2026-T1,2026,Comuna 3 (Yesca Grande),Comuna 3,Comuna,Salud y atención psicosocial,Negativo,15,No hay profesionales suficientes para la atención en salud mental.
PQR-2026T1-2763,2026-T1,2026,Comuna 3 (Yesca Grande),Comuna 3,Comuna,Salud y atención psicosocial,Positivo,18,"Recibí buena orientación en salud, quedé satisfecho."
PQR-2026T1-2764,2026-T1,2026,Comuna 3 (Yesca Grande),Comuna 3,Comuna,Salud y atención psicosocial,Negativo,11,No hay profesionales suficientes para la atención en salud mental.
PQR-2026T1-2765,2026-T1,2026,Comuna 3 (Yesca Grande),Comuna 3,Comuna,Salud y atención psicosocial,Neutral,18,Pregunto por el programa de atención en salud para víctimas.
PQR-2026T1-2766,2026-T1,2026,Comuna 3 (Yesca Grande),Comuna 3,Comuna,Salud y atención psicosocial,Negativo,14,Necesito atención psicosocial y me dan citas para dentro de meses.
PQR-2026T1-2767,2026-T1,2026,Comuna 3 (Yesca Grande),Comuna 3,Comuna,Salud y atención psicosocial,Negativo,11,Necesito atención psicosocial y me dan citas para dentro de meses.
PQR-2026T1-2768,2026-T1,2026,Comuna 3 (Yesca Grande),Comuna 3,Comuna,Salud y atención psicosocial,Positivo,14,"Recibí buena orientación en salud, quedé satisfecho."
PQR-2026T1-2769,2026-T1,2026,Comuna 3 (Yesca Grande),Comuna 3,Comuna,Salud y atención psicosocial,Neutral,12,Pregunto por el programa de atención en salud para víctimas.
PQR-2026T1-2770,2026-T1,2026,Comuna 3 (Yesca Grande),Comuna 3,Comuna,Salud y atención psicosocial,Neutral,16,Pregunto por el programa de atención en salud para víctimas.
PQR-2026T1-2771,2026-T1,2026,Comuna 3 (Yesca Grande),Comuna 3,Comuna,Salud y atención psicosocial,Negativo,17,Necesito atención psicosocial y me dan citas para dentro de meses.
PQR-2026T1-2772,2026-T1,2026,Comuna 3 (Yesca Grande),Comuna 3,Comuna,Salud y atención psicosocial,Negativo,15,No hay profesionales suficientes para la atención en salud mental.
PQR-2026T1-2773,2026-T1,2026,Comuna 3 (Yesca Grande),Comuna 3,Comuna,Salud y atención psicosocial,Positivo,16,"La atención psicosocial me ha ayudado mucho, gracias al equipo."
PQR-2026T1-2774,2026-T1,2026,Comuna 3 (Yesca Grande),Comuna 3,Comuna,Salud y atención psicosocial,Positivo,16,"Recibí buena orientación en salud, quedé satisfecho."
PQR-2026T1-2775,2026-T1,2026,Comuna 3 (Yesca Grande),Comuna 3,Comuna,Salud y atención psicosocial,Negativo,13,Necesito atención psicosocial y me dan citas para dentro de meses.
PQR-2026T1-2776,2026-T1,2026,Comuna 3 (Yesca Grande),Comuna 3,Comuna,Salud y atención psicosocial,Positivo,15,"La atención psicosocial me ha ayudado mucho, gracias al equipo."
PQR-2026T1-2777,2026-T1,2026,Comuna 3 (Yesca Grande),Comuna 3,Comuna,Educación,Positivo,12,"Mi hija obtuvo el apoyo educativo, muy agradecida."
PQR-2026T1-2778,2026-T1,2026,Comuna 3 (Yesca Grande),Comuna 3,Comuna,Educación,Negativo,15,Mi hijo no ha podido acceder al beneficio educativo prometido.
PQR-2026T1-2779,2026-T1,2026,Comuna 3 (Yesca Grande),Comuna 3,Comuna,Educación,Negativo,14,Falta información sobre los cupos educativos para víctimas.
PQR-2026T1-2780,2026-T1,2026,Comuna 3 (Yesca Grande),Comuna 3,Comuna,Educación,Positivo,18,"Mi hija obtuvo el apoyo educativo, muy agradecida."
PQR-2026T1-2781,2026-T1,2026,Comuna 3 (Yesca Grande),Comuna 3,Comuna,Educación,Positivo,15,La orientación sobre educación superior fue útil.
PQR-2026T1-2782,2026-T1,2026,Comuna 3 (Yesca Grande),Comuna 3,Comuna,Educación,Positivo,15,"Mi hija obtuvo el apoyo educativo, muy agradecida."
PQR-2026T1-2783,2026-T1,2026,Comuna 3 (Yesca Grande),Comuna 3,Comuna,Educación,Negativo,13,Falta información sobre los cupos educativos para víctimas.
PQR-2026T1-2784,2026-T1,2026,Comuna 3 (Yesca Grande),Comuna 3,Comuna,Educación,Positivo,18,La orientación sobre educación superior fue útil.
PQR-2026T1-2785,2026-T1,2026,Comuna 3 (Yesca Grande),Comuna 3,Comuna,Educación,Positivo,12,"Mi hija obtuvo el apoyo educativo, muy agradecida."
PQR-2026T1-2786,2026-T1,2026,Comuna 3 (Yesca Grande),Comuna 3,Comuna,Registro / inclusión RUV,Negativo,14,Llevo meses esperando que me incluyan en el RUV y no hay respuesta.
PQR-2026T1-2787,2026-T1,2026,Comuna 3 (Yesca Grande),Comuna 3,Comuna,Registro / inclusión RUV,Negativo,16,Llevo meses esperando que me incluyan en el RUV y no hay respuesta.
PQR-2026T1-2788,2026-T1,2026,Comuna 3 (Yesca Grande),Comuna 3,Comuna,Registro / inclusión RUV,Positivo,18,"Me orientaron bien para la declaración, todo salió bien."
PQR-2026T1-2789,2026-T1,2026,Comuna 3 (Yesca Grande),Comuna 3,Comuna,Registro / inclusión RUV,Negativo,11,Me negaron la inclusión y no me explicaron los motivos.
PQR-2026T1-2790,2026-T1,2026,Comuna 3 (Yesca Grande),Comuna 3,Comuna,Registro / inclusión RUV,Negativo,15,Me negaron la inclusión y no me explicaron los motivos.
PQR-2026T1-2791,2026-T1,2026,Comuna 3 (Yesca Grande),Comuna 3,Comuna,Registro / inclusión RUV,Neutral,16,¿Qué debo hacer para actualizar mis datos en el RUV?
PQR-2026T1-2792,2026-T1,2026,Comuna 3 (Yesca Grande),Comuna 3,Comuna,Registro / inclusión RUV,Neutral,14,¿Qué debo hacer para actualizar mis datos en el RUV?
PQR-2026T1-2793,2026-T1,2026,Comuna 3 (Yesca Grande),Comuna 3,Comuna,Registro / inclusión RUV,Negativo,13,Llevo meses esperando que me incluyan en el RUV y no hay respuesta.
PQR-2026T1-2794,2026-T1,2026,Comuna 3 (Yesca Grande),Comuna 3,Comuna,Registro / inclusión RUV,Neutral,12,¿Qué debo hacer para actualizar mis datos en el RUV?
PQR-2026T1-2795,2026-T1,2026,Comuna 3 (Yesca Grande),Comuna 3,Comuna,Registro / inclusión RUV,Positivo,12,"Me orientaron bien para la declaración, todo salió bien."
PQR-2026T1-2796,2026-T1,2026,Comuna 3 (Yesca Grande),Comuna 3,Comuna,Registro / inclusión RUV,Negativo,15,Llevo meses esperando que me incluyan en el RUV y no hay respuesta.
PQR-2026T1-2797,2026-T1,2026,Comuna 3 (Yesca Grande),Comuna 3,Comuna,Registro / inclusión RUV,Positivo,18,"Me orientaron bien para la declaración, todo salió bien."
PQR-2026T1-2798,2026-T1,2026,Comuna 3 (Yesca Grande),Comuna 3,Comuna,Registro / inclusión RUV,Positivo,17,"Ya quedé incluido en el registro, agradezco la ayuda."
PQR-2026T1-2799,2026-T1,2026,Comuna 3 (Yesca Grande),Comuna 3,Comuna,Registro / inclusión RUV,Negativo,11,Me negaron la inclusión y no me explicaron los motivos.
PQR-2026T1-2800,2026-T1,2026,Comuna 3 (Yesca Grande),Comuna 3,Comuna,Registro / inclusión RUV,Negativo,18,Me negaron la inclusión y no me explicaron los motivos.
PQR-2026T1-2801,2026-T1,2026,Comuna 3 (Yesca Grande),Comuna 3,Comuna,Registro / inclusión RUV,Neutral,11,¿Qué debo hacer para actualizar mis datos en el RUV?
PQR-2026T1-2802,2026-T1,2026,Comuna 3 (Yesca Grande),Comuna 3,Comuna,Registro / inclusión RUV,Negativo,14,Me negaron la inclusión y no me explicaron los motivos.
PQR-2026T1-2803,2026-T1,2026,Comuna 3 (Yesca Grande),Comuna 3,Comuna,Registro / inclusión RUV,Positivo,15,"Me orientaron bien para la declaración, todo salió bien."
PQR-2026T1-2804,2026-T1,2026,Comuna 3 (Yesca Grande),Comuna 3,Comuna,Retornos y reubicación,Neutral,13,Pregunto por el plan de retorno para mi comunidad.
PQR-2026T1-2805,2026-T1,2026,Comuna 3 (Yesca Grande),Comuna 3,Comuna,Retornos y reubicación,Negativo,12,Solicité apoyo para el retorno y no hay condiciones de seguridad.
PQR-2026T1-2806,2026-T1,2026,Comuna 3 (Yesca Grande),Comuna 3,Comuna,Retornos y reubicación,Neutral,15,Pregunto por el plan de retorno para mi comunidad.
PQR-2026T1-2807,2026-T1,2026,Comuna 3 (Yesca Grande),Comuna 3,Comuna,Retornos y reubicación,Negativo,13,El proceso de reubicación está detenido hace tiempo.
PQR-2026T1-2808,2026-T1,2026,Comuna 3 (Yesca Grande),Comuna 3,Comuna,Retornos y reubicación,Negativo,11,El proceso de reubicación está detenido hace tiempo.
PQR-2026T1-2809,2026-T1,2026,Comuna 3 (Yesca Grande),Comuna 3,Comuna,Retornos y reubicación,Positivo,15,"El acompañamiento para el retorno fue bueno, gracias."
PQR-2026T1-2810,2026-T1,2026,Comuna 3 (Yesca Grande),Comuna 3,Comuna,Retornos y reubicación,Negativo,14,Solicité apoyo para el retorno y no hay condiciones de seguridad.
PQR-2026T1-2811,2026-T1,2026,Comuna 3 (Yesca Grande),Comuna 3,Comuna,Retornos y reubicación,Negativo,18,Solicité apoyo para el retorno y no hay condiciones de seguridad.
PQR-2026T1-2812,2026-T1,2026,Comuna 3 (Yesca Grande),Comuna 3,Comuna,Retornos y reubicación,Neutral,12,Solicito información sobre acompañamiento para reubicación.
PQR-2026T1-2813,2026-T1,2026,Comuna 3 (Yesca Grande),Comuna 3,Comuna,Retornos y reubicación,Neutral,14,Pregunto por el plan de retorno para mi comunidad.
PQR-2026T1-2814,2026-T1,2026,Comuna 3 (Yesca Grande),Comuna 3,Comuna,Retornos y reubicación,Neutral,16,Pregunto por el plan de retorno para mi comunidad.
PQR-2026T1-2815,2026-T1,2026,Comuna 3 (Yesca Grande),Comuna 3,Comuna,Retornos y reubicación,Negativo,11,El proceso de reubicación está detenido hace tiempo.
PQR-2026T1-2816,2026-T1,2026,Comuna 3 (Yesca Grande),Comuna 3,Comuna,Otros trámites,Negativo,16,Me han remitido de una oficina a otra sin resolver mi caso.
PQR-2026T1-2817,2026-T1,2026,Comuna 3 (Yesca Grande),Comuna 3,Comuna,Otros trámites,Positivo,15,La atención en ventanilla fue amable y rápida.
PQR-2026T1-2818,2026-T1,2026,Comuna 3 (Yesca Grande),Comuna 3,Comuna,Otros trámites,Positivo,14,Me resolvieron el trámite sin complicaciones.
PQR-2026T1-2819,2026-T1,2026,Comuna 3 (Yesca Grande),Comuna 3,Comuna,Otros trámites,Positivo,15,La atención en ventanilla fue amable y rápida.
PQR-2026T1-2820,2026-T1,2026,Comuna 3 (Yesca Grande),Comuna 3,Comuna,Otros trámites,Positivo,18,La atención en ventanilla fue amable y rápida.
PQR-2026T1-2821,2026-T1,2026,Comuna 3 (Yesca Grande),Comuna 3,Comuna,Otros trámites,Neutral,13,Pregunto por el horario de atención de la oficina.
PQR-2026T1-2822,2026-T1,2026,Comuna 3 (Yesca Grande),Comuna 3,Comuna,Otros trámites,Neutral,15,Solicito un certificado de mi condición de víctima.
PQR-2026T1-2823,2026-T1,2026,Comuna 3 (Yesca Grande),Comuna 3,Comuna,Otros trámites,Positivo,17,La atención en ventanilla fue amable y rápida.
PQR-2026T1-2824,2026-T1,2026,Comuna 3 (Yesca Grande),Comuna 3,Comuna,Otros trámites,Neutral,11,Solicito un certificado de mi condición de víctima.
PQR-2026T1-2825,2026-T1,2026,Comuna 4 (Niño Jesús),Comuna 4,Comuna,Ayuda humanitaria,Negativo,14,"Solicité el mercado de emergencia y nunca llegó, mi familia está pasando necesidad."
PQR-2026T1-2826,2026-T1,2026,Comuna 4 (Niño Jesús),Comuna 4,Comuna,Ayuda humanitaria,Negativo,11,"Solicité el mercado de emergencia y nunca llegó, mi familia está pasando necesidad."
PQR-2026T1-2827,2026-T1,2026,Comuna 4 (Niño Jesús),Comuna 4,Comuna,Ayuda humanitaria,Neutral,17,Quisiera saber qué documentos faltan para la ayuda humanitaria.
PQR-2026T1-2828,2026-T1,2026,Comuna 4 (Niño Jesús),Comuna 4,Comuna,Ayuda humanitaria,Neutral,12,Quisiera saber qué documentos faltan para la ayuda humanitaria.
PQR-2026T1-2829,2026-T1,2026,Comuna 4 (Niño Jesús),Comuna 4,Comuna,Ayuda humanitaria,Neutral,14,Quisiera saber qué documentos faltan para la ayuda humanitaria.
PQR-2026T1-2830,2026-T1,2026,Comuna 4 (Niño Jesús),Comuna 4,Comuna,Ayuda humanitaria,Positivo,17,"La atención para la ayuda de emergencia fue oportuna, gracias."
PQR-2026T1-2831,2026-T1,2026,Comuna 4 (Niño Jesús),Comuna 4,Comuna,Ayuda humanitaria,Neutral,18,Pregunto por el estado de mi solicitud de ayuda humanitaria inmediata.
PQR-2026T1-2832,2026-T1,2026,Comuna 4 (Niño Jesús),Comuna 4,Comuna,Ayuda humanitaria,Negativo,18,"Solicité el mercado de emergencia y nunca llegó, mi familia está pasando necesidad."
PQR-2026T1-2833,2026-T1,2026,Comuna 4 (Niño Jesús),Comuna 4,Comuna,Ayuda humanitaria,Positivo,17,"La atención para la ayuda de emergencia fue oportuna, gracias."
PQR-2026T1-2834,2026-T1,2026,Comuna 4 (Niño Jesús),Comuna 4,Comuna,Ayuda humanitaria,Neutral,13,Quisiera saber qué documentos faltan para la ayuda humanitaria.
PQR-2026T1-2835,2026-T1,2026,Comuna 4 (Niño Jesús),Comuna 4,Comuna,Ayuda humanitaria,Neutral,13,Quisiera saber qué documentos faltan para la ayuda humanitaria.
PQR-2026T1-2836,2026-T1,2026,Comuna 4 (Niño Jesús),Comuna 4,Comuna,Ayuda humanitaria,Positivo,15,"La atención para la ayuda de emergencia fue oportuna, gracias."
PQR-2026T1-2837,2026-T1,2026,Comuna 4 (Niño Jesús),Comuna 4,Comuna,Ayuda humanitaria,Positivo,18,Agradezco que me entregaron la ayuda humanitaria rápidamente.
PQR-2026T1-2838,2026-T1,2026,Comuna 4 (Niño Jesús),Comuna 4,Comuna,Ayuda humanitaria,Neutral,13,Pregunto por el estado de mi solicitud de ayuda humanitaria inmediata.
PQR-2026T1-2839,2026-T1,2026,Comuna 4 (Niño Jesús),Comuna 4,Comuna,Ayuda humanitaria,Positivo,16,"La atención para la ayuda de emergencia fue oportuna, gracias."
PQR-2026T1-2840,2026-T1,2026,Comuna 4 (Niño Jesús),Comuna 4,Comuna,Ayuda humanitaria,Negativo,14,Llevo tres meses esperando la ayuda humanitaria y no me han dado respuesta.
PQR-2026T1-2841,2026-T1,2026,Comuna 4 (Niño Jesús),Comuna 4,Comuna,Ayuda humanitaria,Negativo,13,Llevo tres meses esperando la ayuda humanitaria y no me han dado respuesta.
PQR-2026T1-2842,2026-T1,2026,Comuna 4 (Niño Jesús),Comuna 4,Comuna,Ayuda humanitaria,Neutral,18,Quisiera saber qué documentos faltan para la ayuda humanitaria.
PQR-2026T1-2843,2026-T1,2026,Comuna 4 (Niño Jesús),Comuna 4,Comuna,Ayuda humanitaria,Neutral,16,Quisiera saber qué documentos faltan para la ayuda humanitaria.
PQR-2026T1-2844,2026-T1,2026,Comuna 4 (Niño Jesús),Comuna 4,Comuna,Ayuda humanitaria,Neutral,13,Pregunto por el estado de mi solicitud de ayuda humanitaria inmediata.
PQR-2026T1-2845,2026-T1,2026,Comuna 4 (Niño Jesús),Comuna 4,Comuna,Ayuda humanitaria,Positivo,18,"La atención para la ayuda de emergencia fue oportuna, gracias."
PQR-2026T1-2846,2026-T1,2026,Comuna 4 (Niño Jesús),Comuna 4,Comuna,Ayuda humanitaria,Negativo,12,"Solicité el mercado de emergencia y nunca llegó, mi familia está pasando necesidad."
PQR-2026T1-2847,2026-T1,2026,Comuna 4 (Niño Jesús),Comuna 4,Comuna,Ayuda humanitaria,Negativo,17,"Solicité el mercado de emergencia y nunca llegó, mi familia está pasando necesidad."
PQR-2026T1-2848,2026-T1,2026,Comuna 4 (Niño Jesús),Comuna 4,Comuna,Ayuda humanitaria,Neutral,13,Quisiera saber qué documentos faltan para la ayuda humanitaria.
PQR-2026T1-2849,2026-T1,2026,Comuna 4 (Niño Jesús),Comuna 4,Comuna,Ayuda humanitaria,Positivo,16,Agradezco que me entregaron la ayuda humanitaria rápidamente.
PQR-2026T1-2850,2026-T1,2026,Comuna 4 (Niño Jesús),Comuna 4,Comuna,Ayuda humanitaria,Positivo,14,Agradezco que me entregaron la ayuda humanitaria rápidamente.
PQR-2026T1-2851,2026-T1,2026,Comuna 4 (Niño Jesús),Comuna 4,Comuna,Ayuda humanitaria,Neutral,17,Quisiera saber qué documentos faltan para la ayuda humanitaria.
PQR-2026T1-2852,2026-T1,2026,Comuna 4 (Niño Jesús),Comuna 4,Comuna,Ayuda humanitaria,Negativo,17,Llevo tres meses esperando la ayuda humanitaria y no me han dado respuesta.
PQR-2026T1-2853,2026-T1,2026,Comuna 4 (Niño Jesús),Comuna 4,Comuna,Ayuda humanitaria,Positivo,18,Agradezco que me entregaron la ayuda humanitaria rápidamente.
PQR-2026T1-2854,2026-T1,2026,Comuna 4 (Niño Jesús),Comuna 4,Comuna,Ayuda humanitaria,Neutral,18,Pregunto por el estado de mi solicitud de ayuda humanitaria inmediata.
PQR-2026T1-2855,2026-T1,2026,Comuna 4 (Niño Jesús),Comuna 4,Comuna,Ayuda humanitaria,Positivo,12,"La atención para la ayuda de emergencia fue oportuna, gracias."
PQR-2026T1-2856,2026-T1,2026,Comuna 4 (Niño Jesús),Comuna 4,Comuna,Ayuda humanitaria,Positivo,18,Agradezco que me entregaron la ayuda humanitaria rápidamente.
PQR-2026T1-2857,2026-T1,2026,Comuna 4 (Niño Jesús),Comuna 4,Comuna,Ayuda humanitaria,Positivo,15,Agradezco que me entregaron la ayuda humanitaria rápidamente.
PQR-2026T1-2858,2026-T1,2026,Comuna 4 (Niño Jesús),Comuna 4,Comuna,Ayuda humanitaria,Positivo,15,"La atención para la ayuda de emergencia fue oportuna, gracias."
PQR-2026T1-2859,2026-T1,2026,Comuna 4 (Niño Jesús),Comuna 4,Comuna,Ayuda humanitaria,Neutral,12,Quisiera saber qué documentos faltan para la ayuda humanitaria.
PQR-2026T1-2860,2026-T1,2026,Comuna 4 (Niño Jesús),Comuna 4,Comuna,Ayuda humanitaria,Neutral,13,Quisiera saber qué documentos faltan para la ayuda humanitaria.
PQR-2026T1-2861,2026-T1,2026,Comuna 4 (Niño Jesús),Comuna 4,Comuna,Ayuda humanitaria,Neutral,15,Pregunto por el estado de mi solicitud de ayuda humanitaria inmediata.
PQR-2026T1-2862,2026-T1,2026,Comuna 4 (Niño Jesús),Comuna 4,Comuna,Ayuda humanitaria,Negativo,12,Llevo tres meses esperando la ayuda humanitaria y no me han dado respuesta.
PQR-2026T1-2863,2026-T1,2026,Comuna 4 (Niño Jesús),Comuna 4,Comuna,Ayuda humanitaria,Negativo,16,Llevo tres meses esperando la ayuda humanitaria y no me han dado respuesta.
PQR-2026T1-2864,2026-T1,2026,Comuna 4 (Niño Jesús),Comuna 4,Comuna,Indemnización / reparación,Positivo,14,Me orientaron bien sobre el proceso de reparación.
PQR-2026T1-2865,2026-T1,2026,Comuna 4 (Niño Jesús),Comuna 4,Comuna,Indemnización / reparación,Neutral,14,¿Cómo consulto el estado de mi proceso de reparación?
PQR-2026T1-2866,2026-T1,2026,Comuna 4 (Niño Jesús),Comuna 4,Comuna,Indemnización / reparación,Negativo,12,"Fui incluido hace años y todavía no me llega la indemnización, es una injusticia."
PQR-2026T1-2867,2026-T1,2026,Comuna 4 (Niño Jesús),Comuna 4,Comuna,Indemnización / reparación,Negativo,11,No entiendo por qué a otros ya les pagaron la reparación y a mí no.
PQR-2026T1-2868,2026-T1,2026,Comuna 4 (Niño Jesús),Comuna 4,Comuna,Indemnización / reparación,Neutral,11,Solicito información sobre el turno de mi indemnización administrativa.
PQR-2026T1-2869,2026-T1,2026,Comuna 4 (Niño Jesús),Comuna 4,Comuna,Indemnización / reparación,Negativo,18,"Fui incluido hace años y todavía no me llega la indemnización, es una injusticia."
PQR-2026T1-2870,2026-T1,2026,Comuna 4 (Niño Jesús),Comuna 4,Comuna,Indemnización / reparación,Negativo,11,"Fui incluido hace años y todavía no me llega la indemnización, es una injusticia."
PQR-2026T1-2871,2026-T1,2026,Comuna 4 (Niño Jesús),Comuna 4,Comuna,Indemnización / reparación,Negativo,17,"Fui incluido hace años y todavía no me llega la indemnización, es una injusticia."
PQR-2026T1-2872,2026-T1,2026,Comuna 4 (Niño Jesús),Comuna 4,Comuna,Indemnización / reparación,Negativo,12,"Fui incluido hace años y todavía no me llega la indemnización, es una injusticia."
PQR-2026T1-2873,2026-T1,2026,Comuna 4 (Niño Jesús),Comuna 4,Comuna,Indemnización / reparación,Negativo,17,No entiendo por qué a otros ya les pagaron la reparación y a mí no.
PQR-2026T1-2874,2026-T1,2026,Comuna 4 (Niño Jesús),Comuna 4,Comuna,Indemnización / reparación,Negativo,12,"Fui incluido hace años y todavía no me llega la indemnización, es una injusticia."
PQR-2026T1-2875,2026-T1,2026,Comuna 4 (Niño Jesús),Comuna 4,Comuna,Indemnización / reparación,Negativo,18,"Fui incluido hace años y todavía no me llega la indemnización, es una injusticia."
PQR-2026T1-2876,2026-T1,2026,Comuna 4 (Niño Jesús),Comuna 4,Comuna,Indemnización / reparación,Negativo,11,"Fui incluido hace años y todavía no me llega la indemnización, es una injusticia."
PQR-2026T1-2877,2026-T1,2026,Comuna 4 (Niño Jesús),Comuna 4,Comuna,Indemnización / reparación,Neutral,11,Solicito información sobre el turno de mi indemnización administrativa.
PQR-2026T1-2878,2026-T1,2026,Comuna 4 (Niño Jesús),Comuna 4,Comuna,Indemnización / reparación,Negativo,15,"Fui incluido hace años y todavía no me llega la indemnización, es una injusticia."
PQR-2026T1-2879,2026-T1,2026,Comuna 4 (Niño Jesús),Comuna 4,Comuna,Indemnización / reparación,Negativo,15,No entiendo por qué a otros ya les pagaron la reparación y a mí no.
PQR-2026T1-2880,2026-T1,2026,Comuna 4 (Niño Jesús),Comuna 4,Comuna,Indemnización / reparación,Neutral,11,Solicito información sobre el turno de mi indemnización administrativa.
PQR-2026T1-2881,2026-T1,2026,Comuna 4 (Niño Jesús),Comuna 4,Comuna,Indemnización / reparación,Negativo,17,"Fui incluido hace años y todavía no me llega la indemnización, es una injusticia."
PQR-2026T1-2882,2026-T1,2026,Comuna 4 (Niño Jesús),Comuna 4,Comuna,Indemnización / reparación,Negativo,17,No entiendo por qué a otros ya les pagaron la reparación y a mí no.
PQR-2026T1-2883,2026-T1,2026,Comuna 4 (Niño Jesús),Comuna 4,Comuna,Indemnización / reparación,Negativo,16,"Fui incluido hace años y todavía no me llega la indemnización, es una injusticia."
PQR-2026T1-2884,2026-T1,2026,Comuna 4 (Niño Jesús),Comuna 4,Comuna,Indemnización / reparación,Negativo,13,No entiendo por qué a otros ya les pagaron la reparación y a mí no.
PQR-2026T1-2885,2026-T1,2026,Comuna 4 (Niño Jesús),Comuna 4,Comuna,Indemnización / reparación,Negativo,16,"Fui incluido hace años y todavía no me llega la indemnización, es una injusticia."
PQR-2026T1-2886,2026-T1,2026,Comuna 4 (Niño Jesús),Comuna 4,Comuna,Indemnización / reparación,Negativo,17,"Fui incluido hace años y todavía no me llega la indemnización, es una injusticia."
PQR-2026T1-2887,2026-T1,2026,Comuna 4 (Niño Jesús),Comuna 4,Comuna,Indemnización / reparación,Neutral,17,¿Cómo consulto el estado de mi proceso de reparación?
PQR-2026T1-2888,2026-T1,2026,Comuna 4 (Niño Jesús),Comuna 4,Comuna,Indemnización / reparación,Positivo,16,Me orientaron bien sobre el proceso de reparación.
PQR-2026T1-2889,2026-T1,2026,Comuna 4 (Niño Jesús),Comuna 4,Comuna,Indemnización / reparación,Negativo,18,"Fui incluido hace años y todavía no me llega la indemnización, es una injusticia."
PQR-2026T1-2890,2026-T1,2026,Comuna 4 (Niño Jesús),Comuna 4,Comuna,Indemnización / reparación,Neutral,18,¿Cómo consulto el estado de mi proceso de reparación?
PQR-2026T1-2891,2026-T1,2026,Comuna 4 (Niño Jesús),Comuna 4,Comuna,Indemnización / reparación,Neutral,15,¿Cómo consulto el estado de mi proceso de reparación?
PQR-2026T1-2892,2026-T1,2026,Comuna 4 (Niño Jesús),Comuna 4,Comuna,Indemnización / reparación,Negativo,17,No entiendo por qué a otros ya les pagaron la reparación y a mí no.
PQR-2026T1-2893,2026-T1,2026,Comuna 4 (Niño Jesús),Comuna 4,Comuna,Indemnización / reparación,Negativo,14,No entiendo por qué a otros ya les pagaron la reparación y a mí no.
PQR-2026T1-2894,2026-T1,2026,Comuna 4 (Niño Jesús),Comuna 4,Comuna,Indemnización / reparación,Neutral,18,¿Cómo consulto el estado de mi proceso de reparación?
PQR-2026T1-2895,2026-T1,2026,Comuna 4 (Niño Jesús),Comuna 4,Comuna,Indemnización / reparación,Neutral,11,¿Cómo consulto el estado de mi proceso de reparación?
PQR-2026T1-2896,2026-T1,2026,Comuna 4 (Niño Jesús),Comuna 4,Comuna,Indemnización / reparación,Neutral,17,Solicito información sobre el turno de mi indemnización administrativa.
PQR-2026T1-2897,2026-T1,2026,Comuna 4 (Niño Jesús),Comuna 4,Comuna,Indemnización / reparación,Negativo,14,No entiendo por qué a otros ya les pagaron la reparación y a mí no.
PQR-2026T1-2898,2026-T1,2026,Comuna 4 (Niño Jesús),Comuna 4,Comuna,Indemnización / reparación,Negativo,14,No entiendo por qué a otros ya les pagaron la reparación y a mí no.
PQR-2026T1-2899,2026-T1,2026,Comuna 4 (Niño Jesús),Comuna 4,Comuna,Indemnización / reparación,Negativo,17,No entiendo por qué a otros ya les pagaron la reparación y a mí no.
PQR-2026T1-2900,2026-T1,2026,Comuna 4 (Niño Jesús),Comuna 4,Comuna,Indemnización / reparación,Negativo,18,No entiendo por qué a otros ya les pagaron la reparación y a mí no.
PQR-2026T1-2901,2026-T1,2026,Comuna 4 (Niño Jesús),Comuna 4,Comuna,Vivienda,Neutral,10,Pregunto por las convocatorias de vivienda para población víctima.
PQR-2026T1-2902,2026-T1,2026,Comuna 4 (Niño Jesús),Comuna 4,Comuna,Vivienda,Negativo,14,Postulé al subsidio de vivienda y me rechazaron sin explicación clara.
PQR-2026T1-2903,2026-T1,2026,Comuna 4 (Niño Jesús),Comuna 4,Comuna,Vivienda,Positivo,16,"Me asignaron la vivienda, muy agradecido con el acompañamiento."
PQR-2026T1-2904,2026-T1,2026,Comuna 4 (Niño Jesús),Comuna 4,Comuna,Vivienda,Negativo,17,La casa que me asignaron tiene problemas y nadie responde.
PQR-2026T1-2905,2026-T1,2026,Comuna 4 (Niño Jesús),Comuna 4,Comuna,Vivienda,Negativo,15,La casa que me asignaron tiene problemas y nadie responde.
PQR-2026T1-2906,2026-T1,2026,Comuna 4 (Niño Jesús),Comuna 4,Comuna,Vivienda,Positivo,11,"Me asignaron la vivienda, muy agradecido con el acompañamiento."
PQR-2026T1-2907,2026-T1,2026,Comuna 4 (Niño Jesús),Comuna 4,Comuna,Vivienda,Neutral,15,Pregunto por las convocatorias de vivienda para población víctima.
PQR-2026T1-2908,2026-T1,2026,Comuna 4 (Niño Jesús),Comuna 4,Comuna,Vivienda,Negativo,17,Postulé al subsidio de vivienda y me rechazaron sin explicación clara.
PQR-2026T1-2909,2026-T1,2026,Comuna 4 (Niño Jesús),Comuna 4,Comuna,Vivienda,Positivo,14,El proceso de postulación a vivienda fue claro.
PQR-2026T1-2910,2026-T1,2026,Comuna 4 (Niño Jesús),Comuna 4,Comuna,Vivienda,Negativo,18,La casa que me asignaron tiene problemas y nadie responde.
PQR-2026T1-2911,2026-T1,2026,Comuna 4 (Niño Jesús),Comuna 4,Comuna,Vivienda,Neutral,18,Pregunto por las convocatorias de vivienda para población víctima.
PQR-2026T1-2912,2026-T1,2026,Comuna 4 (Niño Jesús),Comuna 4,Comuna,Vivienda,Negativo,15,La casa que me asignaron tiene problemas y nadie responde.
PQR-2026T1-2913,2026-T1,2026,Comuna 4 (Niño Jesús),Comuna 4,Comuna,Vivienda,Neutral,15,Solicito información sobre el subsidio de mejoramiento de vivienda.
PQR-2026T1-2914,2026-T1,2026,Comuna 4 (Niño Jesús),Comuna 4,Comuna,Vivienda,Neutral,15,Pregunto por las convocatorias de vivienda para población víctima.
PQR-2026T1-2915,2026-T1,2026,Comuna 4 (Niño Jesús),Comuna 4,Comuna,Vivienda,Negativo,12,La casa que me asignaron tiene problemas y nadie responde.
PQR-2026T1-2916,2026-T1,2026,Comuna 4 (Niño Jesús),Comuna 4,Comuna,Salud y atención psicosocial,Negativo,16,No hay profesionales suficientes para la atención en salud mental.
PQR-2026T1-2917,2026-T1,2026,Comuna 4 (Niño Jesús),Comuna 4,Comuna,Salud y atención psicosocial,Neutral,15,Pregunto por el programa de atención en salud para víctimas.
PQR-2026T1-2918,2026-T1,2026,Comuna 4 (Niño Jesús),Comuna 4,Comuna,Salud y atención psicosocial,Positivo,17,"Recibí buena orientación en salud, quedé satisfecho."
PQR-2026T1-2919,2026-T1,2026,Comuna 4 (Niño Jesús),Comuna 4,Comuna,Salud y atención psicosocial,Neutral,15,Solicito una cita de atención psicosocial para mi familia.
PQR-2026T1-2920,2026-T1,2026,Comuna 4 (Niño Jesús),Comuna 4,Comuna,Salud y atención psicosocial,Negativo,18,No hay profesionales suficientes para la atención en salud mental.
PQR-2026T1-2921,2026-T1,2026,Comuna 4 (Niño Jesús),Comuna 4,Comuna,Salud y atención psicosocial,Negativo,15,Necesito atención psicosocial y me dan citas para dentro de meses.
PQR-2026T1-2922,2026-T1,2026,Comuna 4 (Niño Jesús),Comuna 4,Comuna,Salud y atención psicosocial,Negativo,14,Necesito atención psicosocial y me dan citas para dentro de meses.
PQR-2026T1-2923,2026-T1,2026,Comuna 4 (Niño Jesús),Comuna 4,Comuna,Salud y atención psicosocial,Negativo,11,No hay profesionales suficientes para la atención en salud mental.
PQR-2026T1-2924,2026-T1,2026,Comuna 4 (Niño Jesús),Comuna 4,Comuna,Salud y atención psicosocial,Positivo,15,"Recibí buena orientación en salud, quedé satisfecho."
PQR-2026T1-2925,2026-T1,2026,Comuna 4 (Niño Jesús),Comuna 4,Comuna,Salud y atención psicosocial,Positivo,16,"La atención psicosocial me ha ayudado mucho, gracias al equipo."
PQR-2026T1-2926,2026-T1,2026,Comuna 4 (Niño Jesús),Comuna 4,Comuna,Salud y atención psicosocial,Neutral,16,Solicito una cita de atención psicosocial para mi familia.
PQR-2026T1-2927,2026-T1,2026,Comuna 4 (Niño Jesús),Comuna 4,Comuna,Educación,Positivo,14,La orientación sobre educación superior fue útil.
PQR-2026T1-2928,2026-T1,2026,Comuna 4 (Niño Jesús),Comuna 4,Comuna,Educación,Neutral,16,Solicito información sobre becas para estudiantes víctimas.
PQR-2026T1-2929,2026-T1,2026,Comuna 4 (Niño Jesús),Comuna 4,Comuna,Educación,Neutral,16,Pregunto por el apoyo educativo para el próximo semestre.
PQR-2026T1-2930,2026-T1,2026,Comuna 4 (Niño Jesús),Comuna 4,Comuna,Educación,Neutral,11,Solicito información sobre becas para estudiantes víctimas.
PQR-2026T1-2931,2026-T1,2026,Comuna 4 (Niño Jesús),Comuna 4,Comuna,Educación,Positivo,12,"Mi hija obtuvo el apoyo educativo, muy agradecida."
PQR-2026T1-2932,2026-T1,2026,Comuna 4 (Niño Jesús),Comuna 4,Comuna,Educación,Positivo,17,"Mi hija obtuvo el apoyo educativo, muy agradecida."
PQR-2026T1-2933,2026-T1,2026,Comuna 4 (Niño Jesús),Comuna 4,Comuna,Educación,Negativo,15,Mi hijo no ha podido acceder al beneficio educativo prometido.
PQR-2026T1-2934,2026-T1,2026,Comuna 4 (Niño Jesús),Comuna 4,Comuna,Educación,Neutral,13,Pregunto por el apoyo educativo para el próximo semestre.
PQR-2026T1-2935,2026-T1,2026,Comuna 4 (Niño Jesús),Comuna 4,Comuna,Registro / inclusión RUV,Negativo,11,Llevo meses esperando que me incluyan en el RUV y no hay respuesta.
PQR-2026T1-2936,2026-T1,2026,Comuna 4 (Niño Jesús),Comuna 4,Comuna,Registro / inclusión RUV,Neutral,14,¿Qué debo hacer para actualizar mis datos en el RUV?
PQR-2026T1-2937,2026-T1,2026,Comuna 4 (Niño Jesús),Comuna 4,Comuna,Registro / inclusión RUV,Positivo,17,"Ya quedé incluido en el registro, agradezco la ayuda."
PQR-2026T1-2938,2026-T1,2026,Comuna 4 (Niño Jesús),Comuna 4,Comuna,Registro / inclusión RUV,Neutral,13,Solicito información sobre mi estado en el Registro Único de Víctimas.
PQR-2026T1-2939,2026-T1,2026,Comuna 4 (Niño Jesús),Comuna 4,Comuna,Registro / inclusión RUV,Positivo,17,"Ya quedé incluido en el registro, agradezco la ayuda."
PQR-2026T1-2940,2026-T1,2026,Comuna 4 (Niño Jesús),Comuna 4,Comuna,Registro / inclusión RUV,Neutral,16,¿Qué debo hacer para actualizar mis datos en el RUV?
PQR-2026T1-2941,2026-T1,2026,Comuna 4 (Niño Jesús),Comuna 4,Comuna,Registro / inclusión RUV,Neutral,15,Solicito información sobre mi estado en el Registro Único de Víctimas.
PQR-2026T1-2942,2026-T1,2026,Comuna 4 (Niño Jesús),Comuna 4,Comuna,Registro / inclusión RUV,Positivo,13,"Ya quedé incluido en el registro, agradezco la ayuda."
PQR-2026T1-2943,2026-T1,2026,Comuna 4 (Niño Jesús),Comuna 4,Comuna,Registro / inclusión RUV,Negativo,12,Llevo meses esperando que me incluyan en el RUV y no hay respuesta.
PQR-2026T1-2944,2026-T1,2026,Comuna 4 (Niño Jesús),Comuna 4,Comuna,Registro / inclusión RUV,Positivo,17,"Me orientaron bien para la declaración, todo salió bien."
PQR-2026T1-2945,2026-T1,2026,Comuna 4 (Niño Jesús),Comuna 4,Comuna,Registro / inclusión RUV,Neutral,15,Solicito información sobre mi estado en el Registro Único de Víctimas.
PQR-2026T1-2946,2026-T1,2026,Comuna 4 (Niño Jesús),Comuna 4,Comuna,Registro / inclusión RUV,Positivo,18,"Ya quedé incluido en el registro, agradezco la ayuda."
PQR-2026T1-2947,2026-T1,2026,Comuna 4 (Niño Jesús),Comuna 4,Comuna,Registro / inclusión RUV,Negativo,15,Me negaron la inclusión y no me explicaron los motivos.
PQR-2026T1-2948,2026-T1,2026,Comuna 4 (Niño Jesús),Comuna 4,Comuna,Registro / inclusión RUV,Negativo,12,Me negaron la inclusión y no me explicaron los motivos.
PQR-2026T1-2949,2026-T1,2026,Comuna 4 (Niño Jesús),Comuna 4,Comuna,Registro / inclusión RUV,Positivo,16,"Ya quedé incluido en el registro, agradezco la ayuda."
PQR-2026T1-2950,2026-T1,2026,Comuna 4 (Niño Jesús),Comuna 4,Comuna,Registro / inclusión RUV,Negativo,14,Llevo meses esperando que me incluyan en el RUV y no hay respuesta.
PQR-2026T1-2951,2026-T1,2026,Comuna 4 (Niño Jesús),Comuna 4,Comuna,Registro / inclusión RUV,Positivo,17,"Me orientaron bien para la declaración, todo salió bien."
PQR-2026T1-2952,2026-T1,2026,Comuna 4 (Niño Jesús),Comuna 4,Comuna,Registro / inclusión RUV,Neutral,11,Solicito información sobre mi estado en el Registro Único de Víctimas.
PQR-2026T1-2953,2026-T1,2026,Comuna 4 (Niño Jesús),Comuna 4,Comuna,Registro / inclusión RUV,Negativo,12,Me negaron la inclusión y no me explicaron los motivos.
PQR-2026T1-2954,2026-T1,2026,Comuna 4 (Niño Jesús),Comuna 4,Comuna,Registro / inclusión RUV,Negativo,13,Me negaron la inclusión y no me explicaron los motivos.
PQR-2026T1-2955,2026-T1,2026,Comuna 4 (Niño Jesús),Comuna 4,Comuna,Retornos y reubicación,Neutral,12,Solicito información sobre acompañamiento para reubicación.
PQR-2026T1-2956,2026-T1,2026,Comuna 4 (Niño Jesús),Comuna 4,Comuna,Retornos y reubicación,Neutral,18,Pregunto por el plan de retorno para mi comunidad.
PQR-2026T1-2957,2026-T1,2026,Comuna 4 (Niño Jesús),Comuna 4,Comuna,Retornos y reubicación,Negativo,17,Solicité apoyo para el retorno y no hay condiciones de seguridad.
PQR-2026T1-2958,2026-T1,2026,Comuna 4 (Niño Jesús),Comuna 4,Comuna,Retornos y reubicación,Negativo,16,El proceso de reubicación está detenido hace tiempo.
PQR-2026T1-2959,2026-T1,2026,Comuna 4 (Niño Jesús),Comuna 4,Comuna,Retornos y reubicación,Positivo,15,Nos apoyaron en la reubicación de manera adecuada.
PQR-2026T1-2960,2026-T1,2026,Comuna 4 (Niño Jesús),Comuna 4,Comuna,Retornos y reubicación,Negativo,18,El proceso de reubicación está detenido hace tiempo.
PQR-2026T1-2961,2026-T1,2026,Comuna 4 (Niño Jesús),Comuna 4,Comuna,Retornos y reubicación,Neutral,12,Pregunto por el plan de retorno para mi comunidad.
PQR-2026T1-2962,2026-T1,2026,Comuna 4 (Niño Jesús),Comuna 4,Comuna,Retornos y reubicación,Negativo,13,Solicité apoyo para el retorno y no hay condiciones de seguridad.
PQR-2026T1-2963,2026-T1,2026,Comuna 4 (Niño Jesús),Comuna 4,Comuna,Otros trámites,Neutral,15,Pregunto por el horario de atención de la oficina.
PQR-2026T1-2964,2026-T1,2026,Comuna 4 (Niño Jesús),Comuna 4,Comuna,Otros trámites,Positivo,15,La atención en ventanilla fue amable y rápida.
PQR-2026T1-2965,2026-T1,2026,Comuna 4 (Niño Jesús),Comuna 4,Comuna,Otros trámites,Positivo,16,La atención en ventanilla fue amable y rápida.
PQR-2026T1-2966,2026-T1,2026,Comuna 4 (Niño Jesús),Comuna 4,Comuna,Otros trámites,Neutral,12,Solicito un certificado de mi condición de víctima.
PQR-2026T1-2967,2026-T1,2026,Comuna 4 (Niño Jesús),Comuna 4,Comuna,Otros trámites,Positivo,17,Me resolvieron el trámite sin complicaciones.
PQR-2026T1-2968,2026-T1,2026,Comuna 4 (Niño Jesús),Comuna 4,Comuna,Otros trámites,Positivo,12,Me resolvieron el trámite sin complicaciones.
PQR-2026T1-2969,2026-T1,2026,Comuna 4 (Niño Jesús),Comuna 4,Comuna,Otros trámites,Positivo,12,La atención en ventanilla fue amable y rápida.
PQR-2026T1-2970,2026-T1,2026,Comuna 5 (Cristo Rey),Comuna 5,Comuna,Ayuda humanitaria,Neutral,18,Quisiera saber qué documentos faltan para la ayuda humanitaria.
PQR-2026T1-2971,2026-T1,2026,Comuna 5 (Cristo Rey),Comuna 5,Comuna,Ayuda humanitaria,Neutral,11,Quisiera saber qué documentos faltan para la ayuda humanitaria.
PQR-2026T1-2972,2026-T1,2026,Comuna 5 (Cristo Rey),Comuna 5,Comuna,Ayuda humanitaria,Neutral,16,Pregunto por el estado de mi solicitud de ayuda humanitaria inmediata.
PQR-2026T1-2973,2026-T1,2026,Comuna 5 (Cristo Rey),Comuna 5,Comuna,Ayuda humanitaria,Negativo,17,Llevo tres meses esperando la ayuda humanitaria y no me han dado respuesta.
PQR-2026T1-2974,2026-T1,2026,Comuna 5 (Cristo Rey),Comuna 5,Comuna,Ayuda humanitaria,Positivo,14,Agradezco que me entregaron la ayuda humanitaria rápidamente.
PQR-2026T1-2975,2026-T1,2026,Comuna 5 (Cristo Rey),Comuna 5,Comuna,Ayuda humanitaria,Positivo,12,"La atención para la ayuda de emergencia fue oportuna, gracias."
PQR-2026T1-2976,2026-T1,2026,Comuna 5 (Cristo Rey),Comuna 5,Comuna,Ayuda humanitaria,Positivo,14,"La atención para la ayuda de emergencia fue oportuna, gracias."
PQR-2026T1-2977,2026-T1,2026,Comuna 5 (Cristo Rey),Comuna 5,Comuna,Ayuda humanitaria,Negativo,17,"Solicité el mercado de emergencia y nunca llegó, mi familia está pasando necesidad."
PQR-2026T1-2978,2026-T1,2026,Comuna 5 (Cristo Rey),Comuna 5,Comuna,Ayuda humanitaria,Neutral,15,Quisiera saber qué documentos faltan para la ayuda humanitaria.
PQR-2026T1-2979,2026-T1,2026,Comuna 5 (Cristo Rey),Comuna 5,Comuna,Ayuda humanitaria,Positivo,13,Agradezco que me entregaron la ayuda humanitaria rápidamente.
PQR-2026T1-2980,2026-T1,2026,Comuna 5 (Cristo Rey),Comuna 5,Comuna,Ayuda humanitaria,Neutral,15,Quisiera saber qué documentos faltan para la ayuda humanitaria.
PQR-2026T1-2981,2026-T1,2026,Comuna 5 (Cristo Rey),Comuna 5,Comuna,Ayuda humanitaria,Negativo,12,"Solicité el mercado de emergencia y nunca llegó, mi familia está pasando necesidad."
PQR-2026T1-2982,2026-T1,2026,Comuna 5 (Cristo Rey),Comuna 5,Comuna,Ayuda humanitaria,Positivo,11,Agradezco que me entregaron la ayuda humanitaria rápidamente.
PQR-2026T1-2983,2026-T1,2026,Comuna 5 (Cristo Rey),Comuna 5,Comuna,Ayuda humanitaria,Neutral,15,Pregunto por el estado de mi solicitud de ayuda humanitaria inmediata.
PQR-2026T1-2984,2026-T1,2026,Comuna 5 (Cristo Rey),Comuna 5,Comuna,Ayuda humanitaria,Positivo,11,Agradezco que me entregaron la ayuda humanitaria rápidamente.
PQR-2026T1-2985,2026-T1,2026,Comuna 5 (Cristo Rey),Comuna 5,Comuna,Ayuda humanitaria,Neutral,15,Pregunto por el estado de mi solicitud de ayuda humanitaria inmediata.
PQR-2026T1-2986,2026-T1,2026,Comuna 5 (Cristo Rey),Comuna 5,Comuna,Ayuda humanitaria,Neutral,14,Quisiera saber qué documentos faltan para la ayuda humanitaria.
PQR-2026T1-2987,2026-T1,2026,Comuna 5 (Cristo Rey),Comuna 5,Comuna,Ayuda humanitaria,Negativo,15,Llevo tres meses esperando la ayuda humanitaria y no me han dado respuesta.
PQR-2026T1-2988,2026-T1,2026,Comuna 5 (Cristo Rey),Comuna 5,Comuna,Ayuda humanitaria,Neutral,13,Pregunto por el estado de mi solicitud de ayuda humanitaria inmediata.
PQR-2026T1-2989,2026-T1,2026,Comuna 5 (Cristo Rey),Comuna 5,Comuna,Ayuda humanitaria,Positivo,17,Agradezco que me entregaron la ayuda humanitaria rápidamente.
PQR-2026T1-2990,2026-T1,2026,Comuna 5 (Cristo Rey),Comuna 5,Comuna,Ayuda humanitaria,Neutral,14,Pregunto por el estado de mi solicitud de ayuda humanitaria inmediata.
PQR-2026T1-2991,2026-T1,2026,Comuna 5 (Cristo Rey),Comuna 5,Comuna,Ayuda humanitaria,Positivo,18,"La atención para la ayuda de emergencia fue oportuna, gracias."
PQR-2026T1-2992,2026-T1,2026,Comuna 5 (Cristo Rey),Comuna 5,Comuna,Ayuda humanitaria,Positivo,13,"La atención para la ayuda de emergencia fue oportuna, gracias."
PQR-2026T1-2993,2026-T1,2026,Comuna 5 (Cristo Rey),Comuna 5,Comuna,Ayuda humanitaria,Positivo,15,"La atención para la ayuda de emergencia fue oportuna, gracias."
PQR-2026T1-2994,2026-T1,2026,Comuna 5 (Cristo Rey),Comuna 5,Comuna,Ayuda humanitaria,Positivo,13,"La atención para la ayuda de emergencia fue oportuna, gracias."
PQR-2026T1-2995,2026-T1,2026,Comuna 5 (Cristo Rey),Comuna 5,Comuna,Ayuda humanitaria,Positivo,16,"La atención para la ayuda de emergencia fue oportuna, gracias."
PQR-2026T1-2996,2026-T1,2026,Comuna 5 (Cristo Rey),Comuna 5,Comuna,Ayuda humanitaria,Neutral,13,Pregunto por el estado de mi solicitud de ayuda humanitaria inmediata.
PQR-2026T1-2997,2026-T1,2026,Comuna 5 (Cristo Rey),Comuna 5,Comuna,Ayuda humanitaria,Negativo,18,Llevo tres meses esperando la ayuda humanitaria y no me han dado respuesta.
PQR-2026T1-2998,2026-T1,2026,Comuna 5 (Cristo Rey),Comuna 5,Comuna,Ayuda humanitaria,Negativo,15,Llevo tres meses esperando la ayuda humanitaria y no me han dado respuesta.
PQR-2026T1-2999,2026-T1,2026,Comuna 5 (Cristo Rey),Comuna 5,Comuna,Ayuda humanitaria,Neutral,14,Pregunto por el estado de mi solicitud de ayuda humanitaria inmediata.
PQR-2026T1-3000,2026-T1,2026,Comuna 5 (Cristo Rey),Comuna 5,Comuna,Ayuda humanitaria,Neutral,15,Pregunto por el estado de mi solicitud de ayuda humanitaria inmediata.
PQR-2026T1-3001,2026-T1,2026,Comuna 5 (Cristo Rey),Comuna 5,Comuna,Ayuda humanitaria,Positivo,16,Agradezco que me entregaron la ayuda humanitaria rápidamente.
PQR-2026T1-3002,2026-T1,2026,Comuna 5 (Cristo Rey),Comuna 5,Comuna,Ayuda humanitaria,Negativo,16,Llevo tres meses esperando la ayuda humanitaria y no me han dado respuesta.
PQR-2026T1-3003,2026-T1,2026,Comuna 5 (Cristo Rey),Comuna 5,Comuna,Ayuda humanitaria,Positivo,16,Agradezco que me entregaron la ayuda humanitaria rápidamente.
PQR-2026T1-3004,2026-T1,2026,Comuna 5 (Cristo Rey),Comuna 5,Comuna,Ayuda humanitaria,Positivo,16,Agradezco que me entregaron la ayuda humanitaria rápidamente.
PQR-2026T1-3005,2026-T1,2026,Comuna 5 (Cristo Rey),Comuna 5,Comuna,Ayuda humanitaria,Positivo,16,Agradezco que me entregaron la ayuda humanitaria rápidamente.
PQR-2026T1-3006,2026-T1,2026,Comuna 5 (Cristo Rey),Comuna 5,Comuna,Ayuda humanitaria,Negativo,13,Llevo tres meses esperando la ayuda humanitaria y no me han dado respuesta.
PQR-2026T1-3007,2026-T1,2026,Comuna 5 (Cristo Rey),Comuna 5,Comuna,Ayuda humanitaria,Positivo,12,Agradezco que me entregaron la ayuda humanitaria rápidamente.
PQR-2026T1-3008,2026-T1,2026,Comuna 5 (Cristo Rey),Comuna 5,Comuna,Ayuda humanitaria,Negativo,11,Llevo tres meses esperando la ayuda humanitaria y no me han dado respuesta.
PQR-2026T1-3009,2026-T1,2026,Comuna 5 (Cristo Rey),Comuna 5,Comuna,Ayuda humanitaria,Positivo,16,Agradezco que me entregaron la ayuda humanitaria rápidamente.
PQR-2026T1-3010,2026-T1,2026,Comuna 5 (Cristo Rey),Comuna 5,Comuna,Indemnización / reparación,Neutral,12,¿Cómo consulto el estado de mi proceso de reparación?
PQR-2026T1-3011,2026-T1,2026,Comuna 5 (Cristo Rey),Comuna 5,Comuna,Indemnización / reparación,Negativo,11,No entiendo por qué a otros ya les pagaron la reparación y a mí no.
PQR-2026T1-3012,2026-T1,2026,Comuna 5 (Cristo Rey),Comuna 5,Comuna,Indemnización / reparación,Neutral,18,Solicito información sobre el turno de mi indemnización administrativa.
PQR-2026T1-3013,2026-T1,2026,Comuna 5 (Cristo Rey),Comuna 5,Comuna,Indemnización / reparación,Negativo,14,"Fui incluido hace años y todavía no me llega la indemnización, es una injusticia."
PQR-2026T1-3014,2026-T1,2026,Comuna 5 (Cristo Rey),Comuna 5,Comuna,Indemnización / reparación,Neutral,16,¿Cómo consulto el estado de mi proceso de reparación?
PQR-2026T1-3015,2026-T1,2026,Comuna 5 (Cristo Rey),Comuna 5,Comuna,Indemnización / reparación,Negativo,15,"Fui incluido hace años y todavía no me llega la indemnización, es una injusticia."
PQR-2026T1-3016,2026-T1,2026,Comuna 5 (Cristo Rey),Comuna 5,Comuna,Indemnización / reparación,Negativo,14,"Fui incluido hace años y todavía no me llega la indemnización, es una injusticia."
PQR-2026T1-3017,2026-T1,2026,Comuna 5 (Cristo Rey),Comuna 5,Comuna,Indemnización / reparación,Negativo,15,"Fui incluido hace años y todavía no me llega la indemnización, es una injusticia."
PQR-2026T1-3018,2026-T1,2026,Comuna 5 (Cristo Rey),Comuna 5,Comuna,Indemnización / reparación,Neutral,16,Solicito información sobre el turno de mi indemnización administrativa.
PQR-2026T1-3019,2026-T1,2026,Comuna 5 (Cristo Rey),Comuna 5,Comuna,Indemnización / reparación,Negativo,18,No entiendo por qué a otros ya les pagaron la reparación y a mí no.
PQR-2026T1-3020,2026-T1,2026,Comuna 5 (Cristo Rey),Comuna 5,Comuna,Indemnización / reparación,Positivo,14,Me orientaron bien sobre el proceso de reparación.
PQR-2026T1-3021,2026-T1,2026,Comuna 5 (Cristo Rey),Comuna 5,Comuna,Indemnización / reparación,Neutral,11,Solicito información sobre el turno de mi indemnización administrativa.
PQR-2026T1-3022,2026-T1,2026,Comuna 5 (Cristo Rey),Comuna 5,Comuna,Indemnización / reparación,Neutral,14,¿Cómo consulto el estado de mi proceso de reparación?
PQR-2026T1-3023,2026-T1,2026,Comuna 5 (Cristo Rey),Comuna 5,Comuna,Indemnización / reparación,Negativo,18,"Fui incluido hace años y todavía no me llega la indemnización, es una injusticia."
PQR-2026T1-3024,2026-T1,2026,Comuna 5 (Cristo Rey),Comuna 5,Comuna,Indemnización / reparación,Positivo,12,Me orientaron bien sobre el proceso de reparación.
PQR-2026T1-3025,2026-T1,2026,Comuna 5 (Cristo Rey),Comuna 5,Comuna,Indemnización / reparación,Negativo,15,No entiendo por qué a otros ya les pagaron la reparación y a mí no.
PQR-2026T1-3026,2026-T1,2026,Comuna 5 (Cristo Rey),Comuna 5,Comuna,Indemnización / reparación,Negativo,16,No entiendo por qué a otros ya les pagaron la reparación y a mí no.
PQR-2026T1-3027,2026-T1,2026,Comuna 5 (Cristo Rey),Comuna 5,Comuna,Indemnización / reparación,Negativo,18,No entiendo por qué a otros ya les pagaron la reparación y a mí no.
PQR-2026T1-3028,2026-T1,2026,Comuna 5 (Cristo Rey),Comuna 5,Comuna,Indemnización / reparación,Neutral,13,Solicito información sobre el turno de mi indemnización administrativa.
PQR-2026T1-3029,2026-T1,2026,Comuna 5 (Cristo Rey),Comuna 5,Comuna,Indemnización / reparación,Negativo,14,"Fui incluido hace años y todavía no me llega la indemnización, es una injusticia."
PQR-2026T1-3030,2026-T1,2026,Comuna 5 (Cristo Rey),Comuna 5,Comuna,Vivienda,Positivo,11,El proceso de postulación a vivienda fue claro.
PQR-2026T1-3031,2026-T1,2026,Comuna 5 (Cristo Rey),Comuna 5,Comuna,Vivienda,Positivo,13,El proceso de postulación a vivienda fue claro.
PQR-2026T1-3032,2026-T1,2026,Comuna 5 (Cristo Rey),Comuna 5,Comuna,Vivienda,Neutral,15,Solicito información sobre el subsidio de mejoramiento de vivienda.
PQR-2026T1-3033,2026-T1,2026,Comuna 5 (Cristo Rey),Comuna 5,Comuna,Vivienda,Neutral,15,Pregunto por las convocatorias de vivienda para población víctima.
PQR-2026T1-3034,2026-T1,2026,Comuna 5 (Cristo Rey),Comuna 5,Comuna,Vivienda,Negativo,12,Postulé al subsidio de vivienda y me rechazaron sin explicación clara.
PQR-2026T1-3035,2026-T1,2026,Comuna 5 (Cristo Rey),Comuna 5,Comuna,Vivienda,Negativo,14,Postulé al subsidio de vivienda y me rechazaron sin explicación clara.
PQR-2026T1-3036,2026-T1,2026,Comuna 5 (Cristo Rey),Comuna 5,Comuna,Vivienda,Positivo,17,El proceso de postulación a vivienda fue claro.
PQR-2026T1-3037,2026-T1,2026,Comuna 5 (Cristo Rey),Comuna 5,Comuna,Vivienda,Negativo,13,Postulé al subsidio de vivienda y me rechazaron sin explicación clara.
PQR-2026T1-3038,2026-T1,2026,Comuna 5 (Cristo Rey),Comuna 5,Comuna,Vivienda,Negativo,17,Postulé al subsidio de vivienda y me rechazaron sin explicación clara.
PQR-2026T1-3039,2026-T1,2026,Comuna 5 (Cristo Rey),Comuna 5,Comuna,Vivienda,Negativo,14,Postulé al subsidio de vivienda y me rechazaron sin explicación clara.
PQR-2026T1-3040,2026-T1,2026,Comuna 5 (Cristo Rey),Comuna 5,Comuna,Vivienda,Negativo,14,La casa que me asignaron tiene problemas y nadie responde.
PQR-2026T1-3041,2026-T1,2026,Comuna 5 (Cristo Rey),Comuna 5,Comuna,Vivienda,Negativo,14,La casa que me asignaron tiene problemas y nadie responde.
PQR-2026T1-3042,2026-T1,2026,Comuna 5 (Cristo Rey),Comuna 5,Comuna,Vivienda,Neutral,12,Solicito información sobre el subsidio de mejoramiento de vivienda.
PQR-2026T1-3043,2026-T1,2026,Comuna 5 (Cristo Rey),Comuna 5,Comuna,Vivienda,Positivo,11,"Me asignaron la vivienda, muy agradecido con el acompañamiento."
PQR-2026T1-3044,2026-T1,2026,Comuna 5 (Cristo Rey),Comuna 5,Comuna,Vivienda,Positivo,18,"Me asignaron la vivienda, muy agradecido con el acompañamiento."
PQR-2026T1-3045,2026-T1,2026,Comuna 5 (Cristo Rey),Comuna 5,Comuna,Vivienda,Neutral,16,Solicito información sobre el subsidio de mejoramiento de vivienda.
PQR-2026T1-3046,2026-T1,2026,Comuna 5 (Cristo Rey),Comuna 5,Comuna,Vivienda,Positivo,12,"Me asignaron la vivienda, muy agradecido con el acompañamiento."
PQR-2026T1-3047,2026-T1,2026,Comuna 5 (Cristo Rey),Comuna 5,Comuna,Vivienda,Negativo,17,Postulé al subsidio de vivienda y me rechazaron sin explicación clara.
PQR-2026T1-3048,2026-T1,2026,Comuna 5 (Cristo Rey),Comuna 5,Comuna,Vivienda,Negativo,15,Postulé al subsidio de vivienda y me rechazaron sin explicación clara.
PQR-2026T1-3049,2026-T1,2026,Comuna 5 (Cristo Rey),Comuna 5,Comuna,Vivienda,Negativo,11,Postulé al subsidio de vivienda y me rechazaron sin explicación clara.
PQR-2026T1-3050,2026-T1,2026,Comuna 5 (Cristo Rey),Comuna 5,Comuna,Vivienda,Neutral,10,Pregunto por las convocatorias de vivienda para población víctima.
PQR-2026T1-3051,2026-T1,2026,Comuna 5 (Cristo Rey),Comuna 5,Comuna,Vivienda,Negativo,15,La casa que me asignaron tiene problemas y nadie responde.
PQR-2026T1-3052,2026-T1,2026,Comuna 5 (Cristo Rey),Comuna 5,Comuna,Salud y atención psicosocial,Positivo,14,"Recibí buena orientación en salud, quedé satisfecho."
PQR-2026T1-3053,2026-T1,2026,Comuna 5 (Cristo Rey),Comuna 5,Comuna,Salud y atención psicosocial,Negativo,18,No hay profesionales suficientes para la atención en salud mental.
PQR-2026T1-3054,2026-T1,2026,Comuna 5 (Cristo Rey),Comuna 5,Comuna,Salud y atención psicosocial,Negativo,18,Necesito atención psicosocial y me dan citas para dentro de meses.
PQR-2026T1-3055,2026-T1,2026,Comuna 5 (Cristo Rey),Comuna 5,Comuna,Salud y atención psicosocial,Positivo,15,"Recibí buena orientación en salud, quedé satisfecho."
PQR-2026T1-3056,2026-T1,2026,Comuna 5 (Cristo Rey),Comuna 5,Comuna,Salud y atención psicosocial,Neutral,14,Solicito una cita de atención psicosocial para mi familia.
PQR-2026T1-3057,2026-T1,2026,Comuna 5 (Cristo Rey),Comuna 5,Comuna,Salud y atención psicosocial,Neutral,13,Solicito una cita de atención psicosocial para mi familia.
PQR-2026T1-3058,2026-T1,2026,Comuna 5 (Cristo Rey),Comuna 5,Comuna,Salud y atención psicosocial,Neutral,13,Pregunto por el programa de atención en salud para víctimas.
PQR-2026T1-3059,2026-T1,2026,Comuna 5 (Cristo Rey),Comuna 5,Comuna,Salud y atención psicosocial,Negativo,13,Necesito atención psicosocial y me dan citas para dentro de meses.
PQR-2026T1-3060,2026-T1,2026,Comuna 5 (Cristo Rey),Comuna 5,Comuna,Salud y atención psicosocial,Neutral,16,Solicito una cita de atención psicosocial para mi familia.
PQR-2026T1-3061,2026-T1,2026,Comuna 5 (Cristo Rey),Comuna 5,Comuna,Salud y atención psicosocial,Negativo,11,No hay profesionales suficientes para la atención en salud mental.
PQR-2026T1-3062,2026-T1,2026,Comuna 5 (Cristo Rey),Comuna 5,Comuna,Salud y atención psicosocial,Positivo,13,"La atención psicosocial me ha ayudado mucho, gracias al equipo."
PQR-2026T1-3063,2026-T1,2026,Comuna 5 (Cristo Rey),Comuna 5,Comuna,Salud y atención psicosocial,Neutral,16,Solicito una cita de atención psicosocial para mi familia.
PQR-2026T1-3064,2026-T1,2026,Comuna 5 (Cristo Rey),Comuna 5,Comuna,Salud y atención psicosocial,Positivo,17,"La atención psicosocial me ha ayudado mucho, gracias al equipo."
PQR-2026T1-3065,2026-T1,2026,Comuna 5 (Cristo Rey),Comuna 5,Comuna,Salud y atención psicosocial,Positivo,11,"Recibí buena orientación en salud, quedé satisfecho."
PQR-2026T1-3066,2026-T1,2026,Comuna 5 (Cristo Rey),Comuna 5,Comuna,Salud y atención psicosocial,Positivo,18,"La atención psicosocial me ha ayudado mucho, gracias al equipo."
PQR-2026T1-3067,2026-T1,2026,Comuna 5 (Cristo Rey),Comuna 5,Comuna,Salud y atención psicosocial,Neutral,11,Pregunto por el programa de atención en salud para víctimas.
PQR-2026T1-3068,2026-T1,2026,Comuna 5 (Cristo Rey),Comuna 5,Comuna,Salud y atención psicosocial,Negativo,12,Necesito atención psicosocial y me dan citas para dentro de meses.
PQR-2026T1-3069,2026-T1,2026,Comuna 5 (Cristo Rey),Comuna 5,Comuna,Salud y atención psicosocial,Negativo,12,Necesito atención psicosocial y me dan citas para dentro de meses.
PQR-2026T1-3070,2026-T1,2026,Comuna 5 (Cristo Rey),Comuna 5,Comuna,Salud y atención psicosocial,Positivo,14,"Recibí buena orientación en salud, quedé satisfecho."
PQR-2026T1-3071,2026-T1,2026,Comuna 5 (Cristo Rey),Comuna 5,Comuna,Salud y atención psicosocial,Neutral,14,Pregunto por el programa de atención en salud para víctimas.
PQR-2026T1-3072,2026-T1,2026,Comuna 5 (Cristo Rey),Comuna 5,Comuna,Salud y atención psicosocial,Neutral,11,Pregunto por el programa de atención en salud para víctimas.
PQR-2026T1-3073,2026-T1,2026,Comuna 5 (Cristo Rey),Comuna 5,Comuna,Salud y atención psicosocial,Neutral,16,Pregunto por el programa de atención en salud para víctimas.
PQR-2026T1-3074,2026-T1,2026,Comuna 5 (Cristo Rey),Comuna 5,Comuna,Educación,Neutral,13,Pregunto por el apoyo educativo para el próximo semestre.
PQR-2026T1-3075,2026-T1,2026,Comuna 5 (Cristo Rey),Comuna 5,Comuna,Educación,Negativo,13,Falta información sobre los cupos educativos para víctimas.
PQR-2026T1-3076,2026-T1,2026,Comuna 5 (Cristo Rey),Comuna 5,Comuna,Educación,Neutral,15,Solicito información sobre becas para estudiantes víctimas.
PQR-2026T1-3077,2026-T1,2026,Comuna 5 (Cristo Rey),Comuna 5,Comuna,Educación,Positivo,18,La orientación sobre educación superior fue útil.
PQR-2026T1-3078,2026-T1,2026,Comuna 5 (Cristo Rey),Comuna 5,Comuna,Educación,Neutral,13,Solicito información sobre becas para estudiantes víctimas.
PQR-2026T1-3079,2026-T1,2026,Comuna 5 (Cristo Rey),Comuna 5,Comuna,Educación,Neutral,17,Solicito información sobre becas para estudiantes víctimas.
PQR-2026T1-3080,2026-T1,2026,Comuna 5 (Cristo Rey),Comuna 5,Comuna,Educación,Negativo,15,Falta información sobre los cupos educativos para víctimas.
PQR-2026T1-3081,2026-T1,2026,Comuna 5 (Cristo Rey),Comuna 5,Comuna,Educación,Negativo,14,Mi hijo no ha podido acceder al beneficio educativo prometido.
PQR-2026T1-3082,2026-T1,2026,Comuna 5 (Cristo Rey),Comuna 5,Comuna,Educación,Neutral,10,Solicito información sobre becas para estudiantes víctimas.
PQR-2026T1-3083,2026-T1,2026,Comuna 5 (Cristo Rey),Comuna 5,Comuna,Educación,Neutral,16,Pregunto por el apoyo educativo para el próximo semestre.
PQR-2026T1-3084,2026-T1,2026,Comuna 5 (Cristo Rey),Comuna 5,Comuna,Registro / inclusión RUV,Negativo,13,Me negaron la inclusión y no me explicaron los motivos.
PQR-2026T1-3085,2026-T1,2026,Comuna 5 (Cristo Rey),Comuna 5,Comuna,Registro / inclusión RUV,Positivo,18,"Me orientaron bien para la declaración, todo salió bien."
PQR-2026T1-3086,2026-T1,2026,Comuna 5 (Cristo Rey),Comuna 5,Comuna,Registro / inclusión RUV,Negativo,18,Llevo meses esperando que me incluyan en el RUV y no hay respuesta.
PQR-2026T1-3087,2026-T1,2026,Comuna 5 (Cristo Rey),Comuna 5,Comuna,Registro / inclusión RUV,Positivo,12,"Me orientaron bien para la declaración, todo salió bien."
PQR-2026T1-3088,2026-T1,2026,Comuna 5 (Cristo Rey),Comuna 5,Comuna,Registro / inclusión RUV,Negativo,18,Llevo meses esperando que me incluyan en el RUV y no hay respuesta.
PQR-2026T1-3089,2026-T1,2026,Comuna 5 (Cristo Rey),Comuna 5,Comuna,Registro / inclusión RUV,Neutral,15,Solicito información sobre mi estado en el Registro Único de Víctimas.
PQR-2026T1-3090,2026-T1,2026,Comuna 5 (Cristo Rey),Comuna 5,Comuna,Registro / inclusión RUV,Neutral,13,Solicito información sobre mi estado en el Registro Único de Víctimas.
PQR-2026T1-3091,2026-T1,2026,Comuna 5 (Cristo Rey),Comuna 5,Comuna,Registro / inclusión RUV,Positivo,18,"Me orientaron bien para la declaración, todo salió bien."
PQR-2026T1-3092,2026-T1,2026,Comuna 5 (Cristo Rey),Comuna 5,Comuna,Registro / inclusión RUV,Positivo,13,"Ya quedé incluido en el registro, agradezco la ayuda."
PQR-2026T1-3093,2026-T1,2026,Comuna 5 (Cristo Rey),Comuna 5,Comuna,Registro / inclusión RUV,Positivo,15,"Me orientaron bien para la declaración, todo salió bien."
PQR-2026T1-3094,2026-T1,2026,Comuna 5 (Cristo Rey),Comuna 5,Comuna,Registro / inclusión RUV,Negativo,14,Me negaron la inclusión y no me explicaron los motivos.
PQR-2026T1-3095,2026-T1,2026,Comuna 5 (Cristo Rey),Comuna 5,Comuna,Registro / inclusión RUV,Negativo,18,Llevo meses esperando que me incluyan en el RUV y no hay respuesta.
PQR-2026T1-3096,2026-T1,2026,Comuna 5 (Cristo Rey),Comuna 5,Comuna,Registro / inclusión RUV,Negativo,15,Me negaron la inclusión y no me explicaron los motivos.
PQR-2026T1-3097,2026-T1,2026,Comuna 5 (Cristo Rey),Comuna 5,Comuna,Registro / inclusión RUV,Neutral,13,¿Qué debo hacer para actualizar mis datos en el RUV?
PQR-2026T1-3098,2026-T1,2026,Comuna 5 (Cristo Rey),Comuna 5,Comuna,Registro / inclusión RUV,Neutral,11,¿Qué debo hacer para actualizar mis datos en el RUV?
PQR-2026T1-3099,2026-T1,2026,Comuna 5 (Cristo Rey),Comuna 5,Comuna,Registro / inclusión RUV,Negativo,11,Llevo meses esperando que me incluyan en el RUV y no hay respuesta.
PQR-2026T1-3100,2026-T1,2026,Comuna 5 (Cristo Rey),Comuna 5,Comuna,Registro / inclusión RUV,Negativo,12,Me negaron la inclusión y no me explicaron los motivos.
PQR-2026T1-3101,2026-T1,2026,Comuna 5 (Cristo Rey),Comuna 5,Comuna,Registro / inclusión RUV,Neutral,14,Solicito información sobre mi estado en el Registro Único de Víctimas.
PQR-2026T1-3102,2026-T1,2026,Comuna 5 (Cristo Rey),Comuna 5,Comuna,Registro / inclusión RUV,Negativo,14,Llevo meses esperando que me incluyan en el RUV y no hay respuesta.
PQR-2026T1-3103,2026-T1,2026,Comuna 5 (Cristo Rey),Comuna 5,Comuna,Registro / inclusión RUV,Neutral,16,Solicito información sobre mi estado en el Registro Único de Víctimas.
PQR-2026T1-3104,2026-T1,2026,Comuna 5 (Cristo Rey),Comuna 5,Comuna,Registro / inclusión RUV,Positivo,16,"Ya quedé incluido en el registro, agradezco la ayuda."
PQR-2026T1-3105,2026-T1,2026,Comuna 5 (Cristo Rey),Comuna 5,Comuna,Retornos y reubicación,Neutral,14,Pregunto por el plan de retorno para mi comunidad.
PQR-2026T1-3106,2026-T1,2026,Comuna 5 (Cristo Rey),Comuna 5,Comuna,Retornos y reubicación,Neutral,17,Pregunto por el plan de retorno para mi comunidad.
PQR-2026T1-3107,2026-T1,2026,Comuna 5 (Cristo Rey),Comuna 5,Comuna,Retornos y reubicación,Neutral,14,Pregunto por el plan de retorno para mi comunidad.
PQR-2026T1-3108,2026-T1,2026,Comuna 5 (Cristo Rey),Comuna 5,Comuna,Retornos y reubicación,Negativo,16,El proceso de reubicación está detenido hace tiempo.
PQR-2026T1-3109,2026-T1,2026,Comuna 5 (Cristo Rey),Comuna 5,Comuna,Retornos y reubicación,Negativo,16,Solicité apoyo para el retorno y no hay condiciones de seguridad.
PQR-2026T1-3110,2026-T1,2026,Comuna 5 (Cristo Rey),Comuna 5,Comuna,Retornos y reubicación,Negativo,18,El proceso de reubicación está detenido hace tiempo.
PQR-2026T1-3111,2026-T1,2026,Comuna 5 (Cristo Rey),Comuna 5,Comuna,Retornos y reubicación,Negativo,17,El proceso de reubicación está detenido hace tiempo.
PQR-2026T1-3112,2026-T1,2026,Comuna 5 (Cristo Rey),Comuna 5,Comuna,Retornos y reubicación,Neutral,16,Pregunto por el plan de retorno para mi comunidad.
PQR-2026T1-3113,2026-T1,2026,Comuna 5 (Cristo Rey),Comuna 5,Comuna,Retornos y reubicación,Negativo,14,El proceso de reubicación está detenido hace tiempo.
PQR-2026T1-3114,2026-T1,2026,Comuna 5 (Cristo Rey),Comuna 5,Comuna,Retornos y reubicación,Neutral,16,Pregunto por el plan de retorno para mi comunidad.
PQR-2026T1-3115,2026-T1,2026,Comuna 5 (Cristo Rey),Comuna 5,Comuna,Retornos y reubicación,Negativo,15,El proceso de reubicación está detenido hace tiempo.
PQR-2026T1-3116,2026-T1,2026,Comuna 5 (Cristo Rey),Comuna 5,Comuna,Retornos y reubicación,Negativo,16,El proceso de reubicación está detenido hace tiempo.
PQR-2026T1-3117,2026-T1,2026,Comuna 5 (Cristo Rey),Comuna 5,Comuna,Retornos y reubicación,Negativo,17,Solicité apoyo para el retorno y no hay condiciones de seguridad.
PQR-2026T1-3118,2026-T1,2026,Comuna 5 (Cristo Rey),Comuna 5,Comuna,Otros trámites,Negativo,17,Me han remitido de una oficina a otra sin resolver mi caso.
PQR-2026T1-3119,2026-T1,2026,Comuna 5 (Cristo Rey),Comuna 5,Comuna,Otros trámites,Neutral,14,Pregunto por el horario de atención de la oficina.
PQR-2026T1-3120,2026-T1,2026,Comuna 5 (Cristo Rey),Comuna 5,Comuna,Otros trámites,Positivo,16,La atención en ventanilla fue amable y rápida.
PQR-2026T1-3121,2026-T1,2026,Comuna 5 (Cristo Rey),Comuna 5,Comuna,Otros trámites,Positivo,12,La atención en ventanilla fue amable y rápida.
PQR-2026T1-3122,2026-T1,2026,Comuna 5 (Cristo Rey),Comuna 5,Comuna,Otros trámites,Negativo,10,La fila de atención es muy larga y no alcanzan a atender.
PQR-2026T1-3123,2026-T1,2026,Comuna 5 (Cristo Rey),Comuna 5,Comuna,Otros trámites,Neutral,14,Solicito un certificado de mi condición de víctima.
PQR-2026T1-3124,2026-T1,2026,Comuna 5 (Cristo Rey),Comuna 5,Comuna,Otros trámites,Negativo,17,Me han remitido de una oficina a otra sin resolver mi caso.
PQR-2026T1-3125,2026-T1,2026,Comuna 6 (Huapango),Comuna 6,Comuna,Ayuda humanitaria,Negativo,14,Llevo tres meses esperando la ayuda humanitaria y no me han dado respuesta.
PQR-2026T1-3126,2026-T1,2026,Comuna 6 (Huapango),Comuna 6,Comuna,Ayuda humanitaria,Negativo,16,Llevo tres meses esperando la ayuda humanitaria y no me han dado respuesta.
PQR-2026T1-3127,2026-T1,2026,Comuna 6 (Huapango),Comuna 6,Comuna,Ayuda humanitaria,Negativo,18,"Solicité el mercado de emergencia y nunca llegó, mi familia está pasando necesidad."
PQR-2026T1-3128,2026-T1,2026,Comuna 6 (Huapango),Comuna 6,Comuna,Ayuda humanitaria,Positivo,12,Agradezco que me entregaron la ayuda humanitaria rápidamente.
PQR-2026T1-3129,2026-T1,2026,Comuna 6 (Huapango),Comuna 6,Comuna,Ayuda humanitaria,Negativo,17,Llevo tres meses esperando la ayuda humanitaria y no me han dado respuesta.
PQR-2026T1-3130,2026-T1,2026,Comuna 6 (Huapango),Comuna 6,Comuna,Ayuda humanitaria,Positivo,18,"La atención para la ayuda de emergencia fue oportuna, gracias."
PQR-2026T1-3131,2026-T1,2026,Comuna 6 (Huapango),Comuna 6,Comuna,Ayuda humanitaria,Negativo,14,Llevo tres meses esperando la ayuda humanitaria y no me han dado respuesta.
PQR-2026T1-3132,2026-T1,2026,Comuna 6 (Huapango),Comuna 6,Comuna,Ayuda humanitaria,Neutral,13,Quisiera saber qué documentos faltan para la ayuda humanitaria.
PQR-2026T1-3133,2026-T1,2026,Comuna 6 (Huapango),Comuna 6,Comuna,Ayuda humanitaria,Neutral,17,Pregunto por el estado de mi solicitud de ayuda humanitaria inmediata.
PQR-2026T1-3134,2026-T1,2026,Comuna 6 (Huapango),Comuna 6,Comuna,Ayuda humanitaria,Negativo,17,Llevo tres meses esperando la ayuda humanitaria y no me han dado respuesta.
PQR-2026T1-3135,2026-T1,2026,Comuna 6 (Huapango),Comuna 6,Comuna,Ayuda humanitaria,Neutral,18,Pregunto por el estado de mi solicitud de ayuda humanitaria inmediata.
PQR-2026T1-3136,2026-T1,2026,Comuna 6 (Huapango),Comuna 6,Comuna,Ayuda humanitaria,Negativo,14,"Solicité el mercado de emergencia y nunca llegó, mi familia está pasando necesidad."
PQR-2026T1-3137,2026-T1,2026,Comuna 6 (Huapango),Comuna 6,Comuna,Ayuda humanitaria,Neutral,11,Quisiera saber qué documentos faltan para la ayuda humanitaria.
PQR-2026T1-3138,2026-T1,2026,Comuna 6 (Huapango),Comuna 6,Comuna,Ayuda humanitaria,Negativo,12,Llevo tres meses esperando la ayuda humanitaria y no me han dado respuesta.
PQR-2026T1-3139,2026-T1,2026,Comuna 6 (Huapango),Comuna 6,Comuna,Ayuda humanitaria,Positivo,13,Agradezco que me entregaron la ayuda humanitaria rápidamente.
PQR-2026T1-3140,2026-T1,2026,Comuna 6 (Huapango),Comuna 6,Comuna,Ayuda humanitaria,Positivo,18,"La atención para la ayuda de emergencia fue oportuna, gracias."
PQR-2026T1-3141,2026-T1,2026,Comuna 6 (Huapango),Comuna 6,Comuna,Ayuda humanitaria,Negativo,18,Llevo tres meses esperando la ayuda humanitaria y no me han dado respuesta.
PQR-2026T1-3142,2026-T1,2026,Comuna 6 (Huapango),Comuna 6,Comuna,Ayuda humanitaria,Positivo,11,Agradezco que me entregaron la ayuda humanitaria rápidamente.
PQR-2026T1-3143,2026-T1,2026,Comuna 6 (Huapango),Comuna 6,Comuna,Ayuda humanitaria,Positivo,18,Agradezco que me entregaron la ayuda humanitaria rápidamente.
PQR-2026T1-3144,2026-T1,2026,Comuna 6 (Huapango),Comuna 6,Comuna,Ayuda humanitaria,Positivo,16,"La atención para la ayuda de emergencia fue oportuna, gracias."
PQR-2026T1-3145,2026-T1,2026,Comuna 6 (Huapango),Comuna 6,Comuna,Ayuda humanitaria,Positivo,15,Agradezco que me entregaron la ayuda humanitaria rápidamente.
PQR-2026T1-3146,2026-T1,2026,Comuna 6 (Huapango),Comuna 6,Comuna,Ayuda humanitaria,Negativo,17,"Solicité el mercado de emergencia y nunca llegó, mi familia está pasando necesidad."
PQR-2026T1-3147,2026-T1,2026,Comuna 6 (Huapango),Comuna 6,Comuna,Ayuda humanitaria,Positivo,12,"La atención para la ayuda de emergencia fue oportuna, gracias."
PQR-2026T1-3148,2026-T1,2026,Comuna 6 (Huapango),Comuna 6,Comuna,Ayuda humanitaria,Positivo,13,Agradezco que me entregaron la ayuda humanitaria rápidamente.
PQR-2026T1-3149,2026-T1,2026,Comuna 6 (Huapango),Comuna 6,Comuna,Ayuda humanitaria,Neutral,11,Pregunto por el estado de mi solicitud de ayuda humanitaria inmediata.
PQR-2026T1-3150,2026-T1,2026,Comuna 6 (Huapango),Comuna 6,Comuna,Ayuda humanitaria,Neutral,12,Quisiera saber qué documentos faltan para la ayuda humanitaria.
PQR-2026T1-3151,2026-T1,2026,Comuna 6 (Huapango),Comuna 6,Comuna,Ayuda humanitaria,Positivo,18,"La atención para la ayuda de emergencia fue oportuna, gracias."
PQR-2026T1-3152,2026-T1,2026,Comuna 6 (Huapango),Comuna 6,Comuna,Ayuda humanitaria,Neutral,16,Pregunto por el estado de mi solicitud de ayuda humanitaria inmediata.
PQR-2026T1-3153,2026-T1,2026,Comuna 6 (Huapango),Comuna 6,Comuna,Ayuda humanitaria,Positivo,12,Agradezco que me entregaron la ayuda humanitaria rápidamente.
PQR-2026T1-3154,2026-T1,2026,Comuna 6 (Huapango),Comuna 6,Comuna,Ayuda humanitaria,Positivo,13,Agradezco que me entregaron la ayuda humanitaria rápidamente.
PQR-2026T1-3155,2026-T1,2026,Comuna 6 (Huapango),Comuna 6,Comuna,Ayuda humanitaria,Neutral,11,Quisiera saber qué documentos faltan para la ayuda humanitaria.
PQR-2026T1-3156,2026-T1,2026,Comuna 6 (Huapango),Comuna 6,Comuna,Ayuda humanitaria,Neutral,18,Quisiera saber qué documentos faltan para la ayuda humanitaria.
PQR-2026T1-3157,2026-T1,2026,Comuna 6 (Huapango),Comuna 6,Comuna,Ayuda humanitaria,Negativo,18,"Solicité el mercado de emergencia y nunca llegó, mi familia está pasando necesidad."
PQR-2026T1-3158,2026-T1,2026,Comuna 6 (Huapango),Comuna 6,Comuna,Ayuda humanitaria,Neutral,18,Pregunto por el estado de mi solicitud de ayuda humanitaria inmediata.
PQR-2026T1-3159,2026-T1,2026,Comuna 6 (Huapango),Comuna 6,Comuna,Ayuda humanitaria,Neutral,11,Quisiera saber qué documentos faltan para la ayuda humanitaria.
PQR-2026T1-3160,2026-T1,2026,Comuna 6 (Huapango),Comuna 6,Comuna,Ayuda humanitaria,Positivo,15,Agradezco que me entregaron la ayuda humanitaria rápidamente.
PQR-2026T1-3161,2026-T1,2026,Comuna 6 (Huapango),Comuna 6,Comuna,Ayuda humanitaria,Negativo,11,Llevo tres meses esperando la ayuda humanitaria y no me han dado respuesta.
PQR-2026T1-3162,2026-T1,2026,Comuna 6 (Huapango),Comuna 6,Comuna,Ayuda humanitaria,Negativo,13,Llevo tres meses esperando la ayuda humanitaria y no me han dado respuesta.
PQR-2026T1-3163,2026-T1,2026,Comuna 6 (Huapango),Comuna 6,Comuna,Ayuda humanitaria,Positivo,17,Agradezco que me entregaron la ayuda humanitaria rápidamente.
PQR-2026T1-3164,2026-T1,2026,Comuna 6 (Huapango),Comuna 6,Comuna,Ayuda humanitaria,Neutral,11,Pregunto por el estado de mi solicitud de ayuda humanitaria inmediata.
PQR-2026T1-3165,2026-T1,2026,Comuna 6 (Huapango),Comuna 6,Comuna,Ayuda humanitaria,Neutral,13,Quisiera saber qué documentos faltan para la ayuda humanitaria.
PQR-2026T1-3166,2026-T1,2026,Comuna 6 (Huapango),Comuna 6,Comuna,Ayuda humanitaria,Neutral,13,Pregunto por el estado de mi solicitud de ayuda humanitaria inmediata.
PQR-2026T1-3167,2026-T1,2026,Comuna 6 (Huapango),Comuna 6,Comuna,Ayuda humanitaria,Neutral,14,Pregunto por el estado de mi solicitud de ayuda humanitaria inmediata.
PQR-2026T1-3168,2026-T1,2026,Comuna 6 (Huapango),Comuna 6,Comuna,Ayuda humanitaria,Negativo,16,"Solicité el mercado de emergencia y nunca llegó, mi familia está pasando necesidad."
PQR-2026T1-3169,2026-T1,2026,Comuna 6 (Huapango),Comuna 6,Comuna,Ayuda humanitaria,Negativo,17,"Solicité el mercado de emergencia y nunca llegó, mi familia está pasando necesidad."
PQR-2026T1-3170,2026-T1,2026,Comuna 6 (Huapango),Comuna 6,Comuna,Indemnización / reparación,Negativo,14,No entiendo por qué a otros ya les pagaron la reparación y a mí no.
PQR-2026T1-3171,2026-T1,2026,Comuna 6 (Huapango),Comuna 6,Comuna,Indemnización / reparación,Negativo,16,"Fui incluido hace años y todavía no me llega la indemnización, es una injusticia."
PQR-2026T1-3172,2026-T1,2026,Comuna 6 (Huapango),Comuna 6,Comuna,Indemnización / reparación,Neutral,16,¿Cómo consulto el estado de mi proceso de reparación?
PQR-2026T1-3173,2026-T1,2026,Comuna 6 (Huapango),Comuna 6,Comuna,Indemnización / reparación,Neutral,16,Solicito información sobre el turno de mi indemnización administrativa.
PQR-2026T1-3174,2026-T1,2026,Comuna 6 (Huapango),Comuna 6,Comuna,Indemnización / reparación,Negativo,12,"Fui incluido hace años y todavía no me llega la indemnización, es una injusticia."
PQR-2026T1-3175,2026-T1,2026,Comuna 6 (Huapango),Comuna 6,Comuna,Indemnización / reparación,Negativo,14,No entiendo por qué a otros ya les pagaron la reparación y a mí no.
PQR-2026T1-3176,2026-T1,2026,Comuna 6 (Huapango),Comuna 6,Comuna,Indemnización / reparación,Neutral,16,Solicito información sobre el turno de mi indemnización administrativa.
PQR-2026T1-3177,2026-T1,2026,Comuna 6 (Huapango),Comuna 6,Comuna,Indemnización / reparación,Positivo,11,Me orientaron bien sobre el proceso de reparación.
PQR-2026T1-3178,2026-T1,2026,Comuna 6 (Huapango),Comuna 6,Comuna,Indemnización / reparación,Neutral,15,¿Cómo consulto el estado de mi proceso de reparación?
PQR-2026T1-3179,2026-T1,2026,Comuna 6 (Huapango),Comuna 6,Comuna,Indemnización / reparación,Neutral,11,¿Cómo consulto el estado de mi proceso de reparación?
PQR-2026T1-3180,2026-T1,2026,Comuna 6 (Huapango),Comuna 6,Comuna,Indemnización / reparación,Neutral,18,Solicito información sobre el turno de mi indemnización administrativa.
PQR-2026T1-3181,2026-T1,2026,Comuna 6 (Huapango),Comuna 6,Comuna,Indemnización / reparación,Neutral,18,¿Cómo consulto el estado de mi proceso de reparación?
PQR-2026T1-3182,2026-T1,2026,Comuna 6 (Huapango),Comuna 6,Comuna,Indemnización / reparación,Positivo,15,Me orientaron bien sobre el proceso de reparación.
PQR-2026T1-3183,2026-T1,2026,Comuna 6 (Huapango),Comuna 6,Comuna,Indemnización / reparación,Negativo,14,No entiendo por qué a otros ya les pagaron la reparación y a mí no.
PQR-2026T1-3184,2026-T1,2026,Comuna 6 (Huapango),Comuna 6,Comuna,Indemnización / reparación,Positivo,11,"Por fin recibí la indemnización, agradezco la gestión de la oficina."
PQR-2026T1-3185,2026-T1,2026,Comuna 6 (Huapango),Comuna 6,Comuna,Indemnización / reparación,Negativo,17,No entiendo por qué a otros ya les pagaron la reparación y a mí no.
PQR-2026T1-3186,2026-T1,2026,Comuna 6 (Huapango),Comuna 6,Comuna,Indemnización / reparación,Positivo,12,Me orientaron bien sobre el proceso de reparación.
PQR-2026T1-3187,2026-T1,2026,Comuna 6 (Huapango),Comuna 6,Comuna,Indemnización / reparación,Negativo,17,"Fui incluido hace años y todavía no me llega la indemnización, es una injusticia."
PQR-2026T1-3188,2026-T1,2026,Comuna 6 (Huapango),Comuna 6,Comuna,Indemnización / reparación,Negativo,14,"Fui incluido hace años y todavía no me llega la indemnización, es una injusticia."
PQR-2026T1-3189,2026-T1,2026,Comuna 6 (Huapango),Comuna 6,Comuna,Indemnización / reparación,Neutral,18,¿Cómo consulto el estado de mi proceso de reparación?
PQR-2026T1-3190,2026-T1,2026,Comuna 6 (Huapango),Comuna 6,Comuna,Indemnización / reparación,Negativo,16,No entiendo por qué a otros ya les pagaron la reparación y a mí no.
PQR-2026T1-3191,2026-T1,2026,Comuna 6 (Huapango),Comuna 6,Comuna,Indemnización / reparación,Positivo,12,"Por fin recibí la indemnización, agradezco la gestión de la oficina."
PQR-2026T1-3192,2026-T1,2026,Comuna 6 (Huapango),Comuna 6,Comuna,Indemnización / reparación,Negativo,13,No entiendo por qué a otros ya les pagaron la reparación y a mí no.
PQR-2026T1-3193,2026-T1,2026,Comuna 6 (Huapango),Comuna 6,Comuna,Indemnización / reparación,Negativo,14,"Fui incluido hace años y todavía no me llega la indemnización, es una injusticia."
PQR-2026T1-3194,2026-T1,2026,Comuna 6 (Huapango),Comuna 6,Comuna,Indemnización / reparación,Negativo,15,"Fui incluido hace años y todavía no me llega la indemnización, es una injusticia."
PQR-2026T1-3195,2026-T1,2026,Comuna 6 (Huapango),Comuna 6,Comuna,Indemnización / reparación,Negativo,18,No entiendo por qué a otros ya les pagaron la reparación y a mí no.
PQR-2026T1-3196,2026-T1,2026,Comuna 6 (Huapango),Comuna 6,Comuna,Indemnización / reparación,Negativo,16,No entiendo por qué a otros ya les pagaron la reparación y a mí no.
PQR-2026T1-3197,2026-T1,2026,Comuna 6 (Huapango),Comuna 6,Comuna,Indemnización / reparación,Negativo,14,"Fui incluido hace años y todavía no me llega la indemnización, es una injusticia."
PQR-2026T1-3198,2026-T1,2026,Comuna 6 (Huapango),Comuna 6,Comuna,Indemnización / reparación,Neutral,15,Solicito información sobre el turno de mi indemnización administrativa.
PQR-2026T1-3199,2026-T1,2026,Comuna 6 (Huapango),Comuna 6,Comuna,Indemnización / reparación,Negativo,12,"Fui incluido hace años y todavía no me llega la indemnización, es una injusticia."
PQR-2026T1-3200,2026-T1,2026,Comuna 6 (Huapango),Comuna 6,Comuna,Indemnización / reparación,Negativo,14,"Fui incluido hace años y todavía no me llega la indemnización, es una injusticia."
PQR-2026T1-3201,2026-T1,2026,Comuna 6 (Huapango),Comuna 6,Comuna,Indemnización / reparación,Negativo,17,No entiendo por qué a otros ya les pagaron la reparación y a mí no.
PQR-2026T1-3202,2026-T1,2026,Comuna 6 (Huapango),Comuna 6,Comuna,Indemnización / reparación,Negativo,15,No entiendo por qué a otros ya les pagaron la reparación y a mí no.
PQR-2026T1-3203,2026-T1,2026,Comuna 6 (Huapango),Comuna 6,Comuna,Indemnización / reparación,Negativo,11,"Fui incluido hace años y todavía no me llega la indemnización, es una injusticia."
PQR-2026T1-3204,2026-T1,2026,Comuna 6 (Huapango),Comuna 6,Comuna,Indemnización / reparación,Neutral,13,Solicito información sobre el turno de mi indemnización administrativa.
PQR-2026T1-3205,2026-T1,2026,Comuna 6 (Huapango),Comuna 6,Comuna,Indemnización / reparación,Negativo,13,"Fui incluido hace años y todavía no me llega la indemnización, es una injusticia."
PQR-2026T1-3206,2026-T1,2026,Comuna 6 (Huapango),Comuna 6,Comuna,Vivienda,Negativo,12,La casa que me asignaron tiene problemas y nadie responde.
PQR-2026T1-3207,2026-T1,2026,Comuna 6 (Huapango),Comuna 6,Comuna,Vivienda,Positivo,12,El proceso de postulación a vivienda fue claro.
PQR-2026T1-3208,2026-T1,2026,Comuna 6 (Huapango),Comuna 6,Comuna,Vivienda,Negativo,12,La casa que me asignaron tiene problemas y nadie responde.
PQR-2026T1-3209,2026-T1,2026,Comuna 6 (Huapango),Comuna 6,Comuna,Vivienda,Negativo,12,Postulé al subsidio de vivienda y me rechazaron sin explicación clara.
PQR-2026T1-3210,2026-T1,2026,Comuna 6 (Huapango),Comuna 6,Comuna,Vivienda,Negativo,13,Postulé al subsidio de vivienda y me rechazaron sin explicación clara.
PQR-2026T1-3211,2026-T1,2026,Comuna 6 (Huapango),Comuna 6,Comuna,Vivienda,Negativo,12,Postulé al subsidio de vivienda y me rechazaron sin explicación clara.
PQR-2026T1-3212,2026-T1,2026,Comuna 6 (Huapango),Comuna 6,Comuna,Vivienda,Negativo,17,Postulé al subsidio de vivienda y me rechazaron sin explicación clara.
PQR-2026T1-3213,2026-T1,2026,Comuna 6 (Huapango),Comuna 6,Comuna,Vivienda,Negativo,13,Postulé al subsidio de vivienda y me rechazaron sin explicación clara.
PQR-2026T1-3214,2026-T1,2026,Comuna 6 (Huapango),Comuna 6,Comuna,Vivienda,Neutral,18,Pregunto por las convocatorias de vivienda para población víctima.
PQR-2026T1-3215,2026-T1,2026,Comuna 6 (Huapango),Comuna 6,Comuna,Vivienda,Negativo,16,Postulé al subsidio de vivienda y me rechazaron sin explicación clara.
PQR-2026T1-3216,2026-T1,2026,Comuna 6 (Huapango),Comuna 6,Comuna,Vivienda,Positivo,18,El proceso de postulación a vivienda fue claro.
PQR-2026T1-3217,2026-T1,2026,Comuna 6 (Huapango),Comuna 6,Comuna,Vivienda,Negativo,11,La casa que me asignaron tiene problemas y nadie responde.
PQR-2026T1-3218,2026-T1,2026,Comuna 6 (Huapango),Comuna 6,Comuna,Vivienda,Neutral,15,Pregunto por las convocatorias de vivienda para población víctima.
PQR-2026T1-3219,2026-T1,2026,Comuna 6 (Huapango),Comuna 6,Comuna,Vivienda,Positivo,15,El proceso de postulación a vivienda fue claro.
PQR-2026T1-3220,2026-T1,2026,Comuna 6 (Huapango),Comuna 6,Comuna,Vivienda,Neutral,12,Pregunto por las convocatorias de vivienda para población víctima.
PQR-2026T1-3221,2026-T1,2026,Comuna 6 (Huapango),Comuna 6,Comuna,Vivienda,Positivo,11,El proceso de postulación a vivienda fue claro.
PQR-2026T1-3222,2026-T1,2026,Comuna 6 (Huapango),Comuna 6,Comuna,Vivienda,Negativo,12,La casa que me asignaron tiene problemas y nadie responde.
PQR-2026T1-3223,2026-T1,2026,Comuna 6 (Huapango),Comuna 6,Comuna,Vivienda,Neutral,11,Pregunto por las convocatorias de vivienda para población víctima.
PQR-2026T1-3224,2026-T1,2026,Comuna 6 (Huapango),Comuna 6,Comuna,Vivienda,Negativo,17,La casa que me asignaron tiene problemas y nadie responde.
PQR-2026T1-3225,2026-T1,2026,Comuna 6 (Huapango),Comuna 6,Comuna,Vivienda,Neutral,12,Pregunto por las convocatorias de vivienda para población víctima.
PQR-2026T1-3226,2026-T1,2026,Comuna 6 (Huapango),Comuna 6,Comuna,Salud y atención psicosocial,Neutral,14,Solicito una cita de atención psicosocial para mi familia.
PQR-2026T1-3227,2026-T1,2026,Comuna 6 (Huapango),Comuna 6,Comuna,Salud y atención psicosocial,Neutral,18,Pregunto por el programa de atención en salud para víctimas.
PQR-2026T1-3228,2026-T1,2026,Comuna 6 (Huapango),Comuna 6,Comuna,Salud y atención psicosocial,Neutral,13,Solicito una cita de atención psicosocial para mi familia.
PQR-2026T1-3229,2026-T1,2026,Comuna 6 (Huapango),Comuna 6,Comuna,Salud y atención psicosocial,Positivo,16,"Recibí buena orientación en salud, quedé satisfecho."
PQR-2026T1-3230,2026-T1,2026,Comuna 6 (Huapango),Comuna 6,Comuna,Salud y atención psicosocial,Positivo,13,"Recibí buena orientación en salud, quedé satisfecho."
PQR-2026T1-3231,2026-T1,2026,Comuna 6 (Huapango),Comuna 6,Comuna,Salud y atención psicosocial,Neutral,15,Solicito una cita de atención psicosocial para mi familia.
PQR-2026T1-3232,2026-T1,2026,Comuna 6 (Huapango),Comuna 6,Comuna,Salud y atención psicosocial,Positivo,15,"La atención psicosocial me ha ayudado mucho, gracias al equipo."
PQR-2026T1-3233,2026-T1,2026,Comuna 6 (Huapango),Comuna 6,Comuna,Salud y atención psicosocial,Positivo,15,"Recibí buena orientación en salud, quedé satisfecho."
PQR-2026T1-3234,2026-T1,2026,Comuna 6 (Huapango),Comuna 6,Comuna,Salud y atención psicosocial,Negativo,15,Necesito atención psicosocial y me dan citas para dentro de meses.
PQR-2026T1-3235,2026-T1,2026,Comuna 6 (Huapango),Comuna 6,Comuna,Salud y atención psicosocial,Neutral,16,Pregunto por el programa de atención en salud para víctimas.
PQR-2026T1-3236,2026-T1,2026,Comuna 6 (Huapango),Comuna 6,Comuna,Salud y atención psicosocial,Negativo,13,Necesito atención psicosocial y me dan citas para dentro de meses.
PQR-2026T1-3237,2026-T1,2026,Comuna 6 (Huapango),Comuna 6,Comuna,Salud y atención psicosocial,Negativo,17,No hay profesionales suficientes para la atención en salud mental.
PQR-2026T1-3238,2026-T1,2026,Comuna 6 (Huapango),Comuna 6,Comuna,Salud y atención psicosocial,Negativo,17,No hay profesionales suficientes para la atención en salud mental.
PQR-2026T1-3239,2026-T1,2026,Comuna 6 (Huapango),Comuna 6,Comuna,Salud y atención psicosocial,Neutral,13,Solicito una cita de atención psicosocial para mi familia.
PQR-2026T1-3240,2026-T1,2026,Comuna 6 (Huapango),Comuna 6,Comuna,Salud y atención psicosocial,Positivo,13,"Recibí buena orientación en salud, quedé satisfecho."
PQR-2026T1-3241,2026-T1,2026,Comuna 6 (Huapango),Comuna 6,Comuna,Salud y atención psicosocial,Neutral,15,Pregunto por el programa de atención en salud para víctimas.
PQR-2026T1-3242,2026-T1,2026,Comuna 6 (Huapango),Comuna 6,Comuna,Salud y atención psicosocial,Negativo,11,No hay profesionales suficientes para la atención en salud mental.
PQR-2026T1-3243,2026-T1,2026,Comuna 6 (Huapango),Comuna 6,Comuna,Salud y atención psicosocial,Positivo,14,"Recibí buena orientación en salud, quedé satisfecho."
PQR-2026T1-3244,2026-T1,2026,Comuna 6 (Huapango),Comuna 6,Comuna,Salud y atención psicosocial,Negativo,15,No hay profesionales suficientes para la atención en salud mental.
PQR-2026T1-3245,2026-T1,2026,Comuna 6 (Huapango),Comuna 6,Comuna,Educación,Neutral,16,Solicito información sobre becas para estudiantes víctimas.
PQR-2026T1-3246,2026-T1,2026,Comuna 6 (Huapango),Comuna 6,Comuna,Educación,Negativo,13,Falta información sobre los cupos educativos para víctimas.
PQR-2026T1-3247,2026-T1,2026,Comuna 6 (Huapango),Comuna 6,Comuna,Educación,Positivo,12,"Mi hija obtuvo el apoyo educativo, muy agradecida."
PQR-2026T1-3248,2026-T1,2026,Comuna 6 (Huapango),Comuna 6,Comuna,Educación,Positivo,11,"Mi hija obtuvo el apoyo educativo, muy agradecida."
PQR-2026T1-3249,2026-T1,2026,Comuna 6 (Huapango),Comuna 6,Comuna,Educación,Positivo,17,"Mi hija obtuvo el apoyo educativo, muy agradecida."
PQR-2026T1-3250,2026-T1,2026,Comuna 6 (Huapango),Comuna 6,Comuna,Educación,Neutral,17,Pregunto por el apoyo educativo para el próximo semestre.
PQR-2026T1-3251,2026-T1,2026,Comuna 6 (Huapango),Comuna 6,Comuna,Educación,Neutral,14,Solicito información sobre becas para estudiantes víctimas.
PQR-2026T1-3252,2026-T1,2026,Comuna 6 (Huapango),Comuna 6,Comuna,Educación,Negativo,18,Mi hijo no ha podido acceder al beneficio educativo prometido.
PQR-2026T1-3253,2026-T1,2026,Comuna 6 (Huapango),Comuna 6,Comuna,Educación,Negativo,13,Falta información sobre los cupos educativos para víctimas.
PQR-2026T1-3254,2026-T1,2026,Comuna 6 (Huapango),Comuna 6,Comuna,Educación,Negativo,16,Falta información sobre los cupos educativos para víctimas.
PQR-2026T1-3255,2026-T1,2026,Comuna 6 (Huapango),Comuna 6,Comuna,Educación,Positivo,13,La orientación sobre educación superior fue útil.
PQR-2026T1-3256,2026-T1,2026,Comuna 6 (Huapango),Comuna 6,Comuna,Educación,Negativo,13,Falta información sobre los cupos educativos para víctimas.
PQR-2026T1-3257,2026-T1,2026,Comuna 6 (Huapango),Comuna 6,Comuna,Educación,Neutral,13,Pregunto por el apoyo educativo para el próximo semestre.
PQR-2026T1-3258,2026-T1,2026,Comuna 6 (Huapango),Comuna 6,Comuna,Registro / inclusión RUV,Neutral,18,¿Qué debo hacer para actualizar mis datos en el RUV?
PQR-2026T1-3259,2026-T1,2026,Comuna 6 (Huapango),Comuna 6,Comuna,Registro / inclusión RUV,Neutral,12,Solicito información sobre mi estado en el Registro Único de Víctimas.
PQR-2026T1-3260,2026-T1,2026,Comuna 6 (Huapango),Comuna 6,Comuna,Registro / inclusión RUV,Positivo,16,"Ya quedé incluido en el registro, agradezco la ayuda."
PQR-2026T1-3261,2026-T1,2026,Comuna 6 (Huapango),Comuna 6,Comuna,Registro / inclusión RUV,Neutral,13,¿Qué debo hacer para actualizar mis datos en el RUV?
PQR-2026T1-3262,2026-T1,2026,Comuna 6 (Huapango),Comuna 6,Comuna,Registro / inclusión RUV,Neutral,16,Solicito información sobre mi estado en el Registro Único de Víctimas.
PQR-2026T1-3263,2026-T1,2026,Comuna 6 (Huapango),Comuna 6,Comuna,Registro / inclusión RUV,Negativo,12,Me negaron la inclusión y no me explicaron los motivos.
PQR-2026T1-3264,2026-T1,2026,Comuna 6 (Huapango),Comuna 6,Comuna,Registro / inclusión RUV,Positivo,15,"Ya quedé incluido en el registro, agradezco la ayuda."
PQR-2026T1-3265,2026-T1,2026,Comuna 6 (Huapango),Comuna 6,Comuna,Registro / inclusión RUV,Negativo,18,Llevo meses esperando que me incluyan en el RUV y no hay respuesta.
PQR-2026T1-3266,2026-T1,2026,Comuna 6 (Huapango),Comuna 6,Comuna,Registro / inclusión RUV,Negativo,18,Llevo meses esperando que me incluyan en el RUV y no hay respuesta.
PQR-2026T1-3267,2026-T1,2026,Comuna 6 (Huapango),Comuna 6,Comuna,Registro / inclusión RUV,Negativo,12,Llevo meses esperando que me incluyan en el RUV y no hay respuesta.
PQR-2026T1-3268,2026-T1,2026,Comuna 6 (Huapango),Comuna 6,Comuna,Registro / inclusión RUV,Positivo,15,"Me orientaron bien para la declaración, todo salió bien."
PQR-2026T1-3269,2026-T1,2026,Comuna 6 (Huapango),Comuna 6,Comuna,Registro / inclusión RUV,Negativo,16,Llevo meses esperando que me incluyan en el RUV y no hay respuesta.
PQR-2026T1-3270,2026-T1,2026,Comuna 6 (Huapango),Comuna 6,Comuna,Retornos y reubicación,Negativo,15,Solicité apoyo para el retorno y no hay condiciones de seguridad.
PQR-2026T1-3271,2026-T1,2026,Comuna 6 (Huapango),Comuna 6,Comuna,Retornos y reubicación,Negativo,17,El proceso de reubicación está detenido hace tiempo.
PQR-2026T1-3272,2026-T1,2026,Comuna 6 (Huapango),Comuna 6,Comuna,Retornos y reubicación,Negativo,11,El proceso de reubicación está detenido hace tiempo.
PQR-2026T1-3273,2026-T1,2026,Comuna 6 (Huapango),Comuna 6,Comuna,Retornos y reubicación,Positivo,11,"El acompañamiento para el retorno fue bueno, gracias."
PQR-2026T1-3274,2026-T1,2026,Comuna 6 (Huapango),Comuna 6,Comuna,Retornos y reubicación,Neutral,16,Solicito información sobre acompañamiento para reubicación.
PQR-2026T1-3275,2026-T1,2026,Comuna 6 (Huapango),Comuna 6,Comuna,Retornos y reubicación,Neutral,18,Solicito información sobre acompañamiento para reubicación.
PQR-2026T1-3276,2026-T1,2026,Comuna 6 (Huapango),Comuna 6,Comuna,Retornos y reubicación,Negativo,13,Solicité apoyo para el retorno y no hay condiciones de seguridad.
PQR-2026T1-3277,2026-T1,2026,Comuna 6 (Huapango),Comuna 6,Comuna,Retornos y reubicación,Neutral,17,Solicito información sobre acompañamiento para reubicación.
PQR-2026T1-3278,2026-T1,2026,Comuna 6 (Huapango),Comuna 6,Comuna,Retornos y reubicación,Negativo,13,El proceso de reubicación está detenido hace tiempo.
PQR-2026T1-3279,2026-T1,2026,Comuna 6 (Huapango),Comuna 6,Comuna,Otros trámites,Negativo,18,Me han remitido de una oficina a otra sin resolver mi caso.
PQR-2026T1-3280,2026-T1,2026,Comuna 6 (Huapango),Comuna 6,Comuna,Otros trámites,Positivo,15,Me resolvieron el trámite sin complicaciones.
PQR-2026T1-3281,2026-T1,2026,Comuna 6 (Huapango),Comuna 6,Comuna,Otros trámites,Positivo,14,La atención en ventanilla fue amable y rápida.
PQR-2026T1-3282,2026-T1,2026,Comuna 6 (Huapango),Comuna 6,Comuna,Otros trámites,Positivo,15,Me resolvieron el trámite sin complicaciones.
PQR-2026T1-3283,2026-T1,2026,Comuna 6 (Huapango),Comuna 6,Comuna,Otros trámites,Positivo,13,La atención en ventanilla fue amable y rápida.
PQR-2026T1-3284,2026-T1,2026,Comuna 6 (Huapango),Comuna 6,Comuna,Otros trámites,Neutral,18,Solicito un certificado de mi condición de víctima.
PQR-2026T1-3285,2026-T1,2026,Comuna 6 (Huapango),Comuna 6,Comuna,Otros trámites,Negativo,16,La fila de atención es muy larga y no alcanzan a atender.
PQR-2026T1-3286,2026-T1,2026,Corregimiento Pacurita,Corregimiento Pacurita,Corregimiento,Ayuda humanitaria,Positivo,20,"La atención para la ayuda de emergencia fue oportuna, gracias."
PQR-2026T1-3287,2026-T1,2026,Corregimiento Pacurita,Corregimiento Pacurita,Corregimiento,Ayuda humanitaria,Negativo,16,"Solicité el mercado de emergencia y nunca llegó, mi familia está pasando necesidad."
PQR-2026T1-3288,2026-T1,2026,Corregimiento Pacurita,Corregimiento Pacurita,Corregimiento,Ayuda humanitaria,Negativo,21,Llevo tres meses esperando la ayuda humanitaria y no me han dado respuesta.
PQR-2026T1-3289,2026-T1,2026,Corregimiento Pacurita,Corregimiento Pacurita,Corregimiento,Ayuda humanitaria,Positivo,21,"La atención para la ayuda de emergencia fue oportuna, gracias."
PQR-2026T1-3290,2026-T1,2026,Corregimiento Pacurita,Corregimiento Pacurita,Corregimiento,Ayuda humanitaria,Positivo,24,"La atención para la ayuda de emergencia fue oportuna, gracias."
PQR-2026T1-3291,2026-T1,2026,Corregimiento Pacurita,Corregimiento Pacurita,Corregimiento,Ayuda humanitaria,Positivo,23,Agradezco que me entregaron la ayuda humanitaria rápidamente.
PQR-2026T1-3292,2026-T1,2026,Corregimiento Pacurita,Corregimiento Pacurita,Corregimiento,Ayuda humanitaria,Negativo,17,Llevo tres meses esperando la ayuda humanitaria y no me han dado respuesta.
PQR-2026T1-3293,2026-T1,2026,Corregimiento Pacurita,Corregimiento Pacurita,Corregimiento,Ayuda humanitaria,Positivo,24,Agradezco que me entregaron la ayuda humanitaria rápidamente.
PQR-2026T1-3294,2026-T1,2026,Corregimiento Pacurita,Corregimiento Pacurita,Corregimiento,Ayuda humanitaria,Positivo,18,"La atención para la ayuda de emergencia fue oportuna, gracias."
PQR-2026T1-3295,2026-T1,2026,Corregimiento Pacurita,Corregimiento Pacurita,Corregimiento,Ayuda humanitaria,Neutral,21,Quisiera saber qué documentos faltan para la ayuda humanitaria.
PQR-2026T1-3296,2026-T1,2026,Corregimiento Pacurita,Corregimiento Pacurita,Corregimiento,Ayuda humanitaria,Negativo,20,"Solicité el mercado de emergencia y nunca llegó, mi familia está pasando necesidad."
PQR-2026T1-3297,2026-T1,2026,Corregimiento Pacurita,Corregimiento Pacurita,Corregimiento,Ayuda humanitaria,Negativo,20,"Solicité el mercado de emergencia y nunca llegó, mi familia está pasando necesidad."
PQR-2026T1-3298,2026-T1,2026,Corregimiento Pacurita,Corregimiento Pacurita,Corregimiento,Ayuda humanitaria,Negativo,24,"Solicité el mercado de emergencia y nunca llegó, mi familia está pasando necesidad."
PQR-2026T1-3299,2026-T1,2026,Corregimiento Pacurita,Corregimiento Pacurita,Corregimiento,Ayuda humanitaria,Negativo,19,Llevo tres meses esperando la ayuda humanitaria y no me han dado respuesta.
PQR-2026T1-3300,2026-T1,2026,Corregimiento Pacurita,Corregimiento Pacurita,Corregimiento,Ayuda humanitaria,Neutral,19,Pregunto por el estado de mi solicitud de ayuda humanitaria inmediata.
PQR-2026T1-3301,2026-T1,2026,Corregimiento Pacurita,Corregimiento Pacurita,Corregimiento,Ayuda humanitaria,Positivo,21,"La atención para la ayuda de emergencia fue oportuna, gracias."
PQR-2026T1-3302,2026-T1,2026,Corregimiento Pacurita,Corregimiento Pacurita,Corregimiento,Ayuda humanitaria,Negativo,17,"Solicité el mercado de emergencia y nunca llegó, mi familia está pasando necesidad."
PQR-2026T1-3303,2026-T1,2026,Corregimiento Pacurita,Corregimiento Pacurita,Corregimiento,Ayuda humanitaria,Neutral,19,Quisiera saber qué documentos faltan para la ayuda humanitaria.
PQR-2026T1-3304,2026-T1,2026,Corregimiento Pacurita,Corregimiento Pacurita,Corregimiento,Ayuda humanitaria,Neutral,20,Pregunto por el estado de mi solicitud de ayuda humanitaria inmediata.
PQR-2026T1-3305,2026-T1,2026,Corregimiento Pacurita,Corregimiento Pacurita,Corregimiento,Ayuda humanitaria,Positivo,21,Agradezco que me entregaron la ayuda humanitaria rápidamente.
PQR-2026T1-3306,2026-T1,2026,Corregimiento Pacurita,Corregimiento Pacurita,Corregimiento,Ayuda humanitaria,Positivo,17,Agradezco que me entregaron la ayuda humanitaria rápidamente.
PQR-2026T1-3307,2026-T1,2026,Corregimiento Pacurita,Corregimiento Pacurita,Corregimiento,Ayuda humanitaria,Positivo,24,Agradezco que me entregaron la ayuda humanitaria rápidamente.
PQR-2026T1-3308,2026-T1,2026,Corregimiento Pacurita,Corregimiento Pacurita,Corregimiento,Ayuda humanitaria,Positivo,19,Agradezco que me entregaron la ayuda humanitaria rápidamente.
PQR-2026T1-3309,2026-T1,2026,Corregimiento Pacurita,Corregimiento Pacurita,Corregimiento,Ayuda humanitaria,Positivo,20,"La atención para la ayuda de emergencia fue oportuna, gracias."
PQR-2026T1-3310,2026-T1,2026,Corregimiento Pacurita,Corregimiento Pacurita,Corregimiento,Ayuda humanitaria,Negativo,23,Llevo tres meses esperando la ayuda humanitaria y no me han dado respuesta.
PQR-2026T1-3311,2026-T1,2026,Corregimiento Pacurita,Corregimiento Pacurita,Corregimiento,Ayuda humanitaria,Negativo,16,"Solicité el mercado de emergencia y nunca llegó, mi familia está pasando necesidad."
PQR-2026T1-3312,2026-T1,2026,Corregimiento Pacurita,Corregimiento Pacurita,Corregimiento,Indemnización / reparación,Negativo,19,"Fui incluido hace años y todavía no me llega la indemnización, es una injusticia."
PQR-2026T1-3313,2026-T1,2026,Corregimiento Pacurita,Corregimiento Pacurita,Corregimiento,Indemnización / reparación,Neutral,21,Solicito información sobre el turno de mi indemnización administrativa.
PQR-2026T1-3314,2026-T1,2026,Corregimiento Pacurita,Corregimiento Pacurita,Corregimiento,Indemnización / reparación,Negativo,19,"Fui incluido hace años y todavía no me llega la indemnización, es una injusticia."
PQR-2026T1-3315,2026-T1,2026,Corregimiento Pacurita,Corregimiento Pacurita,Corregimiento,Indemnización / reparación,Negativo,17,No entiendo por qué a otros ya les pagaron la reparación y a mí no.
PQR-2026T1-3316,2026-T1,2026,Corregimiento Pacurita,Corregimiento Pacurita,Corregimiento,Indemnización / reparación,Neutral,19,Solicito información sobre el turno de mi indemnización administrativa.
PQR-2026T1-3317,2026-T1,2026,Corregimiento Pacurita,Corregimiento Pacurita,Corregimiento,Indemnización / reparación,Positivo,23,"Por fin recibí la indemnización, agradezco la gestión de la oficina."
PQR-2026T1-3318,2026-T1,2026,Corregimiento Pacurita,Corregimiento Pacurita,Corregimiento,Indemnización / reparación,Negativo,22,"Fui incluido hace años y todavía no me llega la indemnización, es una injusticia."
PQR-2026T1-3319,2026-T1,2026,Corregimiento Pacurita,Corregimiento Pacurita,Corregimiento,Indemnización / reparación,Neutral,20,¿Cómo consulto el estado de mi proceso de reparación?
PQR-2026T1-3320,2026-T1,2026,Corregimiento Pacurita,Corregimiento Pacurita,Corregimiento,Indemnización / reparación,Negativo,23,"Fui incluido hace años y todavía no me llega la indemnización, es una injusticia."
PQR-2026T1-3321,2026-T1,2026,Corregimiento Pacurita,Corregimiento Pacurita,Corregimiento,Indemnización / reparación,Negativo,21,No entiendo por qué a otros ya les pagaron la reparación y a mí no.
PQR-2026T1-3322,2026-T1,2026,Corregimiento Pacurita,Corregimiento Pacurita,Corregimiento,Indemnización / reparación,Negativo,21,"Fui incluido hace años y todavía no me llega la indemnización, es una injusticia."
PQR-2026T1-3323,2026-T1,2026,Corregimiento Pacurita,Corregimiento Pacurita,Corregimiento,Indemnización / reparación,Neutral,17,Solicito información sobre el turno de mi indemnización administrativa.
PQR-2026T1-3324,2026-T1,2026,Corregimiento Pacurita,Corregimiento Pacurita,Corregimiento,Indemnización / reparación,Negativo,22,"Fui incluido hace años y todavía no me llega la indemnización, es una injusticia."
PQR-2026T1-3325,2026-T1,2026,Corregimiento Pacurita,Corregimiento Pacurita,Corregimiento,Indemnización / reparación,Negativo,18,No entiendo por qué a otros ya les pagaron la reparación y a mí no.
PQR-2026T1-3326,2026-T1,2026,Corregimiento Pacurita,Corregimiento Pacurita,Corregimiento,Indemnización / reparación,Negativo,18,No entiendo por qué a otros ya les pagaron la reparación y a mí no.
PQR-2026T1-3327,2026-T1,2026,Corregimiento Pacurita,Corregimiento Pacurita,Corregimiento,Indemnización / reparación,Neutral,20,Solicito información sobre el turno de mi indemnización administrativa.
PQR-2026T1-3328,2026-T1,2026,Corregimiento Pacurita,Corregimiento Pacurita,Corregimiento,Indemnización / reparación,Negativo,18,No entiendo por qué a otros ya les pagaron la reparación y a mí no.
PQR-2026T1-3329,2026-T1,2026,Corregimiento Pacurita,Corregimiento Pacurita,Corregimiento,Indemnización / reparación,Neutral,23,¿Cómo consulto el estado de mi proceso de reparación?
PQR-2026T1-3330,2026-T1,2026,Corregimiento Pacurita,Corregimiento Pacurita,Corregimiento,Indemnización / reparación,Negativo,21,No entiendo por qué a otros ya les pagaron la reparación y a mí no.
PQR-2026T1-3331,2026-T1,2026,Corregimiento Pacurita,Corregimiento Pacurita,Corregimiento,Indemnización / reparación,Neutral,18,Solicito información sobre el turno de mi indemnización administrativa.
PQR-2026T1-3332,2026-T1,2026,Corregimiento Pacurita,Corregimiento Pacurita,Corregimiento,Indemnización / reparación,Neutral,21,¿Cómo consulto el estado de mi proceso de reparación?
PQR-2026T1-3333,2026-T1,2026,Corregimiento Pacurita,Corregimiento Pacurita,Corregimiento,Indemnización / reparación,Negativo,23,"Fui incluido hace años y todavía no me llega la indemnización, es una injusticia."
PQR-2026T1-3334,2026-T1,2026,Corregimiento Pacurita,Corregimiento Pacurita,Corregimiento,Indemnización / reparación,Negativo,22,"Fui incluido hace años y todavía no me llega la indemnización, es una injusticia."
PQR-2026T1-3335,2026-T1,2026,Corregimiento Pacurita,Corregimiento Pacurita,Corregimiento,Indemnización / reparación,Negativo,18,No entiendo por qué a otros ya les pagaron la reparación y a mí no.
PQR-2026T1-3336,2026-T1,2026,Corregimiento Pacurita,Corregimiento Pacurita,Corregimiento,Indemnización / reparación,Negativo,23,"Fui incluido hace años y todavía no me llega la indemnización, es una injusticia."
PQR-2026T1-3337,2026-T1,2026,Corregimiento Pacurita,Corregimiento Pacurita,Corregimiento,Indemnización / reparación,Neutral,21,Solicito información sobre el turno de mi indemnización administrativa.
PQR-2026T1-3338,2026-T1,2026,Corregimiento Pacurita,Corregimiento Pacurita,Corregimiento,Indemnización / reparación,Neutral,20,Solicito información sobre el turno de mi indemnización administrativa.
PQR-2026T1-3339,2026-T1,2026,Corregimiento Pacurita,Corregimiento Pacurita,Corregimiento,Indemnización / reparación,Negativo,19,No entiendo por qué a otros ya les pagaron la reparación y a mí no.
PQR-2026T1-3340,2026-T1,2026,Corregimiento Pacurita,Corregimiento Pacurita,Corregimiento,Indemnización / reparación,Negativo,20,No entiendo por qué a otros ya les pagaron la reparación y a mí no.
PQR-2026T1-3341,2026-T1,2026,Corregimiento Pacurita,Corregimiento Pacurita,Corregimiento,Indemnización / reparación,Neutral,22,¿Cómo consulto el estado de mi proceso de reparación?
PQR-2026T1-3342,2026-T1,2026,Corregimiento Pacurita,Corregimiento Pacurita,Corregimiento,Indemnización / reparación,Negativo,23,"Fui incluido hace años y todavía no me llega la indemnización, es una injusticia."
PQR-2026T1-3343,2026-T1,2026,Corregimiento Pacurita,Corregimiento Pacurita,Corregimiento,Indemnización / reparación,Neutral,24,¿Cómo consulto el estado de mi proceso de reparación?
PQR-2026T1-3344,2026-T1,2026,Corregimiento Pacurita,Corregimiento Pacurita,Corregimiento,Indemnización / reparación,Positivo,24,Me orientaron bien sobre el proceso de reparación.
PQR-2026T1-3345,2026-T1,2026,Corregimiento Pacurita,Corregimiento Pacurita,Corregimiento,Indemnización / reparación,Neutral,16,¿Cómo consulto el estado de mi proceso de reparación?
PQR-2026T1-3346,2026-T1,2026,Corregimiento Pacurita,Corregimiento Pacurita,Corregimiento,Indemnización / reparación,Neutral,22,Solicito información sobre el turno de mi indemnización administrativa.
PQR-2026T1-3347,2026-T1,2026,Corregimiento Pacurita,Corregimiento Pacurita,Corregimiento,Vivienda,Neutral,24,Solicito información sobre el subsidio de mejoramiento de vivienda.
PQR-2026T1-3348,2026-T1,2026,Corregimiento Pacurita,Corregimiento Pacurita,Corregimiento,Vivienda,Neutral,18,Solicito información sobre el subsidio de mejoramiento de vivienda.
PQR-2026T1-3349,2026-T1,2026,Corregimiento Pacurita,Corregimiento Pacurita,Corregimiento,Vivienda,Negativo,18,La casa que me asignaron tiene problemas y nadie responde.
PQR-2026T1-3350,2026-T1,2026,Corregimiento Pacurita,Corregimiento Pacurita,Corregimiento,Vivienda,Neutral,20,Solicito información sobre el subsidio de mejoramiento de vivienda.
PQR-2026T1-3351,2026-T1,2026,Corregimiento Pacurita,Corregimiento Pacurita,Corregimiento,Vivienda,Negativo,20,La casa que me asignaron tiene problemas y nadie responde.
PQR-2026T1-3352,2026-T1,2026,Corregimiento Pacurita,Corregimiento Pacurita,Corregimiento,Vivienda,Positivo,18,"Me asignaron la vivienda, muy agradecido con el acompañamiento."
PQR-2026T1-3353,2026-T1,2026,Corregimiento Pacurita,Corregimiento Pacurita,Corregimiento,Vivienda,Negativo,24,Postulé al subsidio de vivienda y me rechazaron sin explicación clara.
PQR-2026T1-3354,2026-T1,2026,Corregimiento Pacurita,Corregimiento Pacurita,Corregimiento,Vivienda,Neutral,18,Solicito información sobre el subsidio de mejoramiento de vivienda.
PQR-2026T1-3355,2026-T1,2026,Corregimiento Pacurita,Corregimiento Pacurita,Corregimiento,Vivienda,Neutral,17,Solicito información sobre el subsidio de mejoramiento de vivienda.
PQR-2026T1-3356,2026-T1,2026,Corregimiento Pacurita,Corregimiento Pacurita,Corregimiento,Vivienda,Neutral,18,Solicito información sobre el subsidio de mejoramiento de vivienda.
PQR-2026T1-3357,2026-T1,2026,Corregimiento Pacurita,Corregimiento Pacurita,Corregimiento,Vivienda,Neutral,19,Solicito información sobre el subsidio de mejoramiento de vivienda.
PQR-2026T1-3358,2026-T1,2026,Corregimiento Pacurita,Corregimiento Pacurita,Corregimiento,Vivienda,Negativo,21,La casa que me asignaron tiene problemas y nadie responde.
PQR-2026T1-3359,2026-T1,2026,Corregimiento Pacurita,Corregimiento Pacurita,Corregimiento,Vivienda,Negativo,23,Postulé al subsidio de vivienda y me rechazaron sin explicación clara.
PQR-2026T1-3360,2026-T1,2026,Corregimiento Pacurita,Corregimiento Pacurita,Corregimiento,Vivienda,Neutral,20,Pregunto por las convocatorias de vivienda para población víctima.
PQR-2026T1-3361,2026-T1,2026,Corregimiento Pacurita,Corregimiento Pacurita,Corregimiento,Salud y atención psicosocial,Negativo,17,Necesito atención psicosocial y me dan citas para dentro de meses.
PQR-2026T1-3362,2026-T1,2026,Corregimiento Pacurita,Corregimiento Pacurita,Corregimiento,Salud y atención psicosocial,Neutral,23,Pregunto por el programa de atención en salud para víctimas.
PQR-2026T1-3363,2026-T1,2026,Corregimiento Pacurita,Corregimiento Pacurita,Corregimiento,Salud y atención psicosocial,Negativo,18,Necesito atención psicosocial y me dan citas para dentro de meses.
PQR-2026T1-3364,2026-T1,2026,Corregimiento Pacurita,Corregimiento Pacurita,Corregimiento,Salud y atención psicosocial,Neutral,21,Solicito una cita de atención psicosocial para mi familia.
PQR-2026T1-3365,2026-T1,2026,Corregimiento Pacurita,Corregimiento Pacurita,Corregimiento,Salud y atención psicosocial,Negativo,24,Necesito atención psicosocial y me dan citas para dentro de meses.
PQR-2026T1-3366,2026-T1,2026,Corregimiento Pacurita,Corregimiento Pacurita,Corregimiento,Salud y atención psicosocial,Negativo,23,No hay profesionales suficientes para la atención en salud mental.
PQR-2026T1-3367,2026-T1,2026,Corregimiento Pacurita,Corregimiento Pacurita,Corregimiento,Salud y atención psicosocial,Neutral,23,Solicito una cita de atención psicosocial para mi familia.
PQR-2026T1-3368,2026-T1,2026,Corregimiento Pacurita,Corregimiento Pacurita,Corregimiento,Salud y atención psicosocial,Positivo,20,"La atención psicosocial me ha ayudado mucho, gracias al equipo."
PQR-2026T1-3369,2026-T1,2026,Corregimiento Pacurita,Corregimiento Pacurita,Corregimiento,Salud y atención psicosocial,Negativo,24,No hay profesionales suficientes para la atención en salud mental.
PQR-2026T1-3370,2026-T1,2026,Corregimiento Pacurita,Corregimiento Pacurita,Corregimiento,Salud y atención psicosocial,Positivo,21,"Recibí buena orientación en salud, quedé satisfecho."
PQR-2026T1-3371,2026-T1,2026,Corregimiento Pacurita,Corregimiento Pacurita,Corregimiento,Salud y atención psicosocial,Positivo,24,"La atención psicosocial me ha ayudado mucho, gracias al equipo."
PQR-2026T1-3372,2026-T1,2026,Corregimiento Pacurita,Corregimiento Pacurita,Corregimiento,Salud y atención psicosocial,Positivo,18,"La atención psicosocial me ha ayudado mucho, gracias al equipo."
PQR-2026T1-3373,2026-T1,2026,Corregimiento Pacurita,Corregimiento Pacurita,Corregimiento,Salud y atención psicosocial,Positivo,19,"Recibí buena orientación en salud, quedé satisfecho."
PQR-2026T1-3374,2026-T1,2026,Corregimiento Pacurita,Corregimiento Pacurita,Corregimiento,Educación,Negativo,23,Falta información sobre los cupos educativos para víctimas.
PQR-2026T1-3375,2026-T1,2026,Corregimiento Pacurita,Corregimiento Pacurita,Corregimiento,Educación,Neutral,24,Solicito información sobre becas para estudiantes víctimas.
PQR-2026T1-3376,2026-T1,2026,Corregimiento Pacurita,Corregimiento Pacurita,Corregimiento,Educación,Positivo,20,"Mi hija obtuvo el apoyo educativo, muy agradecida."
PQR-2026T1-3377,2026-T1,2026,Corregimiento Pacurita,Corregimiento Pacurita,Corregimiento,Educación,Neutral,18,Solicito información sobre becas para estudiantes víctimas.
PQR-2026T1-3378,2026-T1,2026,Corregimiento Pacurita,Corregimiento Pacurita,Corregimiento,Educación,Positivo,18,"Mi hija obtuvo el apoyo educativo, muy agradecida."
PQR-2026T1-3379,2026-T1,2026,Corregimiento Pacurita,Corregimiento Pacurita,Corregimiento,Educación,Positivo,19,"Mi hija obtuvo el apoyo educativo, muy agradecida."
PQR-2026T1-3380,2026-T1,2026,Corregimiento Pacurita,Corregimiento Pacurita,Corregimiento,Educación,Positivo,24,"Mi hija obtuvo el apoyo educativo, muy agradecida."
PQR-2026T1-3381,2026-T1,2026,Corregimiento Pacurita,Corregimiento Pacurita,Corregimiento,Educación,Positivo,24,La orientación sobre educación superior fue útil.
PQR-2026T1-3382,2026-T1,2026,Corregimiento Pacurita,Corregimiento Pacurita,Corregimiento,Educación,Positivo,17,"Mi hija obtuvo el apoyo educativo, muy agradecida."
PQR-2026T1-3383,2026-T1,2026,Corregimiento Pacurita,Corregimiento Pacurita,Corregimiento,Educación,Positivo,24,La orientación sobre educación superior fue útil.
PQR-2026T1-3384,2026-T1,2026,Corregimiento Pacurita,Corregimiento Pacurita,Corregimiento,Educación,Neutral,22,Solicito información sobre becas para estudiantes víctimas.
PQR-2026T1-3385,2026-T1,2026,Corregimiento Pacurita,Corregimiento Pacurita,Corregimiento,Educación,Neutral,21,Pregunto por el apoyo educativo para el próximo semestre.
PQR-2026T1-3386,2026-T1,2026,Corregimiento Pacurita,Corregimiento Pacurita,Corregimiento,Registro / inclusión RUV,Neutral,19,¿Qué debo hacer para actualizar mis datos en el RUV?
PQR-2026T1-3387,2026-T1,2026,Corregimiento Pacurita,Corregimiento Pacurita,Corregimiento,Registro / inclusión RUV,Negativo,24,Me negaron la inclusión y no me explicaron los motivos.
PQR-2026T1-3388,2026-T1,2026,Corregimiento Pacurita,Corregimiento Pacurita,Corregimiento,Registro / inclusión RUV,Negativo,21,Me negaron la inclusión y no me explicaron los motivos.
PQR-2026T1-3389,2026-T1,2026,Corregimiento Pacurita,Corregimiento Pacurita,Corregimiento,Registro / inclusión RUV,Negativo,21,Llevo meses esperando que me incluyan en el RUV y no hay respuesta.
PQR-2026T1-3390,2026-T1,2026,Corregimiento Pacurita,Corregimiento Pacurita,Corregimiento,Registro / inclusión RUV,Negativo,18,Me negaron la inclusión y no me explicaron los motivos.
PQR-2026T1-3391,2026-T1,2026,Corregimiento Pacurita,Corregimiento Pacurita,Corregimiento,Registro / inclusión RUV,Negativo,17,Me negaron la inclusión y no me explicaron los motivos.
PQR-2026T1-3392,2026-T1,2026,Corregimiento Pacurita,Corregimiento Pacurita,Corregimiento,Registro / inclusión RUV,Neutral,19,¿Qué debo hacer para actualizar mis datos en el RUV?
PQR-2026T1-3393,2026-T1,2026,Corregimiento Pacurita,Corregimiento Pacurita,Corregimiento,Registro / inclusión RUV,Negativo,19,Me negaron la inclusión y no me explicaron los motivos.
PQR-2026T1-3394,2026-T1,2026,Corregimiento Pacurita,Corregimiento Pacurita,Corregimiento,Registro / inclusión RUV,Negativo,22,Llevo meses esperando que me incluyan en el RUV y no hay respuesta.
PQR-2026T1-3395,2026-T1,2026,Corregimiento Pacurita,Corregimiento Pacurita,Corregimiento,Registro / inclusión RUV,Negativo,18,Llevo meses esperando que me incluyan en el RUV y no hay respuesta.
PQR-2026T1-3396,2026-T1,2026,Corregimiento Pacurita,Corregimiento Pacurita,Corregimiento,Registro / inclusión RUV,Positivo,17,"Ya quedé incluido en el registro, agradezco la ayuda."
PQR-2026T1-3397,2026-T1,2026,Corregimiento Pacurita,Corregimiento Pacurita,Corregimiento,Registro / inclusión RUV,Positivo,18,"Me orientaron bien para la declaración, todo salió bien."
PQR-2026T1-3398,2026-T1,2026,Corregimiento Pacurita,Corregimiento Pacurita,Corregimiento,Registro / inclusión RUV,Negativo,22,Me negaron la inclusión y no me explicaron los motivos.
PQR-2026T1-3399,2026-T1,2026,Corregimiento Pacurita,Corregimiento Pacurita,Corregimiento,Retornos y reubicación,Negativo,17,El proceso de reubicación está detenido hace tiempo.
PQR-2026T1-3400,2026-T1,2026,Corregimiento Pacurita,Corregimiento Pacurita,Corregimiento,Retornos y reubicación,Negativo,18,Solicité apoyo para el retorno y no hay condiciones de seguridad.
PQR-2026T1-3401,2026-T1,2026,Corregimiento Pacurita,Corregimiento Pacurita,Corregimiento,Retornos y reubicación,Positivo,18,Nos apoyaron en la reubicación de manera adecuada.
PQR-2026T1-3402,2026-T1,2026,Corregimiento Pacurita,Corregimiento Pacurita,Corregimiento,Retornos y reubicación,Negativo,19,El proceso de reubicación está detenido hace tiempo.
PQR-2026T1-3403,2026-T1,2026,Corregimiento Pacurita,Corregimiento Pacurita,Corregimiento,Retornos y reubicación,Neutral,24,Pregunto por el plan de retorno para mi comunidad.
PQR-2026T1-3404,2026-T1,2026,Corregimiento Pacurita,Corregimiento Pacurita,Corregimiento,Retornos y reubicación,Positivo,22,"El acompañamiento para el retorno fue bueno, gracias."
PQR-2026T1-3405,2026-T1,2026,Corregimiento Pacurita,Corregimiento Pacurita,Corregimiento,Retornos y reubicación,Positivo,22,"El acompañamiento para el retorno fue bueno, gracias."
PQR-2026T1-3406,2026-T1,2026,Corregimiento Pacurita,Corregimiento Pacurita,Corregimiento,Otros trámites,Positivo,18,Me resolvieron el trámite sin complicaciones.
PQR-2026T1-3407,2026-T1,2026,Corregimiento Pacurita,Corregimiento Pacurita,Corregimiento,Otros trámites,Positivo,23,Me resolvieron el trámite sin complicaciones.
PQR-2026T1-3408,2026-T1,2026,Corregimiento Pacurita,Corregimiento Pacurita,Corregimiento,Otros trámites,Positivo,24,Me resolvieron el trámite sin complicaciones.
PQR-2026T1-3409,2026-T1,2026,Corregimiento Pacurita,Corregimiento Pacurita,Corregimiento,Otros trámites,Neutral,23,Solicito un certificado de mi condición de víctima.
PQR-2026T1-3410,2026-T1,2026,Corregimiento Pacurita,Corregimiento Pacurita,Corregimiento,Otros trámites,Neutral,18,Solicito un certificado de mi condición de víctima.
PQR-2026T1-3411,2026-T1,2026,Corregimiento Pacurita,Corregimiento Pacurita,Corregimiento,Otros trámites,Neutral,19,Pregunto por el horario de atención de la oficina.
PQR-2026T1-3412,2026-T1,2026,Corregimiento Pacurita,Corregimiento Pacurita,Corregimiento,Otros trámites,Neutral,22,Pregunto por el horario de atención de la oficina.
PQR-2026T1-3413,2026-T1,2026,Corregimiento Pacurita,Corregimiento Pacurita,Corregimiento,Otros trámites,Positivo,17,La atención en ventanilla fue amable y rápida.
PQR-2026T1-3414,2026-T1,2026,Corregimiento Tutunendo,Corregimiento Tutunendo,Corregimiento,Ayuda humanitaria,Negativo,19,"Solicité el mercado de emergencia y nunca llegó, mi familia está pasando necesidad."
PQR-2026T1-3415,2026-T1,2026,Corregimiento Tutunendo,Corregimiento Tutunendo,Corregimiento,Ayuda humanitaria,Neutral,22,Quisiera saber qué documentos faltan para la ayuda humanitaria.
PQR-2026T1-3416,2026-T1,2026,Corregimiento Tutunendo,Corregimiento Tutunendo,Corregimiento,Ayuda humanitaria,Negativo,16,Llevo tres meses esperando la ayuda humanitaria y no me han dado respuesta.
PQR-2026T1-3417,2026-T1,2026,Corregimiento Tutunendo,Corregimiento Tutunendo,Corregimiento,Ayuda humanitaria,Positivo,22,"La atención para la ayuda de emergencia fue oportuna, gracias."
PQR-2026T1-3418,2026-T1,2026,Corregimiento Tutunendo,Corregimiento Tutunendo,Corregimiento,Ayuda humanitaria,Negativo,24,Llevo tres meses esperando la ayuda humanitaria y no me han dado respuesta.
PQR-2026T1-3419,2026-T1,2026,Corregimiento Tutunendo,Corregimiento Tutunendo,Corregimiento,Ayuda humanitaria,Negativo,22,Llevo tres meses esperando la ayuda humanitaria y no me han dado respuesta.
PQR-2026T1-3420,2026-T1,2026,Corregimiento Tutunendo,Corregimiento Tutunendo,Corregimiento,Ayuda humanitaria,Neutral,22,Pregunto por el estado de mi solicitud de ayuda humanitaria inmediata.
PQR-2026T1-3421,2026-T1,2026,Corregimiento Tutunendo,Corregimiento Tutunendo,Corregimiento,Ayuda humanitaria,Positivo,24,"La atención para la ayuda de emergencia fue oportuna, gracias."
PQR-2026T1-3422,2026-T1,2026,Corregimiento Tutunendo,Corregimiento Tutunendo,Corregimiento,Ayuda humanitaria,Neutral,17,Quisiera saber qué documentos faltan para la ayuda humanitaria.
PQR-2026T1-3423,2026-T1,2026,Corregimiento Tutunendo,Corregimiento Tutunendo,Corregimiento,Ayuda humanitaria,Neutral,24,Pregunto por el estado de mi solicitud de ayuda humanitaria inmediata.
PQR-2026T1-3424,2026-T1,2026,Corregimiento Tutunendo,Corregimiento Tutunendo,Corregimiento,Ayuda humanitaria,Positivo,21,Agradezco que me entregaron la ayuda humanitaria rápidamente.
PQR-2026T1-3425,2026-T1,2026,Corregimiento Tutunendo,Corregimiento Tutunendo,Corregimiento,Ayuda humanitaria,Negativo,24,Llevo tres meses esperando la ayuda humanitaria y no me han dado respuesta.
PQR-2026T1-3426,2026-T1,2026,Corregimiento Tutunendo,Corregimiento Tutunendo,Corregimiento,Ayuda humanitaria,Positivo,18,Agradezco que me entregaron la ayuda humanitaria rápidamente.
PQR-2026T1-3427,2026-T1,2026,Corregimiento Tutunendo,Corregimiento Tutunendo,Corregimiento,Ayuda humanitaria,Negativo,19,"Solicité el mercado de emergencia y nunca llegó, mi familia está pasando necesidad."
PQR-2026T1-3428,2026-T1,2026,Corregimiento Tutunendo,Corregimiento Tutunendo,Corregimiento,Ayuda humanitaria,Neutral,23,Pregunto por el estado de mi solicitud de ayuda humanitaria inmediata.
PQR-2026T1-3429,2026-T1,2026,Corregimiento Tutunendo,Corregimiento Tutunendo,Corregimiento,Ayuda humanitaria,Neutral,18,Pregunto por el estado de mi solicitud de ayuda humanitaria inmediata.
PQR-2026T1-3430,2026-T1,2026,Corregimiento Tutunendo,Corregimiento Tutunendo,Corregimiento,Ayuda humanitaria,Positivo,24,Agradezco que me entregaron la ayuda humanitaria rápidamente.
PQR-2026T1-3431,2026-T1,2026,Corregimiento Tutunendo,Corregimiento Tutunendo,Corregimiento,Ayuda humanitaria,Neutral,20,Quisiera saber qué documentos faltan para la ayuda humanitaria.
PQR-2026T1-3432,2026-T1,2026,Corregimiento Tutunendo,Corregimiento Tutunendo,Corregimiento,Ayuda humanitaria,Positivo,19,"La atención para la ayuda de emergencia fue oportuna, gracias."
PQR-2026T1-3433,2026-T1,2026,Corregimiento Tutunendo,Corregimiento Tutunendo,Corregimiento,Ayuda humanitaria,Neutral,17,Quisiera saber qué documentos faltan para la ayuda humanitaria.
PQR-2026T1-3434,2026-T1,2026,Corregimiento Tutunendo,Corregimiento Tutunendo,Corregimiento,Ayuda humanitaria,Positivo,21,Agradezco que me entregaron la ayuda humanitaria rápidamente.
PQR-2026T1-3435,2026-T1,2026,Corregimiento Tutunendo,Corregimiento Tutunendo,Corregimiento,Ayuda humanitaria,Negativo,20,Llevo tres meses esperando la ayuda humanitaria y no me han dado respuesta.
PQR-2026T1-3436,2026-T1,2026,Corregimiento Tutunendo,Corregimiento Tutunendo,Corregimiento,Ayuda humanitaria,Positivo,20,"La atención para la ayuda de emergencia fue oportuna, gracias."
PQR-2026T1-3437,2026-T1,2026,Corregimiento Tutunendo,Corregimiento Tutunendo,Corregimiento,Ayuda humanitaria,Positivo,22,"La atención para la ayuda de emergencia fue oportuna, gracias."
PQR-2026T1-3438,2026-T1,2026,Corregimiento Tutunendo,Corregimiento Tutunendo,Corregimiento,Ayuda humanitaria,Negativo,18,Llevo tres meses esperando la ayuda humanitaria y no me han dado respuesta.
PQR-2026T1-3439,2026-T1,2026,Corregimiento Tutunendo,Corregimiento Tutunendo,Corregimiento,Ayuda humanitaria,Neutral,21,Quisiera saber qué documentos faltan para la ayuda humanitaria.
PQR-2026T1-3440,2026-T1,2026,Corregimiento Tutunendo,Corregimiento Tutunendo,Corregimiento,Ayuda humanitaria,Negativo,20,Llevo tres meses esperando la ayuda humanitaria y no me han dado respuesta.
PQR-2026T1-3441,2026-T1,2026,Corregimiento Tutunendo,Corregimiento Tutunendo,Corregimiento,Ayuda humanitaria,Neutral,19,Quisiera saber qué documentos faltan para la ayuda humanitaria.
PQR-2026T1-3442,2026-T1,2026,Corregimiento Tutunendo,Corregimiento Tutunendo,Corregimiento,Ayuda humanitaria,Negativo,19,Llevo tres meses esperando la ayuda humanitaria y no me han dado respuesta.
PQR-2026T1-3443,2026-T1,2026,Corregimiento Tutunendo,Corregimiento Tutunendo,Corregimiento,Ayuda humanitaria,Negativo,23,"Solicité el mercado de emergencia y nunca llegó, mi familia está pasando necesidad."
PQR-2026T1-3444,2026-T1,2026,Corregimiento Tutunendo,Corregimiento Tutunendo,Corregimiento,Ayuda humanitaria,Negativo,19,"Solicité el mercado de emergencia y nunca llegó, mi familia está pasando necesidad."
PQR-2026T1-3445,2026-T1,2026,Corregimiento Tutunendo,Corregimiento Tutunendo,Corregimiento,Ayuda humanitaria,Negativo,18,Llevo tres meses esperando la ayuda humanitaria y no me han dado respuesta.
PQR-2026T1-3446,2026-T1,2026,Corregimiento Tutunendo,Corregimiento Tutunendo,Corregimiento,Ayuda humanitaria,Positivo,17,Agradezco que me entregaron la ayuda humanitaria rápidamente.
PQR-2026T1-3447,2026-T1,2026,Corregimiento Tutunendo,Corregimiento Tutunendo,Corregimiento,Ayuda humanitaria,Neutral,17,Quisiera saber qué documentos faltan para la ayuda humanitaria.
PQR-2026T1-3448,2026-T1,2026,Corregimiento Tutunendo,Corregimiento Tutunendo,Corregimiento,Indemnización / reparación,Neutral,21,¿Cómo consulto el estado de mi proceso de reparación?
PQR-2026T1-3449,2026-T1,2026,Corregimiento Tutunendo,Corregimiento Tutunendo,Corregimiento,Indemnización / reparación,Negativo,19,No entiendo por qué a otros ya les pagaron la reparación y a mí no.
PQR-2026T1-3450,2026-T1,2026,Corregimiento Tutunendo,Corregimiento Tutunendo,Corregimiento,Indemnización / reparación,Positivo,21,Me orientaron bien sobre el proceso de reparación.
PQR-2026T1-3451,2026-T1,2026,Corregimiento Tutunendo,Corregimiento Tutunendo,Corregimiento,Indemnización / reparación,Negativo,20,"Fui incluido hace años y todavía no me llega la indemnización, es una injusticia."
PQR-2026T1-3452,2026-T1,2026,Corregimiento Tutunendo,Corregimiento Tutunendo,Corregimiento,Indemnización / reparación,Neutral,22,¿Cómo consulto el estado de mi proceso de reparación?
PQR-2026T1-3453,2026-T1,2026,Corregimiento Tutunendo,Corregimiento Tutunendo,Corregimiento,Indemnización / reparación,Neutral,24,Solicito información sobre el turno de mi indemnización administrativa.
PQR-2026T1-3454,2026-T1,2026,Corregimiento Tutunendo,Corregimiento Tutunendo,Corregimiento,Indemnización / reparación,Neutral,23,Solicito información sobre el turno de mi indemnización administrativa.
PQR-2026T1-3455,2026-T1,2026,Corregimiento Tutunendo,Corregimiento Tutunendo,Corregimiento,Indemnización / reparación,Negativo,17,"Fui incluido hace años y todavía no me llega la indemnización, es una injusticia."
PQR-2026T1-3456,2026-T1,2026,Corregimiento Tutunendo,Corregimiento Tutunendo,Corregimiento,Indemnización / reparación,Negativo,20,No entiendo por qué a otros ya les pagaron la reparación y a mí no.
PQR-2026T1-3457,2026-T1,2026,Corregimiento Tutunendo,Corregimiento Tutunendo,Corregimiento,Indemnización / reparación,Neutral,17,Solicito información sobre el turno de mi indemnización administrativa.
PQR-2026T1-3458,2026-T1,2026,Corregimiento Tutunendo,Corregimiento Tutunendo,Corregimiento,Indemnización / reparación,Negativo,18,"Fui incluido hace años y todavía no me llega la indemnización, es una injusticia."
PQR-2026T1-3459,2026-T1,2026,Corregimiento Tutunendo,Corregimiento Tutunendo,Corregimiento,Indemnización / reparación,Negativo,24,No entiendo por qué a otros ya les pagaron la reparación y a mí no.
PQR-2026T1-3460,2026-T1,2026,Corregimiento Tutunendo,Corregimiento Tutunendo,Corregimiento,Indemnización / reparación,Neutral,18,¿Cómo consulto el estado de mi proceso de reparación?
PQR-2026T1-3461,2026-T1,2026,Corregimiento Tutunendo,Corregimiento Tutunendo,Corregimiento,Indemnización / reparación,Negativo,20,No entiendo por qué a otros ya les pagaron la reparación y a mí no.
PQR-2026T1-3462,2026-T1,2026,Corregimiento Tutunendo,Corregimiento Tutunendo,Corregimiento,Indemnización / reparación,Negativo,23,No entiendo por qué a otros ya les pagaron la reparación y a mí no.
PQR-2026T1-3463,2026-T1,2026,Corregimiento Tutunendo,Corregimiento Tutunendo,Corregimiento,Indemnización / reparación,Neutral,23,Solicito información sobre el turno de mi indemnización administrativa.
PQR-2026T1-3464,2026-T1,2026,Corregimiento Tutunendo,Corregimiento Tutunendo,Corregimiento,Indemnización / reparación,Negativo,23,No entiendo por qué a otros ya les pagaron la reparación y a mí no.
PQR-2026T1-3465,2026-T1,2026,Corregimiento Tutunendo,Corregimiento Tutunendo,Corregimiento,Indemnización / reparación,Neutral,24,¿Cómo consulto el estado de mi proceso de reparación?
PQR-2026T1-3466,2026-T1,2026,Corregimiento Tutunendo,Corregimiento Tutunendo,Corregimiento,Indemnización / reparación,Negativo,19,"Fui incluido hace años y todavía no me llega la indemnización, es una injusticia."
PQR-2026T1-3467,2026-T1,2026,Corregimiento Tutunendo,Corregimiento Tutunendo,Corregimiento,Indemnización / reparación,Neutral,22,Solicito información sobre el turno de mi indemnización administrativa.
PQR-2026T1-3468,2026-T1,2026,Corregimiento Tutunendo,Corregimiento Tutunendo,Corregimiento,Indemnización / reparación,Negativo,24,"Fui incluido hace años y todavía no me llega la indemnización, es una injusticia."
PQR-2026T1-3469,2026-T1,2026,Corregimiento Tutunendo,Corregimiento Tutunendo,Corregimiento,Indemnización / reparación,Neutral,22,¿Cómo consulto el estado de mi proceso de reparación?
PQR-2026T1-3470,2026-T1,2026,Corregimiento Tutunendo,Corregimiento Tutunendo,Corregimiento,Indemnización / reparación,Neutral,24,Solicito información sobre el turno de mi indemnización administrativa.
PQR-2026T1-3471,2026-T1,2026,Corregimiento Tutunendo,Corregimiento Tutunendo,Corregimiento,Indemnización / reparación,Negativo,20,No entiendo por qué a otros ya les pagaron la reparación y a mí no.
PQR-2026T1-3472,2026-T1,2026,Corregimiento Tutunendo,Corregimiento Tutunendo,Corregimiento,Indemnización / reparación,Negativo,20,"Fui incluido hace años y todavía no me llega la indemnización, es una injusticia."
PQR-2026T1-3473,2026-T1,2026,Corregimiento Tutunendo,Corregimiento Tutunendo,Corregimiento,Indemnización / reparación,Neutral,17,¿Cómo consulto el estado de mi proceso de reparación?
PQR-2026T1-3474,2026-T1,2026,Corregimiento Tutunendo,Corregimiento Tutunendo,Corregimiento,Indemnización / reparación,Negativo,17,"Fui incluido hace años y todavía no me llega la indemnización, es una injusticia."
PQR-2026T1-3475,2026-T1,2026,Corregimiento Tutunendo,Corregimiento Tutunendo,Corregimiento,Indemnización / reparación,Neutral,19,¿Cómo consulto el estado de mi proceso de reparación?
PQR-2026T1-3476,2026-T1,2026,Corregimiento Tutunendo,Corregimiento Tutunendo,Corregimiento,Indemnización / reparación,Negativo,23,No entiendo por qué a otros ya les pagaron la reparación y a mí no.
PQR-2026T1-3477,2026-T1,2026,Corregimiento Tutunendo,Corregimiento Tutunendo,Corregimiento,Indemnización / reparación,Positivo,22,Me orientaron bien sobre el proceso de reparación.
PQR-2026T1-3478,2026-T1,2026,Corregimiento Tutunendo,Corregimiento Tutunendo,Corregimiento,Indemnización / reparación,Neutral,23,Solicito información sobre el turno de mi indemnización administrativa.
PQR-2026T1-3479,2026-T1,2026,Corregimiento Tutunendo,Corregimiento Tutunendo,Corregimiento,Indemnización / reparación,Negativo,24,"Fui incluido hace años y todavía no me llega la indemnización, es una injusticia."
PQR-2026T1-3480,2026-T1,2026,Corregimiento Tutunendo,Corregimiento Tutunendo,Corregimiento,Indemnización / reparación,Neutral,22,Solicito información sobre el turno de mi indemnización administrativa.
PQR-2026T1-3481,2026-T1,2026,Corregimiento Tutunendo,Corregimiento Tutunendo,Corregimiento,Indemnización / reparación,Neutral,23,¿Cómo consulto el estado de mi proceso de reparación?
PQR-2026T1-3482,2026-T1,2026,Corregimiento Tutunendo,Corregimiento Tutunendo,Corregimiento,Vivienda,Negativo,20,Postulé al subsidio de vivienda y me rechazaron sin explicación clara.
PQR-2026T1-3483,2026-T1,2026,Corregimiento Tutunendo,Corregimiento Tutunendo,Corregimiento,Vivienda,Positivo,23,"Me asignaron la vivienda, muy agradecido con el acompañamiento."
PQR-2026T1-3484,2026-T1,2026,Corregimiento Tutunendo,Corregimiento Tutunendo,Corregimiento,Vivienda,Neutral,18,Pregunto por las convocatorias de vivienda para población víctima.
PQR-2026T1-3485,2026-T1,2026,Corregimiento Tutunendo,Corregimiento Tutunendo,Corregimiento,Vivienda,Neutral,23,Solicito información sobre el subsidio de mejoramiento de vivienda.
PQR-2026T1-3486,2026-T1,2026,Corregimiento Tutunendo,Corregimiento Tutunendo,Corregimiento,Vivienda,Negativo,22,Postulé al subsidio de vivienda y me rechazaron sin explicación clara.
PQR-2026T1-3487,2026-T1,2026,Corregimiento Tutunendo,Corregimiento Tutunendo,Corregimiento,Vivienda,Neutral,20,Solicito información sobre el subsidio de mejoramiento de vivienda.
PQR-2026T1-3488,2026-T1,2026,Corregimiento Tutunendo,Corregimiento Tutunendo,Corregimiento,Vivienda,Neutral,17,Pregunto por las convocatorias de vivienda para población víctima.
PQR-2026T1-3489,2026-T1,2026,Corregimiento Tutunendo,Corregimiento Tutunendo,Corregimiento,Vivienda,Neutral,18,Pregunto por las convocatorias de vivienda para población víctima.
PQR-2026T1-3490,2026-T1,2026,Corregimiento Tutunendo,Corregimiento Tutunendo,Corregimiento,Vivienda,Neutral,23,Pregunto por las convocatorias de vivienda para población víctima.
PQR-2026T1-3491,2026-T1,2026,Corregimiento Tutunendo,Corregimiento Tutunendo,Corregimiento,Vivienda,Neutral,23,Solicito información sobre el subsidio de mejoramiento de vivienda.
PQR-2026T1-3492,2026-T1,2026,Corregimiento Tutunendo,Corregimiento Tutunendo,Corregimiento,Vivienda,Negativo,18,La casa que me asignaron tiene problemas y nadie responde.
PQR-2026T1-3493,2026-T1,2026,Corregimiento Tutunendo,Corregimiento Tutunendo,Corregimiento,Vivienda,Negativo,19,La casa que me asignaron tiene problemas y nadie responde.
PQR-2026T1-3494,2026-T1,2026,Corregimiento Tutunendo,Corregimiento Tutunendo,Corregimiento,Vivienda,Negativo,23,La casa que me asignaron tiene problemas y nadie responde.
PQR-2026T1-3495,2026-T1,2026,Corregimiento Tutunendo,Corregimiento Tutunendo,Corregimiento,Vivienda,Negativo,19,La casa que me asignaron tiene problemas y nadie responde.
PQR-2026T1-3496,2026-T1,2026,Corregimiento Tutunendo,Corregimiento Tutunendo,Corregimiento,Vivienda,Negativo,19,Postulé al subsidio de vivienda y me rechazaron sin explicación clara.
PQR-2026T1-3497,2026-T1,2026,Corregimiento Tutunendo,Corregimiento Tutunendo,Corregimiento,Vivienda,Negativo,21,La casa que me asignaron tiene problemas y nadie responde.
PQR-2026T1-3498,2026-T1,2026,Corregimiento Tutunendo,Corregimiento Tutunendo,Corregimiento,Vivienda,Negativo,17,Postulé al subsidio de vivienda y me rechazaron sin explicación clara.
PQR-2026T1-3499,2026-T1,2026,Corregimiento Tutunendo,Corregimiento Tutunendo,Corregimiento,Vivienda,Negativo,22,La casa que me asignaron tiene problemas y nadie responde.
PQR-2026T1-3500,2026-T1,2026,Corregimiento Tutunendo,Corregimiento Tutunendo,Corregimiento,Vivienda,Positivo,23,"Me asignaron la vivienda, muy agradecido con el acompañamiento."
PQR-2026T1-3501,2026-T1,2026,Corregimiento Tutunendo,Corregimiento Tutunendo,Corregimiento,Vivienda,Neutral,19,Pregunto por las convocatorias de vivienda para población víctima.
PQR-2026T1-3502,2026-T1,2026,Corregimiento Tutunendo,Corregimiento Tutunendo,Corregimiento,Vivienda,Positivo,17,"Me asignaron la vivienda, muy agradecido con el acompañamiento."
PQR-2026T1-3503,2026-T1,2026,Corregimiento Tutunendo,Corregimiento Tutunendo,Corregimiento,Vivienda,Negativo,19,Postulé al subsidio de vivienda y me rechazaron sin explicación clara.
PQR-2026T1-3504,2026-T1,2026,Corregimiento Tutunendo,Corregimiento Tutunendo,Corregimiento,Vivienda,Neutral,22,Pregunto por las convocatorias de vivienda para población víctima.
PQR-2026T1-3505,2026-T1,2026,Corregimiento Tutunendo,Corregimiento Tutunendo,Corregimiento,Vivienda,Negativo,24,Postulé al subsidio de vivienda y me rechazaron sin explicación clara.
PQR-2026T1-3506,2026-T1,2026,Corregimiento Tutunendo,Corregimiento Tutunendo,Corregimiento,Vivienda,Negativo,22,Postulé al subsidio de vivienda y me rechazaron sin explicación clara.
PQR-2026T1-3507,2026-T1,2026,Corregimiento Tutunendo,Corregimiento Tutunendo,Corregimiento,Vivienda,Neutral,22,Pregunto por las convocatorias de vivienda para población víctima.
PQR-2026T1-3508,2026-T1,2026,Corregimiento Tutunendo,Corregimiento Tutunendo,Corregimiento,Vivienda,Positivo,18,El proceso de postulación a vivienda fue claro.
PQR-2026T1-3509,2026-T1,2026,Corregimiento Tutunendo,Corregimiento Tutunendo,Corregimiento,Vivienda,Positivo,21,"Me asignaron la vivienda, muy agradecido con el acompañamiento."
PQR-2026T1-3510,2026-T1,2026,Corregimiento Tutunendo,Corregimiento Tutunendo,Corregimiento,Salud y atención psicosocial,Negativo,18,No hay profesionales suficientes para la atención en salud mental.
PQR-2026T1-3511,2026-T1,2026,Corregimiento Tutunendo,Corregimiento Tutunendo,Corregimiento,Salud y atención psicosocial,Neutral,21,Pregunto por el programa de atención en salud para víctimas.
PQR-2026T1-3512,2026-T1,2026,Corregimiento Tutunendo,Corregimiento Tutunendo,Corregimiento,Salud y atención psicosocial,Neutral,19,Solicito una cita de atención psicosocial para mi familia.
PQR-2026T1-3513,2026-T1,2026,Corregimiento Tutunendo,Corregimiento Tutunendo,Corregimiento,Salud y atención psicosocial,Positivo,23,"Recibí buena orientación en salud, quedé satisfecho."
PQR-2026T1-3514,2026-T1,2026,Corregimiento Tutunendo,Corregimiento Tutunendo,Corregimiento,Salud y atención psicosocial,Negativo,22,No hay profesionales suficientes para la atención en salud mental.
PQR-2026T1-3515,2026-T1,2026,Corregimiento Tutunendo,Corregimiento Tutunendo,Corregimiento,Salud y atención psicosocial,Neutral,22,Solicito una cita de atención psicosocial para mi familia.
PQR-2026T1-3516,2026-T1,2026,Corregimiento Tutunendo,Corregimiento Tutunendo,Corregimiento,Salud y atención psicosocial,Positivo,18,"La atención psicosocial me ha ayudado mucho, gracias al equipo."
PQR-2026T1-3517,2026-T1,2026,Corregimiento Tutunendo,Corregimiento Tutunendo,Corregimiento,Salud y atención psicosocial,Neutral,22,Pregunto por el programa de atención en salud para víctimas.
PQR-2026T1-3518,2026-T1,2026,Corregimiento Tutunendo,Corregimiento Tutunendo,Corregimiento,Salud y atención psicosocial,Positivo,22,"La atención psicosocial me ha ayudado mucho, gracias al equipo."
PQR-2026T1-3519,2026-T1,2026,Corregimiento Tutunendo,Corregimiento Tutunendo,Corregimiento,Salud y atención psicosocial,Neutral,22,Solicito una cita de atención psicosocial para mi familia.
PQR-2026T1-3520,2026-T1,2026,Corregimiento Tutunendo,Corregimiento Tutunendo,Corregimiento,Salud y atención psicosocial,Neutral,19,Pregunto por el programa de atención en salud para víctimas.
PQR-2026T1-3521,2026-T1,2026,Corregimiento Tutunendo,Corregimiento Tutunendo,Corregimiento,Salud y atención psicosocial,Neutral,18,Solicito una cita de atención psicosocial para mi familia.
PQR-2026T1-3522,2026-T1,2026,Corregimiento Tutunendo,Corregimiento Tutunendo,Corregimiento,Salud y atención psicosocial,Negativo,19,No hay profesionales suficientes para la atención en salud mental.
PQR-2026T1-3523,2026-T1,2026,Corregimiento Tutunendo,Corregimiento Tutunendo,Corregimiento,Educación,Negativo,17,Mi hijo no ha podido acceder al beneficio educativo prometido.
PQR-2026T1-3524,2026-T1,2026,Corregimiento Tutunendo,Corregimiento Tutunendo,Corregimiento,Educación,Positivo,19,"Mi hija obtuvo el apoyo educativo, muy agradecida."
PQR-2026T1-3525,2026-T1,2026,Corregimiento Tutunendo,Corregimiento Tutunendo,Corregimiento,Educación,Neutral,23,Pregunto por el apoyo educativo para el próximo semestre.
PQR-2026T1-3526,2026-T1,2026,Corregimiento Tutunendo,Corregimiento Tutunendo,Corregimiento,Educación,Positivo,20,La orientación sobre educación superior fue útil.
PQR-2026T1-3527,2026-T1,2026,Corregimiento Tutunendo,Corregimiento Tutunendo,Corregimiento,Educación,Negativo,17,Mi hijo no ha podido acceder al beneficio educativo prometido.
PQR-2026T1-3528,2026-T1,2026,Corregimiento Tutunendo,Corregimiento Tutunendo,Corregimiento,Educación,Positivo,21,La orientación sobre educación superior fue útil.
PQR-2026T1-3529,2026-T1,2026,Corregimiento Tutunendo,Corregimiento Tutunendo,Corregimiento,Educación,Positivo,21,"Mi hija obtuvo el apoyo educativo, muy agradecida."
PQR-2026T1-3530,2026-T1,2026,Corregimiento Tutunendo,Corregimiento Tutunendo,Corregimiento,Educación,Positivo,16,La orientación sobre educación superior fue útil.
PQR-2026T1-3531,2026-T1,2026,Corregimiento Tutunendo,Corregimiento Tutunendo,Corregimiento,Educación,Neutral,23,Pregunto por el apoyo educativo para el próximo semestre.
PQR-2026T1-3532,2026-T1,2026,Corregimiento Tutunendo,Corregimiento Tutunendo,Corregimiento,Educación,Negativo,17,Mi hijo no ha podido acceder al beneficio educativo prometido.
PQR-2026T1-3533,2026-T1,2026,Corregimiento Tutunendo,Corregimiento Tutunendo,Corregimiento,Educación,Neutral,24,Solicito información sobre becas para estudiantes víctimas.
PQR-2026T1-3534,2026-T1,2026,Corregimiento Tutunendo,Corregimiento Tutunendo,Corregimiento,Registro / inclusión RUV,Negativo,23,Me negaron la inclusión y no me explicaron los motivos.
PQR-2026T1-3535,2026-T1,2026,Corregimiento Tutunendo,Corregimiento Tutunendo,Corregimiento,Registro / inclusión RUV,Neutral,24,¿Qué debo hacer para actualizar mis datos en el RUV?
PQR-2026T1-3536,2026-T1,2026,Corregimiento Tutunendo,Corregimiento Tutunendo,Corregimiento,Registro / inclusión RUV,Negativo,24,Llevo meses esperando que me incluyan en el RUV y no hay respuesta.
PQR-2026T1-3537,2026-T1,2026,Corregimiento Tutunendo,Corregimiento Tutunendo,Corregimiento,Registro / inclusión RUV,Neutral,18,¿Qué debo hacer para actualizar mis datos en el RUV?
PQR-2026T1-3538,2026-T1,2026,Corregimiento Tutunendo,Corregimiento Tutunendo,Corregimiento,Registro / inclusión RUV,Positivo,24,"Ya quedé incluido en el registro, agradezco la ayuda."
PQR-2026T1-3539,2026-T1,2026,Corregimiento Tutunendo,Corregimiento Tutunendo,Corregimiento,Registro / inclusión RUV,Negativo,19,Me negaron la inclusión y no me explicaron los motivos.
PQR-2026T1-3540,2026-T1,2026,Corregimiento Tutunendo,Corregimiento Tutunendo,Corregimiento,Registro / inclusión RUV,Negativo,19,Llevo meses esperando que me incluyan en el RUV y no hay respuesta.
PQR-2026T1-3541,2026-T1,2026,Corregimiento Tutunendo,Corregimiento Tutunendo,Corregimiento,Registro / inclusión RUV,Neutral,18,¿Qué debo hacer para actualizar mis datos en el RUV?
PQR-2026T1-3542,2026-T1,2026,Corregimiento Tutunendo,Corregimiento Tutunendo,Corregimiento,Registro / inclusión RUV,Negativo,19,Llevo meses esperando que me incluyan en el RUV y no hay respuesta.
PQR-2026T1-3543,2026-T1,2026,Corregimiento Tutunendo,Corregimiento Tutunendo,Corregimiento,Registro / inclusión RUV,Negativo,23,Me negaron la inclusión y no me explicaron los motivos.
PQR-2026T1-3544,2026-T1,2026,Corregimiento Tutunendo,Corregimiento Tutunendo,Corregimiento,Registro / inclusión RUV,Neutral,21,¿Qué debo hacer para actualizar mis datos en el RUV?
PQR-2026T1-3545,2026-T1,2026,Corregimiento Tutunendo,Corregimiento Tutunendo,Corregimiento,Registro / inclusión RUV,Neutral,20,¿Qué debo hacer para actualizar mis datos en el RUV?
PQR-2026T1-3546,2026-T1,2026,Corregimiento Tutunendo,Corregimiento Tutunendo,Corregimiento,Registro / inclusión RUV,Negativo,20,Me negaron la inclusión y no me explicaron los motivos.
PQR-2026T1-3547,2026-T1,2026,Corregimiento Tutunendo,Corregimiento Tutunendo,Corregimiento,Registro / inclusión RUV,Positivo,20,"Ya quedé incluido en el registro, agradezco la ayuda."
PQR-2026T1-3548,2026-T1,2026,Corregimiento Tutunendo,Corregimiento Tutunendo,Corregimiento,Registro / inclusión RUV,Negativo,19,Llevo meses esperando que me incluyan en el RUV y no hay respuesta.
PQR-2026T1-3549,2026-T1,2026,Corregimiento Tutunendo,Corregimiento Tutunendo,Corregimiento,Registro / inclusión RUV,Neutral,23,Solicito información sobre mi estado en el Registro Único de Víctimas.
PQR-2026T1-3550,2026-T1,2026,Corregimiento Tutunendo,Corregimiento Tutunendo,Corregimiento,Retornos y reubicación,Neutral,19,Solicito información sobre acompañamiento para reubicación.
PQR-2026T1-3551,2026-T1,2026,Corregimiento Tutunendo,Corregimiento Tutunendo,Corregimiento,Retornos y reubicación,Positivo,19,Nos apoyaron en la reubicación de manera adecuada.
PQR-2026T1-3552,2026-T1,2026,Corregimiento Tutunendo,Corregimiento Tutunendo,Corregimiento,Retornos y reubicación,Neutral,22,Pregunto por el plan de retorno para mi comunidad.
PQR-2026T1-3553,2026-T1,2026,Corregimiento Tutunendo,Corregimiento Tutunendo,Corregimiento,Retornos y reubicación,Positivo,24,Nos apoyaron en la reubicación de manera adecuada.
PQR-2026T1-3554,2026-T1,2026,Corregimiento Tutunendo,Corregimiento Tutunendo,Corregimiento,Retornos y reubicación,Neutral,24,Solicito información sobre acompañamiento para reubicación.
PQR-2026T1-3555,2026-T1,2026,Corregimiento Tutunendo,Corregimiento Tutunendo,Corregimiento,Retornos y reubicación,Negativo,19,Solicité apoyo para el retorno y no hay condiciones de seguridad.
PQR-2026T1-3556,2026-T1,2026,Corregimiento Tutunendo,Corregimiento Tutunendo,Corregimiento,Otros trámites,Positivo,18,La atención en ventanilla fue amable y rápida.
PQR-2026T1-3557,2026-T1,2026,Corregimiento Tutunendo,Corregimiento Tutunendo,Corregimiento,Otros trámites,Neutral,23,Solicito un certificado de mi condición de víctima.
PQR-2026T1-3558,2026-T1,2026,Corregimiento Tutunendo,Corregimiento Tutunendo,Corregimiento,Otros trámites,Neutral,17,Pregunto por el horario de atención de la oficina.
PQR-2026T1-3559,2026-T1,2026,Corregimiento Tutunendo,Corregimiento Tutunendo,Corregimiento,Otros trámites,Neutral,22,Pregunto por el horario de atención de la oficina.
PQR-2026T1-3560,2026-T1,2026,Corregimiento Tutunendo,Corregimiento Tutunendo,Corregimiento,Otros trámites,Positivo,21,La atención en ventanilla fue amable y rápida.
PQR-2026T1-3561,2026-T1,2026,Corregimiento Tutunendo,Corregimiento Tutunendo,Corregimiento,Otros trámites,Negativo,23,Me han remitido de una oficina a otra sin resolver mi caso.
PQR-2026T1-3562,2026-T1,2026,Corregimiento Tutunendo,Corregimiento Tutunendo,Corregimiento,Otros trámites,Positivo,23,Me resolvieron el trámite sin complicaciones.
PQR-2026T1-3563,2026-T1,2026,Corregimiento Tutunendo,Corregimiento Tutunendo,Corregimiento,Otros trámites,Positivo,22,La atención en ventanilla fue amable y rápida.
PQR-2026T1-3564,2026-T1,2026,Corregimiento Tutunendo,Corregimiento Tutunendo,Corregimiento,Otros trámites,Positivo,18,La atención en ventanilla fue amable y rápida.
PQR-2026T1-3565,2026-T1,2026,Corregimiento Tutunendo,Corregimiento Tutunendo,Corregimiento,Otros trámites,Negativo,20,Me han remitido de una oficina a otra sin resolver mi caso.
PQR-2026T1-3566,2026-T1,2026,Corregimiento Guayabal,Corregimiento Guayabal,Corregimiento,Ayuda humanitaria,Neutral,23,Quisiera saber qué documentos faltan para la ayuda humanitaria.
PQR-2026T1-3567,2026-T1,2026,Corregimiento Guayabal,Corregimiento Guayabal,Corregimiento,Ayuda humanitaria,Neutral,20,Pregunto por el estado de mi solicitud de ayuda humanitaria inmediata.
PQR-2026T1-3568,2026-T1,2026,Corregimiento Guayabal,Corregimiento Guayabal,Corregimiento,Ayuda humanitaria,Negativo,23,Llevo tres meses esperando la ayuda humanitaria y no me han dado respuesta.
PQR-2026T1-3569,2026-T1,2026,Corregimiento Guayabal,Corregimiento Guayabal,Corregimiento,Ayuda humanitaria,Neutral,21,Quisiera saber qué documentos faltan para la ayuda humanitaria.
PQR-2026T1-3570,2026-T1,2026,Corregimiento Guayabal,Corregimiento Guayabal,Corregimiento,Ayuda humanitaria,Negativo,23,Llevo tres meses esperando la ayuda humanitaria y no me han dado respuesta.
PQR-2026T1-3571,2026-T1,2026,Corregimiento Guayabal,Corregimiento Guayabal,Corregimiento,Ayuda humanitaria,Neutral,24,Quisiera saber qué documentos faltan para la ayuda humanitaria.
PQR-2026T1-3572,2026-T1,2026,Corregimiento Guayabal,Corregimiento Guayabal,Corregimiento,Ayuda humanitaria,Negativo,17,Llevo tres meses esperando la ayuda humanitaria y no me han dado respuesta.
PQR-2026T1-3573,2026-T1,2026,Corregimiento Guayabal,Corregimiento Guayabal,Corregimiento,Ayuda humanitaria,Positivo,17,Agradezco que me entregaron la ayuda humanitaria rápidamente.
PQR-2026T1-3574,2026-T1,2026,Corregimiento Guayabal,Corregimiento Guayabal,Corregimiento,Ayuda humanitaria,Negativo,19,"Solicité el mercado de emergencia y nunca llegó, mi familia está pasando necesidad."
PQR-2026T1-3575,2026-T1,2026,Corregimiento Guayabal,Corregimiento Guayabal,Corregimiento,Ayuda humanitaria,Negativo,17,Llevo tres meses esperando la ayuda humanitaria y no me han dado respuesta.
PQR-2026T1-3576,2026-T1,2026,Corregimiento Guayabal,Corregimiento Guayabal,Corregimiento,Ayuda humanitaria,Positivo,22,"La atención para la ayuda de emergencia fue oportuna, gracias."
PQR-2026T1-3577,2026-T1,2026,Corregimiento Guayabal,Corregimiento Guayabal,Corregimiento,Ayuda humanitaria,Negativo,22,"Solicité el mercado de emergencia y nunca llegó, mi familia está pasando necesidad."
PQR-2026T1-3578,2026-T1,2026,Corregimiento Guayabal,Corregimiento Guayabal,Corregimiento,Ayuda humanitaria,Neutral,19,Quisiera saber qué documentos faltan para la ayuda humanitaria.
PQR-2026T1-3579,2026-T1,2026,Corregimiento Guayabal,Corregimiento Guayabal,Corregimiento,Ayuda humanitaria,Positivo,19,"La atención para la ayuda de emergencia fue oportuna, gracias."
PQR-2026T1-3580,2026-T1,2026,Corregimiento Guayabal,Corregimiento Guayabal,Corregimiento,Ayuda humanitaria,Positivo,22,Agradezco que me entregaron la ayuda humanitaria rápidamente.
PQR-2026T1-3581,2026-T1,2026,Corregimiento Guayabal,Corregimiento Guayabal,Corregimiento,Ayuda humanitaria,Neutral,19,Pregunto por el estado de mi solicitud de ayuda humanitaria inmediata.
PQR-2026T1-3582,2026-T1,2026,Corregimiento Guayabal,Corregimiento Guayabal,Corregimiento,Ayuda humanitaria,Neutral,23,Pregunto por el estado de mi solicitud de ayuda humanitaria inmediata.
PQR-2026T1-3583,2026-T1,2026,Corregimiento Guayabal,Corregimiento Guayabal,Corregimiento,Ayuda humanitaria,Positivo,16,Agradezco que me entregaron la ayuda humanitaria rápidamente.
PQR-2026T1-3584,2026-T1,2026,Corregimiento Guayabal,Corregimiento Guayabal,Corregimiento,Ayuda humanitaria,Negativo,24,Llevo tres meses esperando la ayuda humanitaria y no me han dado respuesta.
PQR-2026T1-3585,2026-T1,2026,Corregimiento Guayabal,Corregimiento Guayabal,Corregimiento,Ayuda humanitaria,Positivo,21,"La atención para la ayuda de emergencia fue oportuna, gracias."
PQR-2026T1-3586,2026-T1,2026,Corregimiento Guayabal,Corregimiento Guayabal,Corregimiento,Ayuda humanitaria,Positivo,19,"La atención para la ayuda de emergencia fue oportuna, gracias."
PQR-2026T1-3587,2026-T1,2026,Corregimiento Guayabal,Corregimiento Guayabal,Corregimiento,Ayuda humanitaria,Positivo,22,"La atención para la ayuda de emergencia fue oportuna, gracias."
PQR-2026T1-3588,2026-T1,2026,Corregimiento Guayabal,Corregimiento Guayabal,Corregimiento,Ayuda humanitaria,Neutral,21,Quisiera saber qué documentos faltan para la ayuda humanitaria.
PQR-2026T1-3589,2026-T1,2026,Corregimiento Guayabal,Corregimiento Guayabal,Corregimiento,Ayuda humanitaria,Positivo,18,"La atención para la ayuda de emergencia fue oportuna, gracias."
PQR-2026T1-3590,2026-T1,2026,Corregimiento Guayabal,Corregimiento Guayabal,Corregimiento,Ayuda humanitaria,Neutral,19,Quisiera saber qué documentos faltan para la ayuda humanitaria.
PQR-2026T1-3591,2026-T1,2026,Corregimiento Guayabal,Corregimiento Guayabal,Corregimiento,Ayuda humanitaria,Neutral,18,Pregunto por el estado de mi solicitud de ayuda humanitaria inmediata.
PQR-2026T1-3592,2026-T1,2026,Corregimiento Guayabal,Corregimiento Guayabal,Corregimiento,Ayuda humanitaria,Positivo,19,"La atención para la ayuda de emergencia fue oportuna, gracias."
PQR-2026T1-3593,2026-T1,2026,Corregimiento Guayabal,Corregimiento Guayabal,Corregimiento,Ayuda humanitaria,Negativo,20,Llevo tres meses esperando la ayuda humanitaria y no me han dado respuesta.
PQR-2026T1-3594,2026-T1,2026,Corregimiento Guayabal,Corregimiento Guayabal,Corregimiento,Ayuda humanitaria,Neutral,18,Quisiera saber qué documentos faltan para la ayuda humanitaria.
PQR-2026T1-3595,2026-T1,2026,Corregimiento Guayabal,Corregimiento Guayabal,Corregimiento,Ayuda humanitaria,Negativo,20,"Solicité el mercado de emergencia y nunca llegó, mi familia está pasando necesidad."
PQR-2026T1-3596,2026-T1,2026,Corregimiento Guayabal,Corregimiento Guayabal,Corregimiento,Ayuda humanitaria,Neutral,22,Quisiera saber qué documentos faltan para la ayuda humanitaria.
PQR-2026T1-3597,2026-T1,2026,Corregimiento Guayabal,Corregimiento Guayabal,Corregimiento,Ayuda humanitaria,Neutral,19,Pregunto por el estado de mi solicitud de ayuda humanitaria inmediata.
PQR-2026T1-3598,2026-T1,2026,Corregimiento Guayabal,Corregimiento Guayabal,Corregimiento,Indemnización / reparación,Negativo,19,"Fui incluido hace años y todavía no me llega la indemnización, es una injusticia."
PQR-2026T1-3599,2026-T1,2026,Corregimiento Guayabal,Corregimiento Guayabal,Corregimiento,Indemnización / reparación,Neutral,23,¿Cómo consulto el estado de mi proceso de reparación?
PQR-2026T1-3600,2026-T1,2026,Corregimiento Guayabal,Corregimiento Guayabal,Corregimiento,Indemnización / reparación,Negativo,21,No entiendo por qué a otros ya les pagaron la reparación y a mí no.
PQR-2026T1-3601,2026-T1,2026,Corregimiento Guayabal,Corregimiento Guayabal,Corregimiento,Indemnización / reparación,Negativo,22,"Fui incluido hace años y todavía no me llega la indemnización, es una injusticia."
PQR-2026T1-3602,2026-T1,2026,Corregimiento Guayabal,Corregimiento Guayabal,Corregimiento,Indemnización / reparación,Neutral,21,¿Cómo consulto el estado de mi proceso de reparación?
PQR-2026T1-3603,2026-T1,2026,Corregimiento Guayabal,Corregimiento Guayabal,Corregimiento,Indemnización / reparación,Negativo,18,"Fui incluido hace años y todavía no me llega la indemnización, es una injusticia."
PQR-2026T1-3604,2026-T1,2026,Corregimiento Guayabal,Corregimiento Guayabal,Corregimiento,Indemnización / reparación,Negativo,20,No entiendo por qué a otros ya les pagaron la reparación y a mí no.
PQR-2026T1-3605,2026-T1,2026,Corregimiento Guayabal,Corregimiento Guayabal,Corregimiento,Indemnización / reparación,Negativo,21,No entiendo por qué a otros ya les pagaron la reparación y a mí no.
PQR-2026T1-3606,2026-T1,2026,Corregimiento Guayabal,Corregimiento Guayabal,Corregimiento,Indemnización / reparación,Neutral,22,Solicito información sobre el turno de mi indemnización administrativa.
PQR-2026T1-3607,2026-T1,2026,Corregimiento Guayabal,Corregimiento Guayabal,Corregimiento,Indemnización / reparación,Negativo,20,"Fui incluido hace años y todavía no me llega la indemnización, es una injusticia."
PQR-2026T1-3608,2026-T1,2026,Corregimiento Guayabal,Corregimiento Guayabal,Corregimiento,Indemnización / reparación,Negativo,22,No entiendo por qué a otros ya les pagaron la reparación y a mí no.
PQR-2026T1-3609,2026-T1,2026,Corregimiento Guayabal,Corregimiento Guayabal,Corregimiento,Indemnización / reparación,Neutral,23,Solicito información sobre el turno de mi indemnización administrativa.
PQR-2026T1-3610,2026-T1,2026,Corregimiento Guayabal,Corregimiento Guayabal,Corregimiento,Indemnización / reparación,Negativo,19,"Fui incluido hace años y todavía no me llega la indemnización, es una injusticia."
PQR-2026T1-3611,2026-T1,2026,Corregimiento Guayabal,Corregimiento Guayabal,Corregimiento,Indemnización / reparación,Negativo,22,"Fui incluido hace años y todavía no me llega la indemnización, es una injusticia."
PQR-2026T1-3612,2026-T1,2026,Corregimiento Guayabal,Corregimiento Guayabal,Corregimiento,Indemnización / reparación,Negativo,18,"Fui incluido hace años y todavía no me llega la indemnización, es una injusticia."
PQR-2026T1-3613,2026-T1,2026,Corregimiento Guayabal,Corregimiento Guayabal,Corregimiento,Indemnización / reparación,Positivo,23,"Por fin recibí la indemnización, agradezco la gestión de la oficina."
PQR-2026T1-3614,2026-T1,2026,Corregimiento Guayabal,Corregimiento Guayabal,Corregimiento,Indemnización / reparación,Neutral,24,Solicito información sobre el turno de mi indemnización administrativa.
PQR-2026T1-3615,2026-T1,2026,Corregimiento Guayabal,Corregimiento Guayabal,Corregimiento,Vivienda,Neutral,23,Solicito información sobre el subsidio de mejoramiento de vivienda.
PQR-2026T1-3616,2026-T1,2026,Corregimiento Guayabal,Corregimiento Guayabal,Corregimiento,Vivienda,Negativo,18,Postulé al subsidio de vivienda y me rechazaron sin explicación clara.
PQR-2026T1-3617,2026-T1,2026,Corregimiento Guayabal,Corregimiento Guayabal,Corregimiento,Vivienda,Negativo,17,La casa que me asignaron tiene problemas y nadie responde.
PQR-2026T1-3618,2026-T1,2026,Corregimiento Guayabal,Corregimiento Guayabal,Corregimiento,Vivienda,Neutral,20,Pregunto por las convocatorias de vivienda para población víctima.
PQR-2026T1-3619,2026-T1,2026,Corregimiento Guayabal,Corregimiento Guayabal,Corregimiento,Vivienda,Neutral,20,Solicito información sobre el subsidio de mejoramiento de vivienda.
PQR-2026T1-3620,2026-T1,2026,Corregimiento Guayabal,Corregimiento Guayabal,Corregimiento,Vivienda,Negativo,21,La casa que me asignaron tiene problemas y nadie responde.
PQR-2026T1-3621,2026-T1,2026,Corregimiento Guayabal,Corregimiento Guayabal,Corregimiento,Vivienda,Negativo,17,Postulé al subsidio de vivienda y me rechazaron sin explicación clara.
PQR-2026T1-3622,2026-T1,2026,Corregimiento Guayabal,Corregimiento Guayabal,Corregimiento,Vivienda,Neutral,19,Pregunto por las convocatorias de vivienda para población víctima.
PQR-2026T1-3623,2026-T1,2026,Corregimiento Guayabal,Corregimiento Guayabal,Corregimiento,Vivienda,Positivo,20,"Me asignaron la vivienda, muy agradecido con el acompañamiento."
PQR-2026T1-3624,2026-T1,2026,Corregimiento Guayabal,Corregimiento Guayabal,Corregimiento,Vivienda,Negativo,17,Postulé al subsidio de vivienda y me rechazaron sin explicación clara.
PQR-2026T1-3625,2026-T1,2026,Corregimiento Guayabal,Corregimiento Guayabal,Corregimiento,Vivienda,Neutral,22,Solicito información sobre el subsidio de mejoramiento de vivienda.
PQR-2026T1-3626,2026-T1,2026,Corregimiento Guayabal,Corregimiento Guayabal,Corregimiento,Vivienda,Neutral,18,Solicito información sobre el subsidio de mejoramiento de vivienda.
PQR-2026T1-3627,2026-T1,2026,Corregimiento Guayabal,Corregimiento Guayabal,Corregimiento,Vivienda,Negativo,20,Postulé al subsidio de vivienda y me rechazaron sin explicación clara.
PQR-2026T1-3628,2026-T1,2026,Corregimiento Guayabal,Corregimiento Guayabal,Corregimiento,Vivienda,Neutral,17,Solicito información sobre el subsidio de mejoramiento de vivienda.
PQR-2026T1-3629,2026-T1,2026,Corregimiento Guayabal,Corregimiento Guayabal,Corregimiento,Salud y atención psicosocial,Neutral,24,Solicito una cita de atención psicosocial para mi familia.
PQR-2026T1-3630,2026-T1,2026,Corregimiento Guayabal,Corregimiento Guayabal,Corregimiento,Salud y atención psicosocial,Neutral,21,Solicito una cita de atención psicosocial para mi familia.
PQR-2026T1-3631,2026-T1,2026,Corregimiento Guayabal,Corregimiento Guayabal,Corregimiento,Salud y atención psicosocial,Negativo,23,No hay profesionales suficientes para la atención en salud mental.
PQR-2026T1-3632,2026-T1,2026,Corregimiento Guayabal,Corregimiento Guayabal,Corregimiento,Salud y atención psicosocial,Negativo,18,Necesito atención psicosocial y me dan citas para dentro de meses.
PQR-2026T1-3633,2026-T1,2026,Corregimiento Guayabal,Corregimiento Guayabal,Corregimiento,Salud y atención psicosocial,Negativo,20,Necesito atención psicosocial y me dan citas para dentro de meses.
PQR-2026T1-3634,2026-T1,2026,Corregimiento Guayabal,Corregimiento Guayabal,Corregimiento,Salud y atención psicosocial,Positivo,16,"La atención psicosocial me ha ayudado mucho, gracias al equipo."
PQR-2026T1-3635,2026-T1,2026,Corregimiento Guayabal,Corregimiento Guayabal,Corregimiento,Salud y atención psicosocial,Positivo,24,"La atención psicosocial me ha ayudado mucho, gracias al equipo."
PQR-2026T1-3636,2026-T1,2026,Corregimiento Guayabal,Corregimiento Guayabal,Corregimiento,Salud y atención psicosocial,Positivo,23,"La atención psicosocial me ha ayudado mucho, gracias al equipo."
PQR-2026T1-3637,2026-T1,2026,Corregimiento Guayabal,Corregimiento Guayabal,Corregimiento,Salud y atención psicosocial,Neutral,17,Solicito una cita de atención psicosocial para mi familia.
PQR-2026T1-3638,2026-T1,2026,Corregimiento Guayabal,Corregimiento Guayabal,Corregimiento,Salud y atención psicosocial,Negativo,24,Necesito atención psicosocial y me dan citas para dentro de meses.
PQR-2026T1-3639,2026-T1,2026,Corregimiento Guayabal,Corregimiento Guayabal,Corregimiento,Salud y atención psicosocial,Neutral,19,Pregunto por el programa de atención en salud para víctimas.
PQR-2026T1-3640,2026-T1,2026,Corregimiento Guayabal,Corregimiento Guayabal,Corregimiento,Salud y atención psicosocial,Positivo,23,"La atención psicosocial me ha ayudado mucho, gracias al equipo."
PQR-2026T1-3641,2026-T1,2026,Corregimiento Guayabal,Corregimiento Guayabal,Corregimiento,Salud y atención psicosocial,Positivo,22,"La atención psicosocial me ha ayudado mucho, gracias al equipo."
PQR-2026T1-3642,2026-T1,2026,Corregimiento Guayabal,Corregimiento Guayabal,Corregimiento,Educación,Neutral,23,Pregunto por el apoyo educativo para el próximo semestre.
PQR-2026T1-3643,2026-T1,2026,Corregimiento Guayabal,Corregimiento Guayabal,Corregimiento,Educación,Positivo,17,"Mi hija obtuvo el apoyo educativo, muy agradecida."
PQR-2026T1-3644,2026-T1,2026,Corregimiento Guayabal,Corregimiento Guayabal,Corregimiento,Educación,Negativo,19,Mi hijo no ha podido acceder al beneficio educativo prometido.
PQR-2026T1-3645,2026-T1,2026,Corregimiento Guayabal,Corregimiento Guayabal,Corregimiento,Educación,Negativo,19,Falta información sobre los cupos educativos para víctimas.
PQR-2026T1-3646,2026-T1,2026,Corregimiento Guayabal,Corregimiento Guayabal,Corregimiento,Educación,Positivo,21,La orientación sobre educación superior fue útil.
PQR-2026T1-3647,2026-T1,2026,Corregimiento Guayabal,Corregimiento Guayabal,Corregimiento,Educación,Positivo,23,"Mi hija obtuvo el apoyo educativo, muy agradecida."
PQR-2026T1-3648,2026-T1,2026,Corregimiento Guayabal,Corregimiento Guayabal,Corregimiento,Educación,Positivo,23,La orientación sobre educación superior fue útil.
PQR-2026T1-3649,2026-T1,2026,Corregimiento Guayabal,Corregimiento Guayabal,Corregimiento,Educación,Neutral,18,Pregunto por el apoyo educativo para el próximo semestre.
PQR-2026T1-3650,2026-T1,2026,Corregimiento Guayabal,Corregimiento Guayabal,Corregimiento,Educación,Positivo,18,"Mi hija obtuvo el apoyo educativo, muy agradecida."
PQR-2026T1-3651,2026-T1,2026,Corregimiento Guayabal,Corregimiento Guayabal,Corregimiento,Educación,Negativo,24,Mi hijo no ha podido acceder al beneficio educativo prometido.
PQR-2026T1-3652,2026-T1,2026,Corregimiento Guayabal,Corregimiento Guayabal,Corregimiento,Educación,Neutral,22,Solicito información sobre becas para estudiantes víctimas.
PQR-2026T1-3653,2026-T1,2026,Corregimiento Guayabal,Corregimiento Guayabal,Corregimiento,Educación,Positivo,20,La orientación sobre educación superior fue útil.
PQR-2026T1-3654,2026-T1,2026,Corregimiento Guayabal,Corregimiento Guayabal,Corregimiento,Educación,Positivo,19,La orientación sobre educación superior fue útil.
PQR-2026T1-3655,2026-T1,2026,Corregimiento Guayabal,Corregimiento Guayabal,Corregimiento,Registro / inclusión RUV,Neutral,18,Solicito información sobre mi estado en el Registro Único de Víctimas.
PQR-2026T1-3656,2026-T1,2026,Corregimiento Guayabal,Corregimiento Guayabal,Corregimiento,Registro / inclusión RUV,Negativo,22,Me negaron la inclusión y no me explicaron los motivos.
PQR-2026T1-3657,2026-T1,2026,Corregimiento Guayabal,Corregimiento Guayabal,Corregimiento,Registro / inclusión RUV,Neutral,17,¿Qué debo hacer para actualizar mis datos en el RUV?
PQR-2026T1-3658,2026-T1,2026,Corregimiento Guayabal,Corregimiento Guayabal,Corregimiento,Registro / inclusión RUV,Positivo,22,"Me orientaron bien para la declaración, todo salió bien."
PQR-2026T1-3659,2026-T1,2026,Corregimiento Guayabal,Corregimiento Guayabal,Corregimiento,Registro / inclusión RUV,Neutral,21,Solicito información sobre mi estado en el Registro Único de Víctimas.
PQR-2026T1-3660,2026-T1,2026,Corregimiento Guayabal,Corregimiento Guayabal,Corregimiento,Registro / inclusión RUV,Neutral,20,Solicito información sobre mi estado en el Registro Único de Víctimas.
PQR-2026T1-3661,2026-T1,2026,Corregimiento Guayabal,Corregimiento Guayabal,Corregimiento,Registro / inclusión RUV,Negativo,18,Llevo meses esperando que me incluyan en el RUV y no hay respuesta.
PQR-2026T1-3662,2026-T1,2026,Corregimiento Guayabal,Corregimiento Guayabal,Corregimiento,Registro / inclusión RUV,Negativo,24,Me negaron la inclusión y no me explicaron los motivos.
PQR-2026T1-3663,2026-T1,2026,Corregimiento Guayabal,Corregimiento Guayabal,Corregimiento,Registro / inclusión RUV,Negativo,22,Llevo meses esperando que me incluyan en el RUV y no hay respuesta.
PQR-2026T1-3664,2026-T1,2026,Corregimiento Guayabal,Corregimiento Guayabal,Corregimiento,Registro / inclusión RUV,Neutral,19,¿Qué debo hacer para actualizar mis datos en el RUV?
PQR-2026T1-3665,2026-T1,2026,Corregimiento Guayabal,Corregimiento Guayabal,Corregimiento,Registro / inclusión RUV,Positivo,22,"Ya quedé incluido en el registro, agradezco la ayuda."
PQR-2026T1-3666,2026-T1,2026,Corregimiento Guayabal,Corregimiento Guayabal,Corregimiento,Retornos y reubicación,Neutral,19,Solicito información sobre acompañamiento para reubicación.
PQR-2026T1-3667,2026-T1,2026,Corregimiento Guayabal,Corregimiento Guayabal,Corregimiento,Retornos y reubicación,Negativo,18,Solicité apoyo para el retorno y no hay condiciones de seguridad.
PQR-2026T1-3668,2026-T1,2026,Corregimiento Guayabal,Corregimiento Guayabal,Corregimiento,Retornos y reubicación,Neutral,24,Pregunto por el plan de retorno para mi comunidad.
PQR-2026T1-3669,2026-T1,2026,Corregimiento Guayabal,Corregimiento Guayabal,Corregimiento,Retornos y reubicación,Negativo,23,El proceso de reubicación está detenido hace tiempo.
PQR-2026T1-3670,2026-T1,2026,Corregimiento Guayabal,Corregimiento Guayabal,Corregimiento,Retornos y reubicación,Neutral,20,Pregunto por el plan de retorno para mi comunidad.
PQR-2026T1-3671,2026-T1,2026,Corregimiento Guayabal,Corregimiento Guayabal,Corregimiento,Retornos y reubicación,Positivo,24,Nos apoyaron en la reubicación de manera adecuada.
PQR-2026T1-3672,2026-T1,2026,Corregimiento Guayabal,Corregimiento Guayabal,Corregimiento,Retornos y reubicación,Negativo,19,Solicité apoyo para el retorno y no hay condiciones de seguridad.
PQR-2026T1-3673,2026-T1,2026,Corregimiento Guayabal,Corregimiento Guayabal,Corregimiento,Retornos y reubicación,Negativo,19,El proceso de reubicación está detenido hace tiempo.
PQR-2026T1-3674,2026-T1,2026,Corregimiento Guayabal,Corregimiento Guayabal,Corregimiento,Retornos y reubicación,Neutral,23,Solicito información sobre acompañamiento para reubicación.
PQR-2026T1-3675,2026-T1,2026,Corregimiento Guayabal,Corregimiento Guayabal,Corregimiento,Retornos y reubicación,Negativo,21,El proceso de reubicación está detenido hace tiempo.
PQR-2026T1-3676,2026-T1,2026,Corregimiento Guayabal,Corregimiento Guayabal,Corregimiento,Otros trámites,Neutral,21,Pregunto por el horario de atención de la oficina.
PQR-2026T1-3677,2026-T1,2026,Corregimiento Guayabal,Corregimiento Guayabal,Corregimiento,Otros trámites,Neutral,24,Solicito un certificado de mi condición de víctima.
PQR-2026T1-3678,2026-T1,2026,Corregimiento Guayabal,Corregimiento Guayabal,Corregimiento,Otros trámites,Negativo,18,La fila de atención es muy larga y no alcanzan a atender.
PQR-2026T1-3679,2026-T1,2026,Corregimiento Guayabal,Corregimiento Guayabal,Corregimiento,Otros trámites,Neutral,18,Pregunto por el horario de atención de la oficina.
PQR-2026T1-3680,2026-T1,2026,Corregimiento Guayabal,Corregimiento Guayabal,Corregimiento,Otros trámites,Positivo,20,La atención en ventanilla fue amable y rápida.
PQR-2026T1-3681,2026-T1,2026,Corregimiento Guayabal,Corregimiento Guayabal,Corregimiento,Otros trámites,Positivo,23,La atención en ventanilla fue amable y rápida.
PQR-2026T1-3682,2026-T1,2026,Corregimiento Guayabal,Corregimiento Guayabal,Corregimiento,Otros trámites,Negativo,24,La fila de atención es muy larga y no alcanzan a atender.
PQR-2026T1-3683,2026-T1,2026,Corregimiento Guayabal,Corregimiento Guayabal,Corregimiento,Otros trámites,Negativo,24,Me han remitido de una oficina a otra sin resolver mi caso.
PQR-2026T1-3684,2026-T1,2026,Corregimiento Guayabal,Corregimiento Guayabal,Corregimiento,Otros trámites,Neutral,17,Solicito un certificado de mi condición de víctima.
PQR-2026T2-3685,2026-T2,2026,Comuna 1 (Centro),Comuna 1,Comuna,Ayuda humanitaria,Neutral,9,Pregunto por el estado de mi solicitud de ayuda humanitaria inmediata.
PQR-2026T2-3686,2026-T2,2026,Comuna 1 (Centro),Comuna 1,Comuna,Ayuda humanitaria,Negativo,9,"Solicité el mercado de emergencia y nunca llegó, mi familia está pasando necesidad."
PQR-2026T2-3687,2026-T2,2026,Comuna 1 (Centro),Comuna 1,Comuna,Ayuda humanitaria,Neutral,15,Quisiera saber qué documentos faltan para la ayuda humanitaria.
PQR-2026T2-3688,2026-T2,2026,Comuna 1 (Centro),Comuna 1,Comuna,Ayuda humanitaria,Positivo,10,"La atención para la ayuda de emergencia fue oportuna, gracias."
PQR-2026T2-3689,2026-T2,2026,Comuna 1 (Centro),Comuna 1,Comuna,Ayuda humanitaria,Positivo,8,"La atención para la ayuda de emergencia fue oportuna, gracias."
PQR-2026T2-3690,2026-T2,2026,Comuna 1 (Centro),Comuna 1,Comuna,Ayuda humanitaria,Positivo,9,"La atención para la ayuda de emergencia fue oportuna, gracias."
PQR-2026T2-3691,2026-T2,2026,Comuna 1 (Centro),Comuna 1,Comuna,Ayuda humanitaria,Positivo,14,Agradezco que me entregaron la ayuda humanitaria rápidamente.
PQR-2026T2-3692,2026-T2,2026,Comuna 1 (Centro),Comuna 1,Comuna,Ayuda humanitaria,Positivo,16,Agradezco que me entregaron la ayuda humanitaria rápidamente.
PQR-2026T2-3693,2026-T2,2026,Comuna 1 (Centro),Comuna 1,Comuna,Ayuda humanitaria,Negativo,13,Llevo tres meses esperando la ayuda humanitaria y no me han dado respuesta.
PQR-2026T2-3694,2026-T2,2026,Comuna 1 (Centro),Comuna 1,Comuna,Ayuda humanitaria,Negativo,11,Llevo tres meses esperando la ayuda humanitaria y no me han dado respuesta.
PQR-2026T2-3695,2026-T2,2026,Comuna 1 (Centro),Comuna 1,Comuna,Ayuda humanitaria,Negativo,12,"Solicité el mercado de emergencia y nunca llegó, mi familia está pasando necesidad."
PQR-2026T2-3696,2026-T2,2026,Comuna 1 (Centro),Comuna 1,Comuna,Ayuda humanitaria,Neutral,15,Pregunto por el estado de mi solicitud de ayuda humanitaria inmediata.
PQR-2026T2-3697,2026-T2,2026,Comuna 1 (Centro),Comuna 1,Comuna,Ayuda humanitaria,Positivo,13,Agradezco que me entregaron la ayuda humanitaria rápidamente.
PQR-2026T2-3698,2026-T2,2026,Comuna 1 (Centro),Comuna 1,Comuna,Ayuda humanitaria,Negativo,11,Llevo tres meses esperando la ayuda humanitaria y no me han dado respuesta.
PQR-2026T2-3699,2026-T2,2026,Comuna 1 (Centro),Comuna 1,Comuna,Ayuda humanitaria,Positivo,14,"La atención para la ayuda de emergencia fue oportuna, gracias."
PQR-2026T2-3700,2026-T2,2026,Comuna 1 (Centro),Comuna 1,Comuna,Ayuda humanitaria,Neutral,11,Quisiera saber qué documentos faltan para la ayuda humanitaria.
PQR-2026T2-3701,2026-T2,2026,Comuna 1 (Centro),Comuna 1,Comuna,Ayuda humanitaria,Negativo,10,Llevo tres meses esperando la ayuda humanitaria y no me han dado respuesta.
PQR-2026T2-3702,2026-T2,2026,Comuna 1 (Centro),Comuna 1,Comuna,Ayuda humanitaria,Positivo,13,Agradezco que me entregaron la ayuda humanitaria rápidamente.
PQR-2026T2-3703,2026-T2,2026,Comuna 1 (Centro),Comuna 1,Comuna,Ayuda humanitaria,Negativo,9,Llevo tres meses esperando la ayuda humanitaria y no me han dado respuesta.
PQR-2026T2-3704,2026-T2,2026,Comuna 1 (Centro),Comuna 1,Comuna,Ayuda humanitaria,Positivo,13,Agradezco que me entregaron la ayuda humanitaria rápidamente.
PQR-2026T2-3705,2026-T2,2026,Comuna 1 (Centro),Comuna 1,Comuna,Ayuda humanitaria,Negativo,12,"Solicité el mercado de emergencia y nunca llegó, mi familia está pasando necesidad."
PQR-2026T2-3706,2026-T2,2026,Comuna 1 (Centro),Comuna 1,Comuna,Ayuda humanitaria,Neutral,13,Quisiera saber qué documentos faltan para la ayuda humanitaria.
PQR-2026T2-3707,2026-T2,2026,Comuna 1 (Centro),Comuna 1,Comuna,Ayuda humanitaria,Positivo,11,Agradezco que me entregaron la ayuda humanitaria rápidamente.
PQR-2026T2-3708,2026-T2,2026,Comuna 1 (Centro),Comuna 1,Comuna,Ayuda humanitaria,Negativo,15,"Solicité el mercado de emergencia y nunca llegó, mi familia está pasando necesidad."
PQR-2026T2-3709,2026-T2,2026,Comuna 1 (Centro),Comuna 1,Comuna,Ayuda humanitaria,Positivo,13,Agradezco que me entregaron la ayuda humanitaria rápidamente.
PQR-2026T2-3710,2026-T2,2026,Comuna 1 (Centro),Comuna 1,Comuna,Ayuda humanitaria,Negativo,9,"Solicité el mercado de emergencia y nunca llegó, mi familia está pasando necesidad."
PQR-2026T2-3711,2026-T2,2026,Comuna 1 (Centro),Comuna 1,Comuna,Ayuda humanitaria,Negativo,11,"Solicité el mercado de emergencia y nunca llegó, mi familia está pasando necesidad."
PQR-2026T2-3712,2026-T2,2026,Comuna 1 (Centro),Comuna 1,Comuna,Ayuda humanitaria,Negativo,13,Llevo tres meses esperando la ayuda humanitaria y no me han dado respuesta.
PQR-2026T2-3713,2026-T2,2026,Comuna 1 (Centro),Comuna 1,Comuna,Ayuda humanitaria,Negativo,11,Llevo tres meses esperando la ayuda humanitaria y no me han dado respuesta.
PQR-2026T2-3714,2026-T2,2026,Comuna 1 (Centro),Comuna 1,Comuna,Ayuda humanitaria,Negativo,15,"Solicité el mercado de emergencia y nunca llegó, mi familia está pasando necesidad."
PQR-2026T2-3715,2026-T2,2026,Comuna 1 (Centro),Comuna 1,Comuna,Ayuda humanitaria,Positivo,11,Agradezco que me entregaron la ayuda humanitaria rápidamente.
PQR-2026T2-3716,2026-T2,2026,Comuna 1 (Centro),Comuna 1,Comuna,Ayuda humanitaria,Neutral,8,Quisiera saber qué documentos faltan para la ayuda humanitaria.
PQR-2026T2-3717,2026-T2,2026,Comuna 1 (Centro),Comuna 1,Comuna,Ayuda humanitaria,Neutral,14,Pregunto por el estado de mi solicitud de ayuda humanitaria inmediata.
PQR-2026T2-3718,2026-T2,2026,Comuna 1 (Centro),Comuna 1,Comuna,Ayuda humanitaria,Positivo,12,Agradezco que me entregaron la ayuda humanitaria rápidamente.
PQR-2026T2-3719,2026-T2,2026,Comuna 1 (Centro),Comuna 1,Comuna,Ayuda humanitaria,Positivo,13,"La atención para la ayuda de emergencia fue oportuna, gracias."
PQR-2026T2-3720,2026-T2,2026,Comuna 1 (Centro),Comuna 1,Comuna,Ayuda humanitaria,Negativo,15,Llevo tres meses esperando la ayuda humanitaria y no me han dado respuesta.
PQR-2026T2-3721,2026-T2,2026,Comuna 1 (Centro),Comuna 1,Comuna,Ayuda humanitaria,Positivo,14,Agradezco que me entregaron la ayuda humanitaria rápidamente.
PQR-2026T2-3722,2026-T2,2026,Comuna 1 (Centro),Comuna 1,Comuna,Ayuda humanitaria,Negativo,15,Llevo tres meses esperando la ayuda humanitaria y no me han dado respuesta.
PQR-2026T2-3723,2026-T2,2026,Comuna 1 (Centro),Comuna 1,Comuna,Ayuda humanitaria,Negativo,14,Llevo tres meses esperando la ayuda humanitaria y no me han dado respuesta.
PQR-2026T2-3724,2026-T2,2026,Comuna 1 (Centro),Comuna 1,Comuna,Ayuda humanitaria,Negativo,14,Llevo tres meses esperando la ayuda humanitaria y no me han dado respuesta.
PQR-2026T2-3725,2026-T2,2026,Comuna 1 (Centro),Comuna 1,Comuna,Ayuda humanitaria,Positivo,11,Agradezco que me entregaron la ayuda humanitaria rápidamente.
PQR-2026T2-3726,2026-T2,2026,Comuna 1 (Centro),Comuna 1,Comuna,Ayuda humanitaria,Negativo,10,"Solicité el mercado de emergencia y nunca llegó, mi familia está pasando necesidad."
PQR-2026T2-3727,2026-T2,2026,Comuna 1 (Centro),Comuna 1,Comuna,Ayuda humanitaria,Neutral,9,Pregunto por el estado de mi solicitud de ayuda humanitaria inmediata.
PQR-2026T2-3728,2026-T2,2026,Comuna 1 (Centro),Comuna 1,Comuna,Indemnización / reparación,Positivo,16,Me orientaron bien sobre el proceso de reparación.
PQR-2026T2-3729,2026-T2,2026,Comuna 1 (Centro),Comuna 1,Comuna,Indemnización / reparación,Neutral,9,Solicito información sobre el turno de mi indemnización administrativa.
PQR-2026T2-3730,2026-T2,2026,Comuna 1 (Centro),Comuna 1,Comuna,Indemnización / reparación,Negativo,16,"Fui incluido hace años y todavía no me llega la indemnización, es una injusticia."
PQR-2026T2-3731,2026-T2,2026,Comuna 1 (Centro),Comuna 1,Comuna,Indemnización / reparación,Positivo,14,Me orientaron bien sobre el proceso de reparación.
PQR-2026T2-3732,2026-T2,2026,Comuna 1 (Centro),Comuna 1,Comuna,Indemnización / reparación,Negativo,11,No entiendo por qué a otros ya les pagaron la reparación y a mí no.
PQR-2026T2-3733,2026-T2,2026,Comuna 1 (Centro),Comuna 1,Comuna,Indemnización / reparación,Neutral,13,Solicito información sobre el turno de mi indemnización administrativa.
PQR-2026T2-3734,2026-T2,2026,Comuna 1 (Centro),Comuna 1,Comuna,Indemnización / reparación,Negativo,11,No entiendo por qué a otros ya les pagaron la reparación y a mí no.
PQR-2026T2-3735,2026-T2,2026,Comuna 1 (Centro),Comuna 1,Comuna,Indemnización / reparación,Negativo,11,No entiendo por qué a otros ya les pagaron la reparación y a mí no.
PQR-2026T2-3736,2026-T2,2026,Comuna 1 (Centro),Comuna 1,Comuna,Indemnización / reparación,Negativo,12,"Fui incluido hace años y todavía no me llega la indemnización, es una injusticia."
PQR-2026T2-3737,2026-T2,2026,Comuna 1 (Centro),Comuna 1,Comuna,Indemnización / reparación,Neutral,12,¿Cómo consulto el estado de mi proceso de reparación?
PQR-2026T2-3738,2026-T2,2026,Comuna 1 (Centro),Comuna 1,Comuna,Indemnización / reparación,Neutral,14,Solicito información sobre el turno de mi indemnización administrativa.
PQR-2026T2-3739,2026-T2,2026,Comuna 1 (Centro),Comuna 1,Comuna,Indemnización / reparación,Negativo,10,"Fui incluido hace años y todavía no me llega la indemnización, es una injusticia."
PQR-2026T2-3740,2026-T2,2026,Comuna 1 (Centro),Comuna 1,Comuna,Indemnización / reparación,Neutral,15,¿Cómo consulto el estado de mi proceso de reparación?
PQR-2026T2-3741,2026-T2,2026,Comuna 1 (Centro),Comuna 1,Comuna,Indemnización / reparación,Neutral,10,¿Cómo consulto el estado de mi proceso de reparación?
PQR-2026T2-3742,2026-T2,2026,Comuna 1 (Centro),Comuna 1,Comuna,Indemnización / reparación,Negativo,14,No entiendo por qué a otros ya les pagaron la reparación y a mí no.
PQR-2026T2-3743,2026-T2,2026,Comuna 1 (Centro),Comuna 1,Comuna,Indemnización / reparación,Negativo,9,"Fui incluido hace años y todavía no me llega la indemnización, es una injusticia."
PQR-2026T2-3744,2026-T2,2026,Comuna 1 (Centro),Comuna 1,Comuna,Indemnización / reparación,Negativo,12,"Fui incluido hace años y todavía no me llega la indemnización, es una injusticia."
PQR-2026T2-3745,2026-T2,2026,Comuna 1 (Centro),Comuna 1,Comuna,Indemnización / reparación,Negativo,12,"Fui incluido hace años y todavía no me llega la indemnización, es una injusticia."
PQR-2026T2-3746,2026-T2,2026,Comuna 1 (Centro),Comuna 1,Comuna,Indemnización / reparación,Negativo,15,"Fui incluido hace años y todavía no me llega la indemnización, es una injusticia."
PQR-2026T2-3747,2026-T2,2026,Comuna 1 (Centro),Comuna 1,Comuna,Indemnización / reparación,Negativo,9,No entiendo por qué a otros ya les pagaron la reparación y a mí no.
PQR-2026T2-3748,2026-T2,2026,Comuna 1 (Centro),Comuna 1,Comuna,Indemnización / reparación,Negativo,10,"Fui incluido hace años y todavía no me llega la indemnización, es una injusticia."
PQR-2026T2-3749,2026-T2,2026,Comuna 1 (Centro),Comuna 1,Comuna,Indemnización / reparación,Negativo,14,No entiendo por qué a otros ya les pagaron la reparación y a mí no.
PQR-2026T2-3750,2026-T2,2026,Comuna 1 (Centro),Comuna 1,Comuna,Indemnización / reparación,Neutral,15,¿Cómo consulto el estado de mi proceso de reparación?
PQR-2026T2-3751,2026-T2,2026,Comuna 1 (Centro),Comuna 1,Comuna,Indemnización / reparación,Positivo,13,"Por fin recibí la indemnización, agradezco la gestión de la oficina."
PQR-2026T2-3752,2026-T2,2026,Comuna 1 (Centro),Comuna 1,Comuna,Indemnización / reparación,Negativo,12,"Fui incluido hace años y todavía no me llega la indemnización, es una injusticia."
PQR-2026T2-3753,2026-T2,2026,Comuna 1 (Centro),Comuna 1,Comuna,Indemnización / reparación,Neutral,10,¿Cómo consulto el estado de mi proceso de reparación?
PQR-2026T2-3754,2026-T2,2026,Comuna 1 (Centro),Comuna 1,Comuna,Indemnización / reparación,Positivo,10,"Por fin recibí la indemnización, agradezco la gestión de la oficina."
PQR-2026T2-3755,2026-T2,2026,Comuna 1 (Centro),Comuna 1,Comuna,Indemnización / reparación,Negativo,14,"Fui incluido hace años y todavía no me llega la indemnización, es una injusticia."
PQR-2026T2-3756,2026-T2,2026,Comuna 1 (Centro),Comuna 1,Comuna,Indemnización / reparación,Negativo,9,No entiendo por qué a otros ya les pagaron la reparación y a mí no.
PQR-2026T2-3757,2026-T2,2026,Comuna 1 (Centro),Comuna 1,Comuna,Indemnización / reparación,Negativo,15,"Fui incluido hace años y todavía no me llega la indemnización, es una injusticia."
PQR-2026T2-3758,2026-T2,2026,Comuna 1 (Centro),Comuna 1,Comuna,Indemnización / reparación,Negativo,10,"Fui incluido hace años y todavía no me llega la indemnización, es una injusticia."
PQR-2026T2-3759,2026-T2,2026,Comuna 1 (Centro),Comuna 1,Comuna,Indemnización / reparación,Negativo,9,No entiendo por qué a otros ya les pagaron la reparación y a mí no.
PQR-2026T2-3760,2026-T2,2026,Comuna 1 (Centro),Comuna 1,Comuna,Indemnización / reparación,Positivo,9,"Por fin recibí la indemnización, agradezco la gestión de la oficina."
PQR-2026T2-3761,2026-T2,2026,Comuna 1 (Centro),Comuna 1,Comuna,Vivienda,Neutral,15,Pregunto por las convocatorias de vivienda para población víctima.
PQR-2026T2-3762,2026-T2,2026,Comuna 1 (Centro),Comuna 1,Comuna,Vivienda,Neutral,14,Solicito información sobre el subsidio de mejoramiento de vivienda.
PQR-2026T2-3763,2026-T2,2026,Comuna 1 (Centro),Comuna 1,Comuna,Vivienda,Neutral,12,Solicito información sobre el subsidio de mejoramiento de vivienda.
PQR-2026T2-3764,2026-T2,2026,Comuna 1 (Centro),Comuna 1,Comuna,Vivienda,Negativo,10,Postulé al subsidio de vivienda y me rechazaron sin explicación clara.
PQR-2026T2-3765,2026-T2,2026,Comuna 1 (Centro),Comuna 1,Comuna,Vivienda,Neutral,14,Pregunto por las convocatorias de vivienda para población víctima.
PQR-2026T2-3766,2026-T2,2026,Comuna 1 (Centro),Comuna 1,Comuna,Vivienda,Negativo,12,La casa que me asignaron tiene problemas y nadie responde.
PQR-2026T2-3767,2026-T2,2026,Comuna 1 (Centro),Comuna 1,Comuna,Vivienda,Negativo,9,La casa que me asignaron tiene problemas y nadie responde.
PQR-2026T2-3768,2026-T2,2026,Comuna 1 (Centro),Comuna 1,Comuna,Vivienda,Positivo,14,El proceso de postulación a vivienda fue claro.
PQR-2026T2-3769,2026-T2,2026,Comuna 1 (Centro),Comuna 1,Comuna,Vivienda,Negativo,13,La casa que me asignaron tiene problemas y nadie responde.
PQR-2026T2-3770,2026-T2,2026,Comuna 1 (Centro),Comuna 1,Comuna,Vivienda,Negativo,9,Postulé al subsidio de vivienda y me rechazaron sin explicación clara.
PQR-2026T2-3771,2026-T2,2026,Comuna 1 (Centro),Comuna 1,Comuna,Vivienda,Positivo,11,El proceso de postulación a vivienda fue claro.
PQR-2026T2-3772,2026-T2,2026,Comuna 1 (Centro),Comuna 1,Comuna,Vivienda,Positivo,13,"Me asignaron la vivienda, muy agradecido con el acompañamiento."
PQR-2026T2-3773,2026-T2,2026,Comuna 1 (Centro),Comuna 1,Comuna,Vivienda,Neutral,15,Pregunto por las convocatorias de vivienda para población víctima.
PQR-2026T2-3774,2026-T2,2026,Comuna 1 (Centro),Comuna 1,Comuna,Vivienda,Negativo,10,La casa que me asignaron tiene problemas y nadie responde.
PQR-2026T2-3775,2026-T2,2026,Comuna 1 (Centro),Comuna 1,Comuna,Vivienda,Negativo,9,La casa que me asignaron tiene problemas y nadie responde.
PQR-2026T2-3776,2026-T2,2026,Comuna 1 (Centro),Comuna 1,Comuna,Vivienda,Negativo,16,La casa que me asignaron tiene problemas y nadie responde.
PQR-2026T2-3777,2026-T2,2026,Comuna 1 (Centro),Comuna 1,Comuna,Vivienda,Neutral,9,Solicito información sobre el subsidio de mejoramiento de vivienda.
PQR-2026T2-3778,2026-T2,2026,Comuna 1 (Centro),Comuna 1,Comuna,Vivienda,Negativo,15,La casa que me asignaron tiene problemas y nadie responde.
PQR-2026T2-3779,2026-T2,2026,Comuna 1 (Centro),Comuna 1,Comuna,Vivienda,Neutral,9,Pregunto por las convocatorias de vivienda para población víctima.
PQR-2026T2-3780,2026-T2,2026,Comuna 1 (Centro),Comuna 1,Comuna,Vivienda,Neutral,13,Pregunto por las convocatorias de vivienda para población víctima.
PQR-2026T2-3781,2026-T2,2026,Comuna 1 (Centro),Comuna 1,Comuna,Vivienda,Neutral,11,Solicito información sobre el subsidio de mejoramiento de vivienda.
PQR-2026T2-3782,2026-T2,2026,Comuna 1 (Centro),Comuna 1,Comuna,Vivienda,Neutral,8,Pregunto por las convocatorias de vivienda para población víctima.
PQR-2026T2-3783,2026-T2,2026,Comuna 1 (Centro),Comuna 1,Comuna,Vivienda,Negativo,11,Postulé al subsidio de vivienda y me rechazaron sin explicación clara.
PQR-2026T2-3784,2026-T2,2026,Comuna 1 (Centro),Comuna 1,Comuna,Vivienda,Positivo,12,"Me asignaron la vivienda, muy agradecido con el acompañamiento."
PQR-2026T2-3785,2026-T2,2026,Comuna 1 (Centro),Comuna 1,Comuna,Vivienda,Neutral,11,Pregunto por las convocatorias de vivienda para población víctima.
PQR-2026T2-3786,2026-T2,2026,Comuna 1 (Centro),Comuna 1,Comuna,Vivienda,Neutral,10,Pregunto por las convocatorias de vivienda para población víctima.
PQR-2026T2-3787,2026-T2,2026,Comuna 1 (Centro),Comuna 1,Comuna,Vivienda,Neutral,14,Solicito información sobre el subsidio de mejoramiento de vivienda.
PQR-2026T2-3788,2026-T2,2026,Comuna 1 (Centro),Comuna 1,Comuna,Vivienda,Neutral,14,Solicito información sobre el subsidio de mejoramiento de vivienda.
PQR-2026T2-3789,2026-T2,2026,Comuna 1 (Centro),Comuna 1,Comuna,Vivienda,Negativo,13,La casa que me asignaron tiene problemas y nadie responde.
PQR-2026T2-3790,2026-T2,2026,Comuna 1 (Centro),Comuna 1,Comuna,Vivienda,Positivo,15,El proceso de postulación a vivienda fue claro.
PQR-2026T2-3791,2026-T2,2026,Comuna 1 (Centro),Comuna 1,Comuna,Vivienda,Negativo,15,Postulé al subsidio de vivienda y me rechazaron sin explicación clara.
PQR-2026T2-3792,2026-T2,2026,Comuna 1 (Centro),Comuna 1,Comuna,Vivienda,Positivo,10,"Me asignaron la vivienda, muy agradecido con el acompañamiento."
PQR-2026T2-3793,2026-T2,2026,Comuna 1 (Centro),Comuna 1,Comuna,Vivienda,Negativo,12,La casa que me asignaron tiene problemas y nadie responde.
PQR-2026T2-3794,2026-T2,2026,Comuna 1 (Centro),Comuna 1,Comuna,Salud y atención psicosocial,Neutral,12,Solicito una cita de atención psicosocial para mi familia.
PQR-2026T2-3795,2026-T2,2026,Comuna 1 (Centro),Comuna 1,Comuna,Salud y atención psicosocial,Positivo,15,"Recibí buena orientación en salud, quedé satisfecho."
PQR-2026T2-3796,2026-T2,2026,Comuna 1 (Centro),Comuna 1,Comuna,Salud y atención psicosocial,Neutral,8,Solicito una cita de atención psicosocial para mi familia.
PQR-2026T2-3797,2026-T2,2026,Comuna 1 (Centro),Comuna 1,Comuna,Salud y atención psicosocial,Negativo,13,Necesito atención psicosocial y me dan citas para dentro de meses.
PQR-2026T2-3798,2026-T2,2026,Comuna 1 (Centro),Comuna 1,Comuna,Salud y atención psicosocial,Negativo,15,No hay profesionales suficientes para la atención en salud mental.
PQR-2026T2-3799,2026-T2,2026,Comuna 1 (Centro),Comuna 1,Comuna,Salud y atención psicosocial,Positivo,12,"Recibí buena orientación en salud, quedé satisfecho."
PQR-2026T2-3800,2026-T2,2026,Comuna 1 (Centro),Comuna 1,Comuna,Salud y atención psicosocial,Neutral,11,Solicito una cita de atención psicosocial para mi familia.
PQR-2026T2-3801,2026-T2,2026,Comuna 1 (Centro),Comuna 1,Comuna,Salud y atención psicosocial,Positivo,13,"La atención psicosocial me ha ayudado mucho, gracias al equipo."
PQR-2026T2-3802,2026-T2,2026,Comuna 1 (Centro),Comuna 1,Comuna,Salud y atención psicosocial,Negativo,13,No hay profesionales suficientes para la atención en salud mental.
PQR-2026T2-3803,2026-T2,2026,Comuna 1 (Centro),Comuna 1,Comuna,Salud y atención psicosocial,Negativo,12,Necesito atención psicosocial y me dan citas para dentro de meses.
PQR-2026T2-3804,2026-T2,2026,Comuna 1 (Centro),Comuna 1,Comuna,Salud y atención psicosocial,Neutral,16,Solicito una cita de atención psicosocial para mi familia.
PQR-2026T2-3805,2026-T2,2026,Comuna 1 (Centro),Comuna 1,Comuna,Salud y atención psicosocial,Neutral,10,Solicito una cita de atención psicosocial para mi familia.
PQR-2026T2-3806,2026-T2,2026,Comuna 1 (Centro),Comuna 1,Comuna,Salud y atención psicosocial,Negativo,12,No hay profesionales suficientes para la atención en salud mental.
PQR-2026T2-3807,2026-T2,2026,Comuna 1 (Centro),Comuna 1,Comuna,Salud y atención psicosocial,Neutral,12,Solicito una cita de atención psicosocial para mi familia.
PQR-2026T2-3808,2026-T2,2026,Comuna 1 (Centro),Comuna 1,Comuna,Salud y atención psicosocial,Positivo,15,"Recibí buena orientación en salud, quedé satisfecho."
PQR-2026T2-3809,2026-T2,2026,Comuna 1 (Centro),Comuna 1,Comuna,Salud y atención psicosocial,Positivo,9,"Recibí buena orientación en salud, quedé satisfecho."
PQR-2026T2-3810,2026-T2,2026,Comuna 1 (Centro),Comuna 1,Comuna,Salud y atención psicosocial,Positivo,15,"Recibí buena orientación en salud, quedé satisfecho."
PQR-2026T2-3811,2026-T2,2026,Comuna 1 (Centro),Comuna 1,Comuna,Salud y atención psicosocial,Neutral,10,Pregunto por el programa de atención en salud para víctimas.
PQR-2026T2-3812,2026-T2,2026,Comuna 1 (Centro),Comuna 1,Comuna,Educación,Negativo,9,Mi hijo no ha podido acceder al beneficio educativo prometido.
PQR-2026T2-3813,2026-T2,2026,Comuna 1 (Centro),Comuna 1,Comuna,Educación,Positivo,9,"Mi hija obtuvo el apoyo educativo, muy agradecida."
PQR-2026T2-3814,2026-T2,2026,Comuna 1 (Centro),Comuna 1,Comuna,Educación,Negativo,11,Falta información sobre los cupos educativos para víctimas.
PQR-2026T2-3815,2026-T2,2026,Comuna 1 (Centro),Comuna 1,Comuna,Educación,Positivo,9,"Mi hija obtuvo el apoyo educativo, muy agradecida."
PQR-2026T2-3816,2026-T2,2026,Comuna 1 (Centro),Comuna 1,Comuna,Educación,Positivo,14,"Mi hija obtuvo el apoyo educativo, muy agradecida."
PQR-2026T2-3817,2026-T2,2026,Comuna 1 (Centro),Comuna 1,Comuna,Educación,Positivo,14,La orientación sobre educación superior fue útil.
PQR-2026T2-3818,2026-T2,2026,Comuna 1 (Centro),Comuna 1,Comuna,Educación,Neutral,11,Pregunto por el apoyo educativo para el próximo semestre.
PQR-2026T2-3819,2026-T2,2026,Comuna 1 (Centro),Comuna 1,Comuna,Educación,Positivo,11,"Mi hija obtuvo el apoyo educativo, muy agradecida."
PQR-2026T2-3820,2026-T2,2026,Comuna 1 (Centro),Comuna 1,Comuna,Educación,Positivo,14,"Mi hija obtuvo el apoyo educativo, muy agradecida."
PQR-2026T2-3821,2026-T2,2026,Comuna 1 (Centro),Comuna 1,Comuna,Registro / inclusión RUV,Neutral,11,Solicito información sobre mi estado en el Registro Único de Víctimas.
PQR-2026T2-3822,2026-T2,2026,Comuna 1 (Centro),Comuna 1,Comuna,Registro / inclusión RUV,Positivo,12,"Ya quedé incluido en el registro, agradezco la ayuda."
PQR-2026T2-3823,2026-T2,2026,Comuna 1 (Centro),Comuna 1,Comuna,Registro / inclusión RUV,Negativo,12,Llevo meses esperando que me incluyan en el RUV y no hay respuesta.
PQR-2026T2-3824,2026-T2,2026,Comuna 1 (Centro),Comuna 1,Comuna,Registro / inclusión RUV,Positivo,13,"Ya quedé incluido en el registro, agradezco la ayuda."
PQR-2026T2-3825,2026-T2,2026,Comuna 1 (Centro),Comuna 1,Comuna,Registro / inclusión RUV,Neutral,10,Solicito información sobre mi estado en el Registro Único de Víctimas.
PQR-2026T2-3826,2026-T2,2026,Comuna 1 (Centro),Comuna 1,Comuna,Registro / inclusión RUV,Negativo,10,Llevo meses esperando que me incluyan en el RUV y no hay respuesta.
PQR-2026T2-3827,2026-T2,2026,Comuna 1 (Centro),Comuna 1,Comuna,Registro / inclusión RUV,Neutral,10,Solicito información sobre mi estado en el Registro Único de Víctimas.
PQR-2026T2-3828,2026-T2,2026,Comuna 1 (Centro),Comuna 1,Comuna,Registro / inclusión RUV,Neutral,8,Solicito información sobre mi estado en el Registro Único de Víctimas.
PQR-2026T2-3829,2026-T2,2026,Comuna 1 (Centro),Comuna 1,Comuna,Registro / inclusión RUV,Negativo,9,Llevo meses esperando que me incluyan en el RUV y no hay respuesta.
PQR-2026T2-3830,2026-T2,2026,Comuna 1 (Centro),Comuna 1,Comuna,Registro / inclusión RUV,Negativo,15,Llevo meses esperando que me incluyan en el RUV y no hay respuesta.
PQR-2026T2-3831,2026-T2,2026,Comuna 1 (Centro),Comuna 1,Comuna,Registro / inclusión RUV,Negativo,11,Llevo meses esperando que me incluyan en el RUV y no hay respuesta.
PQR-2026T2-3832,2026-T2,2026,Comuna 1 (Centro),Comuna 1,Comuna,Registro / inclusión RUV,Negativo,15,Me negaron la inclusión y no me explicaron los motivos.
PQR-2026T2-3833,2026-T2,2026,Comuna 1 (Centro),Comuna 1,Comuna,Registro / inclusión RUV,Neutral,11,Solicito información sobre mi estado en el Registro Único de Víctimas.
PQR-2026T2-3834,2026-T2,2026,Comuna 1 (Centro),Comuna 1,Comuna,Registro / inclusión RUV,Negativo,8,Llevo meses esperando que me incluyan en el RUV y no hay respuesta.
PQR-2026T2-3835,2026-T2,2026,Comuna 1 (Centro),Comuna 1,Comuna,Registro / inclusión RUV,Neutral,10,Solicito información sobre mi estado en el Registro Único de Víctimas.
PQR-2026T2-3836,2026-T2,2026,Comuna 1 (Centro),Comuna 1,Comuna,Registro / inclusión RUV,Positivo,10,"Ya quedé incluido en el registro, agradezco la ayuda."
PQR-2026T2-3837,2026-T2,2026,Comuna 1 (Centro),Comuna 1,Comuna,Registro / inclusión RUV,Negativo,13,Me negaron la inclusión y no me explicaron los motivos.
PQR-2026T2-3838,2026-T2,2026,Comuna 1 (Centro),Comuna 1,Comuna,Registro / inclusión RUV,Negativo,13,Me negaron la inclusión y no me explicaron los motivos.
PQR-2026T2-3839,2026-T2,2026,Comuna 1 (Centro),Comuna 1,Comuna,Registro / inclusión RUV,Positivo,9,"Me orientaron bien para la declaración, todo salió bien."
PQR-2026T2-3840,2026-T2,2026,Comuna 1 (Centro),Comuna 1,Comuna,Registro / inclusión RUV,Negativo,15,Llevo meses esperando que me incluyan en el RUV y no hay respuesta.
PQR-2026T2-3841,2026-T2,2026,Comuna 1 (Centro),Comuna 1,Comuna,Registro / inclusión RUV,Negativo,16,Me negaron la inclusión y no me explicaron los motivos.
PQR-2026T2-3842,2026-T2,2026,Comuna 1 (Centro),Comuna 1,Comuna,Registro / inclusión RUV,Neutral,15,Solicito información sobre mi estado en el Registro Único de Víctimas.
PQR-2026T2-3843,2026-T2,2026,Comuna 1 (Centro),Comuna 1,Comuna,Registro / inclusión RUV,Neutral,12,¿Qué debo hacer para actualizar mis datos en el RUV?
PQR-2026T2-3844,2026-T2,2026,Comuna 1 (Centro),Comuna 1,Comuna,Registro / inclusión RUV,Neutral,14,Solicito información sobre mi estado en el Registro Único de Víctimas.
PQR-2026T2-3845,2026-T2,2026,Comuna 1 (Centro),Comuna 1,Comuna,Registro / inclusión RUV,Neutral,15,Solicito información sobre mi estado en el Registro Único de Víctimas.
PQR-2026T2-3846,2026-T2,2026,Comuna 1 (Centro),Comuna 1,Comuna,Registro / inclusión RUV,Positivo,16,"Me orientaron bien para la declaración, todo salió bien."
PQR-2026T2-3847,2026-T2,2026,Comuna 1 (Centro),Comuna 1,Comuna,Retornos y reubicación,Positivo,8,"El acompañamiento para el retorno fue bueno, gracias."
PQR-2026T2-3848,2026-T2,2026,Comuna 1 (Centro),Comuna 1,Comuna,Retornos y reubicación,Negativo,10,Solicité apoyo para el retorno y no hay condiciones de seguridad.
PQR-2026T2-3849,2026-T2,2026,Comuna 1 (Centro),Comuna 1,Comuna,Retornos y reubicación,Negativo,14,Solicité apoyo para el retorno y no hay condiciones de seguridad.
PQR-2026T2-3850,2026-T2,2026,Comuna 1 (Centro),Comuna 1,Comuna,Retornos y reubicación,Positivo,16,"El acompañamiento para el retorno fue bueno, gracias."
PQR-2026T2-3851,2026-T2,2026,Comuna 1 (Centro),Comuna 1,Comuna,Retornos y reubicación,Positivo,15,Nos apoyaron en la reubicación de manera adecuada.
PQR-2026T2-3852,2026-T2,2026,Comuna 1 (Centro),Comuna 1,Comuna,Retornos y reubicación,Neutral,14,Solicito información sobre acompañamiento para reubicación.
PQR-2026T2-3853,2026-T2,2026,Comuna 1 (Centro),Comuna 1,Comuna,Retornos y reubicación,Negativo,13,El proceso de reubicación está detenido hace tiempo.
PQR-2026T2-3854,2026-T2,2026,Comuna 1 (Centro),Comuna 1,Comuna,Retornos y reubicación,Negativo,14,El proceso de reubicación está detenido hace tiempo.
PQR-2026T2-3855,2026-T2,2026,Comuna 1 (Centro),Comuna 1,Comuna,Retornos y reubicación,Positivo,11,"El acompañamiento para el retorno fue bueno, gracias."
PQR-2026T2-3856,2026-T2,2026,Comuna 1 (Centro),Comuna 1,Comuna,Retornos y reubicación,Neutral,14,Solicito información sobre acompañamiento para reubicación.
PQR-2026T2-3857,2026-T2,2026,Comuna 1 (Centro),Comuna 1,Comuna,Retornos y reubicación,Neutral,13,Solicito información sobre acompañamiento para reubicación.
PQR-2026T2-3858,2026-T2,2026,Comuna 1 (Centro),Comuna 1,Comuna,Otros trámites,Negativo,10,Me han remitido de una oficina a otra sin resolver mi caso.
PQR-2026T2-3859,2026-T2,2026,Comuna 1 (Centro),Comuna 1,Comuna,Otros trámites,Positivo,11,La atención en ventanilla fue amable y rápida.
PQR-2026T2-3860,2026-T2,2026,Comuna 1 (Centro),Comuna 1,Comuna,Otros trámites,Negativo,11,Me han remitido de una oficina a otra sin resolver mi caso.
PQR-2026T2-3861,2026-T2,2026,Comuna 1 (Centro),Comuna 1,Comuna,Otros trámites,Positivo,10,La atención en ventanilla fue amable y rápida.
PQR-2026T2-3862,2026-T2,2026,Comuna 1 (Centro),Comuna 1,Comuna,Otros trámites,Positivo,10,La atención en ventanilla fue amable y rápida.
PQR-2026T2-3863,2026-T2,2026,Comuna 1 (Centro),Comuna 1,Comuna,Otros trámites,Positivo,9,Me resolvieron el trámite sin complicaciones.
PQR-2026T2-3864,2026-T2,2026,Comuna 1 (Centro),Comuna 1,Comuna,Otros trámites,Positivo,16,Me resolvieron el trámite sin complicaciones.
PQR-2026T2-3865,2026-T2,2026,Comuna 1 (Centro),Comuna 1,Comuna,Otros trámites,Neutral,12,Pregunto por el horario de atención de la oficina.
PQR-2026T2-3866,2026-T2,2026,Comuna 2 (Roma),Comuna 2,Comuna,Ayuda humanitaria,Neutral,11,Pregunto por el estado de mi solicitud de ayuda humanitaria inmediata.
PQR-2026T2-3867,2026-T2,2026,Comuna 2 (Roma),Comuna 2,Comuna,Ayuda humanitaria,Negativo,11,Llevo tres meses esperando la ayuda humanitaria y no me han dado respuesta.
PQR-2026T2-3868,2026-T2,2026,Comuna 2 (Roma),Comuna 2,Comuna,Ayuda humanitaria,Positivo,10,Agradezco que me entregaron la ayuda humanitaria rápidamente.
PQR-2026T2-3869,2026-T2,2026,Comuna 2 (Roma),Comuna 2,Comuna,Ayuda humanitaria,Positivo,10,"La atención para la ayuda de emergencia fue oportuna, gracias."
PQR-2026T2-3870,2026-T2,2026,Comuna 2 (Roma),Comuna 2,Comuna,Ayuda humanitaria,Neutral,9,Quisiera saber qué documentos faltan para la ayuda humanitaria.
PQR-2026T2-3871,2026-T2,2026,Comuna 2 (Roma),Comuna 2,Comuna,Ayuda humanitaria,Neutral,14,Quisiera saber qué documentos faltan para la ayuda humanitaria.
PQR-2026T2-3872,2026-T2,2026,Comuna 2 (Roma),Comuna 2,Comuna,Ayuda humanitaria,Positivo,11,"La atención para la ayuda de emergencia fue oportuna, gracias."
PQR-2026T2-3873,2026-T2,2026,Comuna 2 (Roma),Comuna 2,Comuna,Ayuda humanitaria,Negativo,12,Llevo tres meses esperando la ayuda humanitaria y no me han dado respuesta.
PQR-2026T2-3874,2026-T2,2026,Comuna 2 (Roma),Comuna 2,Comuna,Ayuda humanitaria,Positivo,9,"La atención para la ayuda de emergencia fue oportuna, gracias."
PQR-2026T2-3875,2026-T2,2026,Comuna 2 (Roma),Comuna 2,Comuna,Ayuda humanitaria,Positivo,9,"La atención para la ayuda de emergencia fue oportuna, gracias."
PQR-2026T2-3876,2026-T2,2026,Comuna 2 (Roma),Comuna 2,Comuna,Ayuda humanitaria,Positivo,9,"La atención para la ayuda de emergencia fue oportuna, gracias."
PQR-2026T2-3877,2026-T2,2026,Comuna 2 (Roma),Comuna 2,Comuna,Ayuda humanitaria,Positivo,9,Agradezco que me entregaron la ayuda humanitaria rápidamente.
PQR-2026T2-3878,2026-T2,2026,Comuna 2 (Roma),Comuna 2,Comuna,Ayuda humanitaria,Positivo,10,"La atención para la ayuda de emergencia fue oportuna, gracias."
PQR-2026T2-3879,2026-T2,2026,Comuna 2 (Roma),Comuna 2,Comuna,Ayuda humanitaria,Negativo,13,"Solicité el mercado de emergencia y nunca llegó, mi familia está pasando necesidad."
PQR-2026T2-3880,2026-T2,2026,Comuna 2 (Roma),Comuna 2,Comuna,Ayuda humanitaria,Positivo,10,Agradezco que me entregaron la ayuda humanitaria rápidamente.
PQR-2026T2-3881,2026-T2,2026,Comuna 2 (Roma),Comuna 2,Comuna,Ayuda humanitaria,Neutral,12,Quisiera saber qué documentos faltan para la ayuda humanitaria.
PQR-2026T2-3882,2026-T2,2026,Comuna 2 (Roma),Comuna 2,Comuna,Ayuda humanitaria,Negativo,15,Llevo tres meses esperando la ayuda humanitaria y no me han dado respuesta.
PQR-2026T2-3883,2026-T2,2026,Comuna 2 (Roma),Comuna 2,Comuna,Ayuda humanitaria,Positivo,9,Agradezco que me entregaron la ayuda humanitaria rápidamente.
PQR-2026T2-3884,2026-T2,2026,Comuna 2 (Roma),Comuna 2,Comuna,Ayuda humanitaria,Positivo,12,"La atención para la ayuda de emergencia fue oportuna, gracias."
PQR-2026T2-3885,2026-T2,2026,Comuna 2 (Roma),Comuna 2,Comuna,Ayuda humanitaria,Positivo,11,Agradezco que me entregaron la ayuda humanitaria rápidamente.
PQR-2026T2-3886,2026-T2,2026,Comuna 2 (Roma),Comuna 2,Comuna,Ayuda humanitaria,Positivo,13,Agradezco que me entregaron la ayuda humanitaria rápidamente.
PQR-2026T2-3887,2026-T2,2026,Comuna 2 (Roma),Comuna 2,Comuna,Ayuda humanitaria,Neutral,15,Quisiera saber qué documentos faltan para la ayuda humanitaria.
PQR-2026T2-3888,2026-T2,2026,Comuna 2 (Roma),Comuna 2,Comuna,Ayuda humanitaria,Neutral,15,Quisiera saber qué documentos faltan para la ayuda humanitaria.
PQR-2026T2-3889,2026-T2,2026,Comuna 2 (Roma),Comuna 2,Comuna,Ayuda humanitaria,Neutral,10,Pregunto por el estado de mi solicitud de ayuda humanitaria inmediata.
PQR-2026T2-3890,2026-T2,2026,Comuna 2 (Roma),Comuna 2,Comuna,Ayuda humanitaria,Positivo,10,Agradezco que me entregaron la ayuda humanitaria rápidamente.
PQR-2026T2-3891,2026-T2,2026,Comuna 2 (Roma),Comuna 2,Comuna,Ayuda humanitaria,Positivo,16,"La atención para la ayuda de emergencia fue oportuna, gracias."
PQR-2026T2-3892,2026-T2,2026,Comuna 2 (Roma),Comuna 2,Comuna,Ayuda humanitaria,Neutral,14,Quisiera saber qué documentos faltan para la ayuda humanitaria.
PQR-2026T2-3893,2026-T2,2026,Comuna 2 (Roma),Comuna 2,Comuna,Ayuda humanitaria,Neutral,12,Pregunto por el estado de mi solicitud de ayuda humanitaria inmediata.
PQR-2026T2-3894,2026-T2,2026,Comuna 2 (Roma),Comuna 2,Comuna,Ayuda humanitaria,Positivo,11,Agradezco que me entregaron la ayuda humanitaria rápidamente.
PQR-2026T2-3895,2026-T2,2026,Comuna 2 (Roma),Comuna 2,Comuna,Ayuda humanitaria,Negativo,14,"Solicité el mercado de emergencia y nunca llegó, mi familia está pasando necesidad."
PQR-2026T2-3896,2026-T2,2026,Comuna 2 (Roma),Comuna 2,Comuna,Ayuda humanitaria,Positivo,9,"La atención para la ayuda de emergencia fue oportuna, gracias."
PQR-2026T2-3897,2026-T2,2026,Comuna 2 (Roma),Comuna 2,Comuna,Ayuda humanitaria,Neutral,14,Pregunto por el estado de mi solicitud de ayuda humanitaria inmediata.
PQR-2026T2-3898,2026-T2,2026,Comuna 2 (Roma),Comuna 2,Comuna,Ayuda humanitaria,Positivo,16,"La atención para la ayuda de emergencia fue oportuna, gracias."
PQR-2026T2-3899,2026-T2,2026,Comuna 2 (Roma),Comuna 2,Comuna,Ayuda humanitaria,Positivo,14,"La atención para la ayuda de emergencia fue oportuna, gracias."
PQR-2026T2-3900,2026-T2,2026,Comuna 2 (Roma),Comuna 2,Comuna,Ayuda humanitaria,Negativo,14,"Solicité el mercado de emergencia y nunca llegó, mi familia está pasando necesidad."
PQR-2026T2-3901,2026-T2,2026,Comuna 2 (Roma),Comuna 2,Comuna,Ayuda humanitaria,Neutral,9,Pregunto por el estado de mi solicitud de ayuda humanitaria inmediata.
PQR-2026T2-3902,2026-T2,2026,Comuna 2 (Roma),Comuna 2,Comuna,Ayuda humanitaria,Negativo,9,Llevo tres meses esperando la ayuda humanitaria y no me han dado respuesta.
PQR-2026T2-3903,2026-T2,2026,Comuna 2 (Roma),Comuna 2,Comuna,Ayuda humanitaria,Negativo,9,"Solicité el mercado de emergencia y nunca llegó, mi familia está pasando necesidad."
PQR-2026T2-3904,2026-T2,2026,Comuna 2 (Roma),Comuna 2,Comuna,Ayuda humanitaria,Negativo,13,"Solicité el mercado de emergencia y nunca llegó, mi familia está pasando necesidad."
PQR-2026T2-3905,2026-T2,2026,Comuna 2 (Roma),Comuna 2,Comuna,Ayuda humanitaria,Positivo,16,Agradezco que me entregaron la ayuda humanitaria rápidamente.
PQR-2026T2-3906,2026-T2,2026,Comuna 2 (Roma),Comuna 2,Comuna,Ayuda humanitaria,Negativo,11,"Solicité el mercado de emergencia y nunca llegó, mi familia está pasando necesidad."
PQR-2026T2-3907,2026-T2,2026,Comuna 2 (Roma),Comuna 2,Comuna,Ayuda humanitaria,Positivo,11,Agradezco que me entregaron la ayuda humanitaria rápidamente.
PQR-2026T2-3908,2026-T2,2026,Comuna 2 (Roma),Comuna 2,Comuna,Ayuda humanitaria,Negativo,15,"Solicité el mercado de emergencia y nunca llegó, mi familia está pasando necesidad."
PQR-2026T2-3909,2026-T2,2026,Comuna 2 (Roma),Comuna 2,Comuna,Ayuda humanitaria,Negativo,10,"Solicité el mercado de emergencia y nunca llegó, mi familia está pasando necesidad."
PQR-2026T2-3910,2026-T2,2026,Comuna 2 (Roma),Comuna 2,Comuna,Ayuda humanitaria,Neutral,8,Quisiera saber qué documentos faltan para la ayuda humanitaria.
PQR-2026T2-3911,2026-T2,2026,Comuna 2 (Roma),Comuna 2,Comuna,Ayuda humanitaria,Negativo,12,Llevo tres meses esperando la ayuda humanitaria y no me han dado respuesta.
PQR-2026T2-3912,2026-T2,2026,Comuna 2 (Roma),Comuna 2,Comuna,Ayuda humanitaria,Neutral,11,Pregunto por el estado de mi solicitud de ayuda humanitaria inmediata.
PQR-2026T2-3913,2026-T2,2026,Comuna 2 (Roma),Comuna 2,Comuna,Indemnización / reparación,Negativo,12,No entiendo por qué a otros ya les pagaron la reparación y a mí no.
PQR-2026T2-3914,2026-T2,2026,Comuna 2 (Roma),Comuna 2,Comuna,Indemnización / reparación,Neutral,15,Solicito información sobre el turno de mi indemnización administrativa.
PQR-2026T2-3915,2026-T2,2026,Comuna 2 (Roma),Comuna 2,Comuna,Indemnización / reparación,Negativo,13,"Fui incluido hace años y todavía no me llega la indemnización, es una injusticia."
PQR-2026T2-3916,2026-T2,2026,Comuna 2 (Roma),Comuna 2,Comuna,Indemnización / reparación,Negativo,11,No entiendo por qué a otros ya les pagaron la reparación y a mí no.
PQR-2026T2-3917,2026-T2,2026,Comuna 2 (Roma),Comuna 2,Comuna,Indemnización / reparación,Neutral,11,¿Cómo consulto el estado de mi proceso de reparación?
PQR-2026T2-3918,2026-T2,2026,Comuna 2 (Roma),Comuna 2,Comuna,Indemnización / reparación,Negativo,9,No entiendo por qué a otros ya les pagaron la reparación y a mí no.
PQR-2026T2-3919,2026-T2,2026,Comuna 2 (Roma),Comuna 2,Comuna,Indemnización / reparación,Neutral,10,Solicito información sobre el turno de mi indemnización administrativa.
PQR-2026T2-3920,2026-T2,2026,Comuna 2 (Roma),Comuna 2,Comuna,Indemnización / reparación,Negativo,13,"Fui incluido hace años y todavía no me llega la indemnización, es una injusticia."
PQR-2026T2-3921,2026-T2,2026,Comuna 2 (Roma),Comuna 2,Comuna,Indemnización / reparación,Negativo,11,"Fui incluido hace años y todavía no me llega la indemnización, es una injusticia."
PQR-2026T2-3922,2026-T2,2026,Comuna 2 (Roma),Comuna 2,Comuna,Indemnización / reparación,Negativo,15,No entiendo por qué a otros ya les pagaron la reparación y a mí no.
PQR-2026T2-3923,2026-T2,2026,Comuna 2 (Roma),Comuna 2,Comuna,Indemnización / reparación,Neutral,10,¿Cómo consulto el estado de mi proceso de reparación?
PQR-2026T2-3924,2026-T2,2026,Comuna 2 (Roma),Comuna 2,Comuna,Indemnización / reparación,Negativo,10,No entiendo por qué a otros ya les pagaron la reparación y a mí no.
PQR-2026T2-3925,2026-T2,2026,Comuna 2 (Roma),Comuna 2,Comuna,Indemnización / reparación,Negativo,16,No entiendo por qué a otros ya les pagaron la reparación y a mí no.
PQR-2026T2-3926,2026-T2,2026,Comuna 2 (Roma),Comuna 2,Comuna,Indemnización / reparación,Negativo,14,No entiendo por qué a otros ya les pagaron la reparación y a mí no.
PQR-2026T2-3927,2026-T2,2026,Comuna 2 (Roma),Comuna 2,Comuna,Indemnización / reparación,Negativo,10,No entiendo por qué a otros ya les pagaron la reparación y a mí no.
PQR-2026T2-3928,2026-T2,2026,Comuna 2 (Roma),Comuna 2,Comuna,Indemnización / reparación,Positivo,9,Me orientaron bien sobre el proceso de reparación.
PQR-2026T2-3929,2026-T2,2026,Comuna 2 (Roma),Comuna 2,Comuna,Indemnización / reparación,Negativo,15,No entiendo por qué a otros ya les pagaron la reparación y a mí no.
PQR-2026T2-3930,2026-T2,2026,Comuna 2 (Roma),Comuna 2,Comuna,Indemnización / reparación,Negativo,9,No entiendo por qué a otros ya les pagaron la reparación y a mí no.
PQR-2026T2-3931,2026-T2,2026,Comuna 2 (Roma),Comuna 2,Comuna,Indemnización / reparación,Negativo,8,"Fui incluido hace años y todavía no me llega la indemnización, es una injusticia."
PQR-2026T2-3932,2026-T2,2026,Comuna 2 (Roma),Comuna 2,Comuna,Indemnización / reparación,Neutral,11,¿Cómo consulto el estado de mi proceso de reparación?
PQR-2026T2-3933,2026-T2,2026,Comuna 2 (Roma),Comuna 2,Comuna,Indemnización / reparación,Positivo,12,Me orientaron bien sobre el proceso de reparación.
PQR-2026T2-3934,2026-T2,2026,Comuna 2 (Roma),Comuna 2,Comuna,Indemnización / reparación,Neutral,11,Solicito información sobre el turno de mi indemnización administrativa.
PQR-2026T2-3935,2026-T2,2026,Comuna 2 (Roma),Comuna 2,Comuna,Indemnización / reparación,Negativo,14,"Fui incluido hace años y todavía no me llega la indemnización, es una injusticia."
PQR-2026T2-3936,2026-T2,2026,Comuna 2 (Roma),Comuna 2,Comuna,Indemnización / reparación,Negativo,9,No entiendo por qué a otros ya les pagaron la reparación y a mí no.
PQR-2026T2-3937,2026-T2,2026,Comuna 2 (Roma),Comuna 2,Comuna,Indemnización / reparación,Positivo,14,"Por fin recibí la indemnización, agradezco la gestión de la oficina."
PQR-2026T2-3938,2026-T2,2026,Comuna 2 (Roma),Comuna 2,Comuna,Indemnización / reparación,Neutral,14,Solicito información sobre el turno de mi indemnización administrativa.
PQR-2026T2-3939,2026-T2,2026,Comuna 2 (Roma),Comuna 2,Comuna,Indemnización / reparación,Negativo,12,No entiendo por qué a otros ya les pagaron la reparación y a mí no.
PQR-2026T2-3940,2026-T2,2026,Comuna 2 (Roma),Comuna 2,Comuna,Indemnización / reparación,Neutral,15,¿Cómo consulto el estado de mi proceso de reparación?
PQR-2026T2-3941,2026-T2,2026,Comuna 2 (Roma),Comuna 2,Comuna,Indemnización / reparación,Negativo,9,No entiendo por qué a otros ya les pagaron la reparación y a mí no.
PQR-2026T2-3942,2026-T2,2026,Comuna 2 (Roma),Comuna 2,Comuna,Indemnización / reparación,Negativo,11,No entiendo por qué a otros ya les pagaron la reparación y a mí no.
PQR-2026T2-3943,2026-T2,2026,Comuna 2 (Roma),Comuna 2,Comuna,Indemnización / reparación,Neutral,11,Solicito información sobre el turno de mi indemnización administrativa.
PQR-2026T2-3944,2026-T2,2026,Comuna 2 (Roma),Comuna 2,Comuna,Indemnización / reparación,Negativo,11,No entiendo por qué a otros ya les pagaron la reparación y a mí no.
PQR-2026T2-3945,2026-T2,2026,Comuna 2 (Roma),Comuna 2,Comuna,Indemnización / reparación,Neutral,12,Solicito información sobre el turno de mi indemnización administrativa.
PQR-2026T2-3946,2026-T2,2026,Comuna 2 (Roma),Comuna 2,Comuna,Indemnización / reparación,Negativo,16,"Fui incluido hace años y todavía no me llega la indemnización, es una injusticia."
PQR-2026T2-3947,2026-T2,2026,Comuna 2 (Roma),Comuna 2,Comuna,Indemnización / reparación,Neutral,10,Solicito información sobre el turno de mi indemnización administrativa.
PQR-2026T2-3948,2026-T2,2026,Comuna 2 (Roma),Comuna 2,Comuna,Indemnización / reparación,Negativo,12,"Fui incluido hace años y todavía no me llega la indemnización, es una injusticia."
PQR-2026T2-3949,2026-T2,2026,Comuna 2 (Roma),Comuna 2,Comuna,Indemnización / reparación,Positivo,10,Me orientaron bien sobre el proceso de reparación.
PQR-2026T2-3950,2026-T2,2026,Comuna 2 (Roma),Comuna 2,Comuna,Indemnización / reparación,Neutral,12,Solicito información sobre el turno de mi indemnización administrativa.
PQR-2026T2-3951,2026-T2,2026,Comuna 2 (Roma),Comuna 2,Comuna,Indemnización / reparación,Negativo,8,No entiendo por qué a otros ya les pagaron la reparación y a mí no.
PQR-2026T2-3952,2026-T2,2026,Comuna 2 (Roma),Comuna 2,Comuna,Vivienda,Negativo,10,La casa que me asignaron tiene problemas y nadie responde.
PQR-2026T2-3953,2026-T2,2026,Comuna 2 (Roma),Comuna 2,Comuna,Vivienda,Neutral,15,Solicito información sobre el subsidio de mejoramiento de vivienda.
PQR-2026T2-3954,2026-T2,2026,Comuna 2 (Roma),Comuna 2,Comuna,Vivienda,Neutral,9,Pregunto por las convocatorias de vivienda para población víctima.
PQR-2026T2-3955,2026-T2,2026,Comuna 2 (Roma),Comuna 2,Comuna,Vivienda,Positivo,15,El proceso de postulación a vivienda fue claro.
PQR-2026T2-3956,2026-T2,2026,Comuna 2 (Roma),Comuna 2,Comuna,Vivienda,Neutral,14,Pregunto por las convocatorias de vivienda para población víctima.
PQR-2026T2-3957,2026-T2,2026,Comuna 2 (Roma),Comuna 2,Comuna,Vivienda,Negativo,14,Postulé al subsidio de vivienda y me rechazaron sin explicación clara.
PQR-2026T2-3958,2026-T2,2026,Comuna 2 (Roma),Comuna 2,Comuna,Vivienda,Negativo,10,La casa que me asignaron tiene problemas y nadie responde.
PQR-2026T2-3959,2026-T2,2026,Comuna 2 (Roma),Comuna 2,Comuna,Vivienda,Neutral,11,Solicito información sobre el subsidio de mejoramiento de vivienda.
PQR-2026T2-3960,2026-T2,2026,Comuna 2 (Roma),Comuna 2,Comuna,Vivienda,Negativo,9,La casa que me asignaron tiene problemas y nadie responde.
PQR-2026T2-3961,2026-T2,2026,Comuna 2 (Roma),Comuna 2,Comuna,Vivienda,Negativo,14,Postulé al subsidio de vivienda y me rechazaron sin explicación clara.
PQR-2026T2-3962,2026-T2,2026,Comuna 2 (Roma),Comuna 2,Comuna,Vivienda,Neutral,13,Solicito información sobre el subsidio de mejoramiento de vivienda.
PQR-2026T2-3963,2026-T2,2026,Comuna 2 (Roma),Comuna 2,Comuna,Vivienda,Neutral,15,Solicito información sobre el subsidio de mejoramiento de vivienda.
PQR-2026T2-3964,2026-T2,2026,Comuna 2 (Roma),Comuna 2,Comuna,Vivienda,Negativo,11,La casa que me asignaron tiene problemas y nadie responde.
PQR-2026T2-3965,2026-T2,2026,Comuna 2 (Roma),Comuna 2,Comuna,Vivienda,Negativo,16,Postulé al subsidio de vivienda y me rechazaron sin explicación clara.
PQR-2026T2-3966,2026-T2,2026,Comuna 2 (Roma),Comuna 2,Comuna,Vivienda,Neutral,14,Solicito información sobre el subsidio de mejoramiento de vivienda.
PQR-2026T2-3967,2026-T2,2026,Comuna 2 (Roma),Comuna 2,Comuna,Vivienda,Negativo,12,Postulé al subsidio de vivienda y me rechazaron sin explicación clara.
PQR-2026T2-3968,2026-T2,2026,Comuna 2 (Roma),Comuna 2,Comuna,Vivienda,Negativo,9,Postulé al subsidio de vivienda y me rechazaron sin explicación clara.
PQR-2026T2-3969,2026-T2,2026,Comuna 2 (Roma),Comuna 2,Comuna,Vivienda,Negativo,11,La casa que me asignaron tiene problemas y nadie responde.
PQR-2026T2-3970,2026-T2,2026,Comuna 2 (Roma),Comuna 2,Comuna,Vivienda,Negativo,16,La casa que me asignaron tiene problemas y nadie responde.
PQR-2026T2-3971,2026-T2,2026,Comuna 2 (Roma),Comuna 2,Comuna,Vivienda,Negativo,15,Postulé al subsidio de vivienda y me rechazaron sin explicación clara.
PQR-2026T2-3972,2026-T2,2026,Comuna 2 (Roma),Comuna 2,Comuna,Vivienda,Negativo,11,La casa que me asignaron tiene problemas y nadie responde.
PQR-2026T2-3973,2026-T2,2026,Comuna 2 (Roma),Comuna 2,Comuna,Vivienda,Neutral,11,Solicito información sobre el subsidio de mejoramiento de vivienda.
PQR-2026T2-3974,2026-T2,2026,Comuna 2 (Roma),Comuna 2,Comuna,Vivienda,Positivo,15,"Me asignaron la vivienda, muy agradecido con el acompañamiento."
PQR-2026T2-3975,2026-T2,2026,Comuna 2 (Roma),Comuna 2,Comuna,Vivienda,Neutral,11,Pregunto por las convocatorias de vivienda para población víctima.
PQR-2026T2-3976,2026-T2,2026,Comuna 2 (Roma),Comuna 2,Comuna,Vivienda,Neutral,12,Solicito información sobre el subsidio de mejoramiento de vivienda.
PQR-2026T2-3977,2026-T2,2026,Comuna 2 (Roma),Comuna 2,Comuna,Vivienda,Neutral,13,Pregunto por las convocatorias de vivienda para población víctima.
PQR-2026T2-3978,2026-T2,2026,Comuna 2 (Roma),Comuna 2,Comuna,Vivienda,Positivo,10,El proceso de postulación a vivienda fue claro.
PQR-2026T2-3979,2026-T2,2026,Comuna 2 (Roma),Comuna 2,Comuna,Vivienda,Negativo,14,La casa que me asignaron tiene problemas y nadie responde.
PQR-2026T2-3980,2026-T2,2026,Comuna 2 (Roma),Comuna 2,Comuna,Vivienda,Neutral,16,Solicito información sobre el subsidio de mejoramiento de vivienda.
PQR-2026T2-3981,2026-T2,2026,Comuna 2 (Roma),Comuna 2,Comuna,Vivienda,Negativo,11,La casa que me asignaron tiene problemas y nadie responde.
PQR-2026T2-3982,2026-T2,2026,Comuna 2 (Roma),Comuna 2,Comuna,Vivienda,Neutral,9,Solicito información sobre el subsidio de mejoramiento de vivienda.
PQR-2026T2-3983,2026-T2,2026,Comuna 2 (Roma),Comuna 2,Comuna,Salud y atención psicosocial,Neutral,14,Solicito una cita de atención psicosocial para mi familia.
PQR-2026T2-3984,2026-T2,2026,Comuna 2 (Roma),Comuna 2,Comuna,Salud y atención psicosocial,Positivo,13,"La atención psicosocial me ha ayudado mucho, gracias al equipo."
PQR-2026T2-3985,2026-T2,2026,Comuna 2 (Roma),Comuna 2,Comuna,Salud y atención psicosocial,Negativo,13,Necesito atención psicosocial y me dan citas para dentro de meses.
PQR-2026T2-3986,2026-T2,2026,Comuna 2 (Roma),Comuna 2,Comuna,Salud y atención psicosocial,Positivo,15,"La atención psicosocial me ha ayudado mucho, gracias al equipo."
PQR-2026T2-3987,2026-T2,2026,Comuna 2 (Roma),Comuna 2,Comuna,Salud y atención psicosocial,Positivo,8,"La atención psicosocial me ha ayudado mucho, gracias al equipo."
PQR-2026T2-3988,2026-T2,2026,Comuna 2 (Roma),Comuna 2,Comuna,Salud y atención psicosocial,Neutral,9,Solicito una cita de atención psicosocial para mi familia.
PQR-2026T2-3989,2026-T2,2026,Comuna 2 (Roma),Comuna 2,Comuna,Salud y atención psicosocial,Neutral,14,Solicito una cita de atención psicosocial para mi familia.
PQR-2026T2-3990,2026-T2,2026,Comuna 2 (Roma),Comuna 2,Comuna,Salud y atención psicosocial,Negativo,14,No hay profesionales suficientes para la atención en salud mental.
PQR-2026T2-3991,2026-T2,2026,Comuna 2 (Roma),Comuna 2,Comuna,Salud y atención psicosocial,Neutral,9,Pregunto por el programa de atención en salud para víctimas.
PQR-2026T2-3992,2026-T2,2026,Comuna 2 (Roma),Comuna 2,Comuna,Salud y atención psicosocial,Neutral,16,Solicito una cita de atención psicosocial para mi familia.
PQR-2026T2-3993,2026-T2,2026,Comuna 2 (Roma),Comuna 2,Comuna,Salud y atención psicosocial,Positivo,11,"Recibí buena orientación en salud, quedé satisfecho."
PQR-2026T2-3994,2026-T2,2026,Comuna 2 (Roma),Comuna 2,Comuna,Salud y atención psicosocial,Neutral,10,Pregunto por el programa de atención en salud para víctimas.
PQR-2026T2-3995,2026-T2,2026,Comuna 2 (Roma),Comuna 2,Comuna,Salud y atención psicosocial,Neutral,10,Pregunto por el programa de atención en salud para víctimas.
PQR-2026T2-3996,2026-T2,2026,Comuna 2 (Roma),Comuna 2,Comuna,Salud y atención psicosocial,Positivo,14,"La atención psicosocial me ha ayudado mucho, gracias al equipo."
PQR-2026T2-3997,2026-T2,2026,Comuna 2 (Roma),Comuna 2,Comuna,Salud y atención psicosocial,Neutral,11,Solicito una cita de atención psicosocial para mi familia.
PQR-2026T2-3998,2026-T2,2026,Comuna 2 (Roma),Comuna 2,Comuna,Salud y atención psicosocial,Positivo,11,"La atención psicosocial me ha ayudado mucho, gracias al equipo."
PQR-2026T2-3999,2026-T2,2026,Comuna 2 (Roma),Comuna 2,Comuna,Salud y atención psicosocial,Neutral,11,Solicito una cita de atención psicosocial para mi familia.
PQR-2026T2-4000,2026-T2,2026,Comuna 2 (Roma),Comuna 2,Comuna,Salud y atención psicosocial,Neutral,15,Pregunto por el programa de atención en salud para víctimas.
PQR-2026T2-4001,2026-T2,2026,Comuna 2 (Roma),Comuna 2,Comuna,Salud y atención psicosocial,Neutral,14,Solicito una cita de atención psicosocial para mi familia.
PQR-2026T2-4002,2026-T2,2026,Comuna 2 (Roma),Comuna 2,Comuna,Salud y atención psicosocial,Neutral,15,Solicito una cita de atención psicosocial para mi familia.
PQR-2026T2-4003,2026-T2,2026,Comuna 2 (Roma),Comuna 2,Comuna,Educación,Positivo,10,La orientación sobre educación superior fue útil.
PQR-2026T2-4004,2026-T2,2026,Comuna 2 (Roma),Comuna 2,Comuna,Educación,Neutral,12,Pregunto por el apoyo educativo para el próximo semestre.
PQR-2026T2-4005,2026-T2,2026,Comuna 2 (Roma),Comuna 2,Comuna,Educación,Negativo,15,Mi hijo no ha podido acceder al beneficio educativo prometido.
PQR-2026T2-4006,2026-T2,2026,Comuna 2 (Roma),Comuna 2,Comuna,Educación,Neutral,12,Solicito información sobre becas para estudiantes víctimas.
PQR-2026T2-4007,2026-T2,2026,Comuna 2 (Roma),Comuna 2,Comuna,Educación,Positivo,9,La orientación sobre educación superior fue útil.
PQR-2026T2-4008,2026-T2,2026,Comuna 2 (Roma),Comuna 2,Comuna,Educación,Positivo,13,"Mi hija obtuvo el apoyo educativo, muy agradecida."
PQR-2026T2-4009,2026-T2,2026,Comuna 2 (Roma),Comuna 2,Comuna,Educación,Neutral,13,Pregunto por el apoyo educativo para el próximo semestre.
PQR-2026T2-4010,2026-T2,2026,Comuna 2 (Roma),Comuna 2,Comuna,Educación,Neutral,9,Pregunto por el apoyo educativo para el próximo semestre.
PQR-2026T2-4011,2026-T2,2026,Comuna 2 (Roma),Comuna 2,Comuna,Educación,Negativo,15,Mi hijo no ha podido acceder al beneficio educativo prometido.
PQR-2026T2-4012,2026-T2,2026,Comuna 2 (Roma),Comuna 2,Comuna,Educación,Positivo,9,"Mi hija obtuvo el apoyo educativo, muy agradecida."
PQR-2026T2-4013,2026-T2,2026,Comuna 2 (Roma),Comuna 2,Comuna,Educación,Negativo,16,Falta información sobre los cupos educativos para víctimas.
PQR-2026T2-4014,2026-T2,2026,Comuna 2 (Roma),Comuna 2,Comuna,Educación,Negativo,11,Mi hijo no ha podido acceder al beneficio educativo prometido.
PQR-2026T2-4015,2026-T2,2026,Comuna 2 (Roma),Comuna 2,Comuna,Educación,Positivo,14,"Mi hija obtuvo el apoyo educativo, muy agradecida."
PQR-2026T2-4016,2026-T2,2026,Comuna 2 (Roma),Comuna 2,Comuna,Educación,Positivo,13,"Mi hija obtuvo el apoyo educativo, muy agradecida."
PQR-2026T2-4017,2026-T2,2026,Comuna 2 (Roma),Comuna 2,Comuna,Educación,Neutral,13,Pregunto por el apoyo educativo para el próximo semestre.
PQR-2026T2-4018,2026-T2,2026,Comuna 2 (Roma),Comuna 2,Comuna,Educación,Neutral,16,Solicito información sobre becas para estudiantes víctimas.
PQR-2026T2-4019,2026-T2,2026,Comuna 2 (Roma),Comuna 2,Comuna,Educación,Neutral,11,Pregunto por el apoyo educativo para el próximo semestre.
PQR-2026T2-4020,2026-T2,2026,Comuna 2 (Roma),Comuna 2,Comuna,Educación,Positivo,11,La orientación sobre educación superior fue útil.
PQR-2026T2-4021,2026-T2,2026,Comuna 2 (Roma),Comuna 2,Comuna,Educación,Neutral,14,Pregunto por el apoyo educativo para el próximo semestre.
PQR-2026T2-4022,2026-T2,2026,Comuna 2 (Roma),Comuna 2,Comuna,Registro / inclusión RUV,Negativo,15,Me negaron la inclusión y no me explicaron los motivos.
PQR-2026T2-4023,2026-T2,2026,Comuna 2 (Roma),Comuna 2,Comuna,Registro / inclusión RUV,Negativo,12,Me negaron la inclusión y no me explicaron los motivos.
PQR-2026T2-4024,2026-T2,2026,Comuna 2 (Roma),Comuna 2,Comuna,Registro / inclusión RUV,Neutral,9,Solicito información sobre mi estado en el Registro Único de Víctimas.
PQR-2026T2-4025,2026-T2,2026,Comuna 2 (Roma),Comuna 2,Comuna,Registro / inclusión RUV,Neutral,16,¿Qué debo hacer para actualizar mis datos en el RUV?
PQR-2026T2-4026,2026-T2,2026,Comuna 2 (Roma),Comuna 2,Comuna,Registro / inclusión RUV,Negativo,8,Me negaron la inclusión y no me explicaron los motivos.
PQR-2026T2-4027,2026-T2,2026,Comuna 2 (Roma),Comuna 2,Comuna,Registro / inclusión RUV,Negativo,8,Llevo meses esperando que me incluyan en el RUV y no hay respuesta.
PQR-2026T2-4028,2026-T2,2026,Comuna 2 (Roma),Comuna 2,Comuna,Registro / inclusión RUV,Neutral,16,Solicito información sobre mi estado en el Registro Único de Víctimas.
PQR-2026T2-4029,2026-T2,2026,Comuna 2 (Roma),Comuna 2,Comuna,Registro / inclusión RUV,Neutral,11,Solicito información sobre mi estado en el Registro Único de Víctimas.
PQR-2026T2-4030,2026-T2,2026,Comuna 2 (Roma),Comuna 2,Comuna,Registro / inclusión RUV,Positivo,10,"Ya quedé incluido en el registro, agradezco la ayuda."
PQR-2026T2-4031,2026-T2,2026,Comuna 2 (Roma),Comuna 2,Comuna,Registro / inclusión RUV,Negativo,12,Llevo meses esperando que me incluyan en el RUV y no hay respuesta.
PQR-2026T2-4032,2026-T2,2026,Comuna 2 (Roma),Comuna 2,Comuna,Registro / inclusión RUV,Negativo,9,Me negaron la inclusión y no me explicaron los motivos.
PQR-2026T2-4033,2026-T2,2026,Comuna 2 (Roma),Comuna 2,Comuna,Registro / inclusión RUV,Positivo,11,"Ya quedé incluido en el registro, agradezco la ayuda."
PQR-2026T2-4034,2026-T2,2026,Comuna 2 (Roma),Comuna 2,Comuna,Registro / inclusión RUV,Neutral,9,¿Qué debo hacer para actualizar mis datos en el RUV?
PQR-2026T2-4035,2026-T2,2026,Comuna 2 (Roma),Comuna 2,Comuna,Registro / inclusión RUV,Neutral,16,Solicito información sobre mi estado en el Registro Único de Víctimas.
PQR-2026T2-4036,2026-T2,2026,Comuna 2 (Roma),Comuna 2,Comuna,Registro / inclusión RUV,Neutral,10,¿Qué debo hacer para actualizar mis datos en el RUV?
PQR-2026T2-4037,2026-T2,2026,Comuna 2 (Roma),Comuna 2,Comuna,Registro / inclusión RUV,Negativo,13,Me negaron la inclusión y no me explicaron los motivos.
PQR-2026T2-4038,2026-T2,2026,Comuna 2 (Roma),Comuna 2,Comuna,Registro / inclusión RUV,Neutral,12,¿Qué debo hacer para actualizar mis datos en el RUV?
PQR-2026T2-4039,2026-T2,2026,Comuna 2 (Roma),Comuna 2,Comuna,Registro / inclusión RUV,Positivo,11,"Me orientaron bien para la declaración, todo salió bien."
PQR-2026T2-4040,2026-T2,2026,Comuna 2 (Roma),Comuna 2,Comuna,Registro / inclusión RUV,Neutral,14,¿Qué debo hacer para actualizar mis datos en el RUV?
PQR-2026T2-4041,2026-T2,2026,Comuna 2 (Roma),Comuna 2,Comuna,Registro / inclusión RUV,Neutral,12,Solicito información sobre mi estado en el Registro Único de Víctimas.
PQR-2026T2-4042,2026-T2,2026,Comuna 2 (Roma),Comuna 2,Comuna,Registro / inclusión RUV,Negativo,11,Me negaron la inclusión y no me explicaron los motivos.
PQR-2026T2-4043,2026-T2,2026,Comuna 2 (Roma),Comuna 2,Comuna,Registro / inclusión RUV,Positivo,16,"Me orientaron bien para la declaración, todo salió bien."
PQR-2026T2-4044,2026-T2,2026,Comuna 2 (Roma),Comuna 2,Comuna,Registro / inclusión RUV,Neutral,12,¿Qué debo hacer para actualizar mis datos en el RUV?
PQR-2026T2-4045,2026-T2,2026,Comuna 2 (Roma),Comuna 2,Comuna,Registro / inclusión RUV,Negativo,9,Llevo meses esperando que me incluyan en el RUV y no hay respuesta.
PQR-2026T2-4046,2026-T2,2026,Comuna 2 (Roma),Comuna 2,Comuna,Registro / inclusión RUV,Negativo,8,Me negaron la inclusión y no me explicaron los motivos.
PQR-2026T2-4047,2026-T2,2026,Comuna 2 (Roma),Comuna 2,Comuna,Registro / inclusión RUV,Positivo,10,"Me orientaron bien para la declaración, todo salió bien."
PQR-2026T2-4048,2026-T2,2026,Comuna 2 (Roma),Comuna 2,Comuna,Registro / inclusión RUV,Neutral,9,Solicito información sobre mi estado en el Registro Único de Víctimas.
PQR-2026T2-4049,2026-T2,2026,Comuna 2 (Roma),Comuna 2,Comuna,Registro / inclusión RUV,Positivo,13,"Ya quedé incluido en el registro, agradezco la ayuda."
PQR-2026T2-4050,2026-T2,2026,Comuna 2 (Roma),Comuna 2,Comuna,Registro / inclusión RUV,Neutral,12,Solicito información sobre mi estado en el Registro Único de Víctimas.
PQR-2026T2-4051,2026-T2,2026,Comuna 2 (Roma),Comuna 2,Comuna,Registro / inclusión RUV,Positivo,8,"Ya quedé incluido en el registro, agradezco la ayuda."
PQR-2026T2-4052,2026-T2,2026,Comuna 2 (Roma),Comuna 2,Comuna,Retornos y reubicación,Neutral,9,Solicito información sobre acompañamiento para reubicación.
PQR-2026T2-4053,2026-T2,2026,Comuna 2 (Roma),Comuna 2,Comuna,Retornos y reubicación,Positivo,15,"El acompañamiento para el retorno fue bueno, gracias."
PQR-2026T2-4054,2026-T2,2026,Comuna 2 (Roma),Comuna 2,Comuna,Retornos y reubicación,Neutral,8,Solicito información sobre acompañamiento para reubicación.
PQR-2026T2-4055,2026-T2,2026,Comuna 2 (Roma),Comuna 2,Comuna,Retornos y reubicación,Negativo,10,El proceso de reubicación está detenido hace tiempo.
PQR-2026T2-4056,2026-T2,2026,Comuna 2 (Roma),Comuna 2,Comuna,Retornos y reubicación,Positivo,16,Nos apoyaron en la reubicación de manera adecuada.
PQR-2026T2-4057,2026-T2,2026,Comuna 2 (Roma),Comuna 2,Comuna,Retornos y reubicación,Neutral,15,Solicito información sobre acompañamiento para reubicación.
PQR-2026T2-4058,2026-T2,2026,Comuna 2 (Roma),Comuna 2,Comuna,Retornos y reubicación,Negativo,8,Solicité apoyo para el retorno y no hay condiciones de seguridad.
PQR-2026T2-4059,2026-T2,2026,Comuna 2 (Roma),Comuna 2,Comuna,Otros trámites,Neutral,12,Solicito un certificado de mi condición de víctima.
PQR-2026T2-4060,2026-T2,2026,Comuna 2 (Roma),Comuna 2,Comuna,Otros trámites,Negativo,11,La fila de atención es muy larga y no alcanzan a atender.
PQR-2026T2-4061,2026-T2,2026,Comuna 2 (Roma),Comuna 2,Comuna,Otros trámites,Neutral,9,Solicito un certificado de mi condición de víctima.
PQR-2026T2-4062,2026-T2,2026,Comuna 2 (Roma),Comuna 2,Comuna,Otros trámites,Positivo,16,Me resolvieron el trámite sin complicaciones.
PQR-2026T2-4063,2026-T2,2026,Comuna 2 (Roma),Comuna 2,Comuna,Otros trámites,Neutral,11,Solicito un certificado de mi condición de víctima.
PQR-2026T2-4064,2026-T2,2026,Comuna 2 (Roma),Comuna 2,Comuna,Otros trámites,Neutral,15,Pregunto por el horario de atención de la oficina.
PQR-2026T2-4065,2026-T2,2026,Comuna 2 (Roma),Comuna 2,Comuna,Otros trámites,Neutral,13,Pregunto por el horario de atención de la oficina.
PQR-2026T2-4066,2026-T2,2026,Comuna 2 (Roma),Comuna 2,Comuna,Otros trámites,Positivo,12,La atención en ventanilla fue amable y rápida.
PQR-2026T2-4067,2026-T2,2026,Comuna 2 (Roma),Comuna 2,Comuna,Otros trámites,Positivo,10,Me resolvieron el trámite sin complicaciones.
PQR-2026T2-4068,2026-T2,2026,Comuna 3 (Yesca Grande),Comuna 3,Comuna,Ayuda humanitaria,Negativo,13,Llevo tres meses esperando la ayuda humanitaria y no me han dado respuesta.
PQR-2026T2-4069,2026-T2,2026,Comuna 3 (Yesca Grande),Comuna 3,Comuna,Ayuda humanitaria,Negativo,10,Llevo tres meses esperando la ayuda humanitaria y no me han dado respuesta.
PQR-2026T2-4070,2026-T2,2026,Comuna 3 (Yesca Grande),Comuna 3,Comuna,Ayuda humanitaria,Positivo,11,Agradezco que me entregaron la ayuda humanitaria rápidamente.
PQR-2026T2-4071,2026-T2,2026,Comuna 3 (Yesca Grande),Comuna 3,Comuna,Ayuda humanitaria,Negativo,10,"Solicité el mercado de emergencia y nunca llegó, mi familia está pasando necesidad."
PQR-2026T2-4072,2026-T2,2026,Comuna 3 (Yesca Grande),Comuna 3,Comuna,Ayuda humanitaria,Neutral,11,Pregunto por el estado de mi solicitud de ayuda humanitaria inmediata.
PQR-2026T2-4073,2026-T2,2026,Comuna 3 (Yesca Grande),Comuna 3,Comuna,Ayuda humanitaria,Positivo,12,"La atención para la ayuda de emergencia fue oportuna, gracias."
PQR-2026T2-4074,2026-T2,2026,Comuna 3 (Yesca Grande),Comuna 3,Comuna,Ayuda humanitaria,Negativo,10,Llevo tres meses esperando la ayuda humanitaria y no me han dado respuesta.
PQR-2026T2-4075,2026-T2,2026,Comuna 3 (Yesca Grande),Comuna 3,Comuna,Ayuda humanitaria,Positivo,13,Agradezco que me entregaron la ayuda humanitaria rápidamente.
PQR-2026T2-4076,2026-T2,2026,Comuna 3 (Yesca Grande),Comuna 3,Comuna,Ayuda humanitaria,Positivo,15,Agradezco que me entregaron la ayuda humanitaria rápidamente.
PQR-2026T2-4077,2026-T2,2026,Comuna 3 (Yesca Grande),Comuna 3,Comuna,Ayuda humanitaria,Negativo,11,"Solicité el mercado de emergencia y nunca llegó, mi familia está pasando necesidad."
PQR-2026T2-4078,2026-T2,2026,Comuna 3 (Yesca Grande),Comuna 3,Comuna,Ayuda humanitaria,Positivo,11,"La atención para la ayuda de emergencia fue oportuna, gracias."
PQR-2026T2-4079,2026-T2,2026,Comuna 3 (Yesca Grande),Comuna 3,Comuna,Ayuda humanitaria,Neutral,16,Pregunto por el estado de mi solicitud de ayuda humanitaria inmediata.
PQR-2026T2-4080,2026-T2,2026,Comuna 3 (Yesca Grande),Comuna 3,Comuna,Ayuda humanitaria,Positivo,10,Agradezco que me entregaron la ayuda humanitaria rápidamente.
PQR-2026T2-4081,2026-T2,2026,Comuna 3 (Yesca Grande),Comuna 3,Comuna,Ayuda humanitaria,Neutral,11,Pregunto por el estado de mi solicitud de ayuda humanitaria inmediata.
PQR-2026T2-4082,2026-T2,2026,Comuna 3 (Yesca Grande),Comuna 3,Comuna,Ayuda humanitaria,Negativo,14,Llevo tres meses esperando la ayuda humanitaria y no me han dado respuesta.
PQR-2026T2-4083,2026-T2,2026,Comuna 3 (Yesca Grande),Comuna 3,Comuna,Ayuda humanitaria,Neutral,12,Quisiera saber qué documentos faltan para la ayuda humanitaria.
PQR-2026T2-4084,2026-T2,2026,Comuna 3 (Yesca Grande),Comuna 3,Comuna,Ayuda humanitaria,Positivo,12,Agradezco que me entregaron la ayuda humanitaria rápidamente.
PQR-2026T2-4085,2026-T2,2026,Comuna 3 (Yesca Grande),Comuna 3,Comuna,Ayuda humanitaria,Neutral,13,Pregunto por el estado de mi solicitud de ayuda humanitaria inmediata.
PQR-2026T2-4086,2026-T2,2026,Comuna 3 (Yesca Grande),Comuna 3,Comuna,Ayuda humanitaria,Negativo,15,Llevo tres meses esperando la ayuda humanitaria y no me han dado respuesta.
PQR-2026T2-4087,2026-T2,2026,Comuna 3 (Yesca Grande),Comuna 3,Comuna,Ayuda humanitaria,Negativo,9,Llevo tres meses esperando la ayuda humanitaria y no me han dado respuesta.
PQR-2026T2-4088,2026-T2,2026,Comuna 3 (Yesca Grande),Comuna 3,Comuna,Ayuda humanitaria,Positivo,11,Agradezco que me entregaron la ayuda humanitaria rápidamente.
PQR-2026T2-4089,2026-T2,2026,Comuna 3 (Yesca Grande),Comuna 3,Comuna,Ayuda humanitaria,Negativo,16,Llevo tres meses esperando la ayuda humanitaria y no me han dado respuesta.
PQR-2026T2-4090,2026-T2,2026,Comuna 3 (Yesca Grande),Comuna 3,Comuna,Ayuda humanitaria,Positivo,9,"La atención para la ayuda de emergencia fue oportuna, gracias."
PQR-2026T2-4091,2026-T2,2026,Comuna 3 (Yesca Grande),Comuna 3,Comuna,Ayuda humanitaria,Negativo,12,Llevo tres meses esperando la ayuda humanitaria y no me han dado respuesta.
PQR-2026T2-4092,2026-T2,2026,Comuna 3 (Yesca Grande),Comuna 3,Comuna,Ayuda humanitaria,Neutral,12,Quisiera saber qué documentos faltan para la ayuda humanitaria.
PQR-2026T2-4093,2026-T2,2026,Comuna 3 (Yesca Grande),Comuna 3,Comuna,Ayuda humanitaria,Positivo,16,Agradezco que me entregaron la ayuda humanitaria rápidamente.
PQR-2026T2-4094,2026-T2,2026,Comuna 3 (Yesca Grande),Comuna 3,Comuna,Ayuda humanitaria,Neutral,16,Quisiera saber qué documentos faltan para la ayuda humanitaria.
PQR-2026T2-4095,2026-T2,2026,Comuna 3 (Yesca Grande),Comuna 3,Comuna,Ayuda humanitaria,Positivo,8,Agradezco que me entregaron la ayuda humanitaria rápidamente.
PQR-2026T2-4096,2026-T2,2026,Comuna 3 (Yesca Grande),Comuna 3,Comuna,Ayuda humanitaria,Negativo,13,"Solicité el mercado de emergencia y nunca llegó, mi familia está pasando necesidad."
PQR-2026T2-4097,2026-T2,2026,Comuna 3 (Yesca Grande),Comuna 3,Comuna,Ayuda humanitaria,Positivo,10,"La atención para la ayuda de emergencia fue oportuna, gracias."
PQR-2026T2-4098,2026-T2,2026,Comuna 3 (Yesca Grande),Comuna 3,Comuna,Ayuda humanitaria,Neutral,11,Pregunto por el estado de mi solicitud de ayuda humanitaria inmediata.
PQR-2026T2-4099,2026-T2,2026,Comuna 3 (Yesca Grande),Comuna 3,Comuna,Ayuda humanitaria,Negativo,11,Llevo tres meses esperando la ayuda humanitaria y no me han dado respuesta.
PQR-2026T2-4100,2026-T2,2026,Comuna 3 (Yesca Grande),Comuna 3,Comuna,Ayuda humanitaria,Negativo,9,"Solicité el mercado de emergencia y nunca llegó, mi familia está pasando necesidad."
PQR-2026T2-4101,2026-T2,2026,Comuna 3 (Yesca Grande),Comuna 3,Comuna,Ayuda humanitaria,Negativo,9,"Solicité el mercado de emergencia y nunca llegó, mi familia está pasando necesidad."
PQR-2026T2-4102,2026-T2,2026,Comuna 3 (Yesca Grande),Comuna 3,Comuna,Ayuda humanitaria,Negativo,10,Llevo tres meses esperando la ayuda humanitaria y no me han dado respuesta.
PQR-2026T2-4103,2026-T2,2026,Comuna 3 (Yesca Grande),Comuna 3,Comuna,Ayuda humanitaria,Negativo,9,"Solicité el mercado de emergencia y nunca llegó, mi familia está pasando necesidad."
PQR-2026T2-4104,2026-T2,2026,Comuna 3 (Yesca Grande),Comuna 3,Comuna,Indemnización / reparación,Neutral,15,Solicito información sobre el turno de mi indemnización administrativa.
PQR-2026T2-4105,2026-T2,2026,Comuna 3 (Yesca Grande),Comuna 3,Comuna,Indemnización / reparación,Neutral,11,¿Cómo consulto el estado de mi proceso de reparación?
PQR-2026T2-4106,2026-T2,2026,Comuna 3 (Yesca Grande),Comuna 3,Comuna,Indemnización / reparación,Positivo,9,"Por fin recibí la indemnización, agradezco la gestión de la oficina."
PQR-2026T2-4107,2026-T2,2026,Comuna 3 (Yesca Grande),Comuna 3,Comuna,Indemnización / reparación,Negativo,14,"Fui incluido hace años y todavía no me llega la indemnización, es una injusticia."
PQR-2026T2-4108,2026-T2,2026,Comuna 3 (Yesca Grande),Comuna 3,Comuna,Indemnización / reparación,Negativo,11,"Fui incluido hace años y todavía no me llega la indemnización, es una injusticia."
PQR-2026T2-4109,2026-T2,2026,Comuna 3 (Yesca Grande),Comuna 3,Comuna,Indemnización / reparación,Negativo,12,No entiendo por qué a otros ya les pagaron la reparación y a mí no.
PQR-2026T2-4110,2026-T2,2026,Comuna 3 (Yesca Grande),Comuna 3,Comuna,Indemnización / reparación,Negativo,16,No entiendo por qué a otros ya les pagaron la reparación y a mí no.
PQR-2026T2-4111,2026-T2,2026,Comuna 3 (Yesca Grande),Comuna 3,Comuna,Indemnización / reparación,Negativo,15,"Fui incluido hace años y todavía no me llega la indemnización, es una injusticia."
PQR-2026T2-4112,2026-T2,2026,Comuna 3 (Yesca Grande),Comuna 3,Comuna,Indemnización / reparación,Neutral,10,Solicito información sobre el turno de mi indemnización administrativa.
PQR-2026T2-4113,2026-T2,2026,Comuna 3 (Yesca Grande),Comuna 3,Comuna,Indemnización / reparación,Negativo,9,"Fui incluido hace años y todavía no me llega la indemnización, es una injusticia."
PQR-2026T2-4114,2026-T2,2026,Comuna 3 (Yesca Grande),Comuna 3,Comuna,Indemnización / reparación,Negativo,13,No entiendo por qué a otros ya les pagaron la reparación y a mí no.
PQR-2026T2-4115,2026-T2,2026,Comuna 3 (Yesca Grande),Comuna 3,Comuna,Indemnización / reparación,Negativo,8,No entiendo por qué a otros ya les pagaron la reparación y a mí no.
PQR-2026T2-4116,2026-T2,2026,Comuna 3 (Yesca Grande),Comuna 3,Comuna,Indemnización / reparación,Negativo,16,"Fui incluido hace años y todavía no me llega la indemnización, es una injusticia."
PQR-2026T2-4117,2026-T2,2026,Comuna 3 (Yesca Grande),Comuna 3,Comuna,Indemnización / reparación,Negativo,9,"Fui incluido hace años y todavía no me llega la indemnización, es una injusticia."
PQR-2026T2-4118,2026-T2,2026,Comuna 3 (Yesca Grande),Comuna 3,Comuna,Indemnización / reparación,Negativo,13,"Fui incluido hace años y todavía no me llega la indemnización, es una injusticia."
PQR-2026T2-4119,2026-T2,2026,Comuna 3 (Yesca Grande),Comuna 3,Comuna,Indemnización / reparación,Negativo,9,No entiendo por qué a otros ya les pagaron la reparación y a mí no.
PQR-2026T2-4120,2026-T2,2026,Comuna 3 (Yesca Grande),Comuna 3,Comuna,Indemnización / reparación,Neutral,9,¿Cómo consulto el estado de mi proceso de reparación?
PQR-2026T2-4121,2026-T2,2026,Comuna 3 (Yesca Grande),Comuna 3,Comuna,Indemnización / reparación,Negativo,13,No entiendo por qué a otros ya les pagaron la reparación y a mí no.
PQR-2026T2-4122,2026-T2,2026,Comuna 3 (Yesca Grande),Comuna 3,Comuna,Indemnización / reparación,Negativo,9,No entiendo por qué a otros ya les pagaron la reparación y a mí no.
PQR-2026T2-4123,2026-T2,2026,Comuna 3 (Yesca Grande),Comuna 3,Comuna,Indemnización / reparación,Positivo,11,Me orientaron bien sobre el proceso de reparación.
PQR-2026T2-4124,2026-T2,2026,Comuna 3 (Yesca Grande),Comuna 3,Comuna,Indemnización / reparación,Negativo,13,"Fui incluido hace años y todavía no me llega la indemnización, es una injusticia."
PQR-2026T2-4125,2026-T2,2026,Comuna 3 (Yesca Grande),Comuna 3,Comuna,Indemnización / reparación,Negativo,15,"Fui incluido hace años y todavía no me llega la indemnización, es una injusticia."
PQR-2026T2-4126,2026-T2,2026,Comuna 3 (Yesca Grande),Comuna 3,Comuna,Indemnización / reparación,Negativo,12,"Fui incluido hace años y todavía no me llega la indemnización, es una injusticia."
PQR-2026T2-4127,2026-T2,2026,Comuna 3 (Yesca Grande),Comuna 3,Comuna,Indemnización / reparación,Neutral,11,Solicito información sobre el turno de mi indemnización administrativa.
PQR-2026T2-4128,2026-T2,2026,Comuna 3 (Yesca Grande),Comuna 3,Comuna,Indemnización / reparación,Positivo,15,Me orientaron bien sobre el proceso de reparación.
PQR-2026T2-4129,2026-T2,2026,Comuna 3 (Yesca Grande),Comuna 3,Comuna,Indemnización / reparación,Positivo,9,"Por fin recibí la indemnización, agradezco la gestión de la oficina."
PQR-2026T2-4130,2026-T2,2026,Comuna 3 (Yesca Grande),Comuna 3,Comuna,Indemnización / reparación,Negativo,13,No entiendo por qué a otros ya les pagaron la reparación y a mí no.
PQR-2026T2-4131,2026-T2,2026,Comuna 3 (Yesca Grande),Comuna 3,Comuna,Indemnización / reparación,Negativo,14,"Fui incluido hace años y todavía no me llega la indemnización, es una injusticia."
PQR-2026T2-4132,2026-T2,2026,Comuna 3 (Yesca Grande),Comuna 3,Comuna,Indemnización / reparación,Negativo,15,No entiendo por qué a otros ya les pagaron la reparación y a mí no.
PQR-2026T2-4133,2026-T2,2026,Comuna 3 (Yesca Grande),Comuna 3,Comuna,Vivienda,Neutral,11,Pregunto por las convocatorias de vivienda para población víctima.
PQR-2026T2-4134,2026-T2,2026,Comuna 3 (Yesca Grande),Comuna 3,Comuna,Vivienda,Negativo,10,Postulé al subsidio de vivienda y me rechazaron sin explicación clara.
PQR-2026T2-4135,2026-T2,2026,Comuna 3 (Yesca Grande),Comuna 3,Comuna,Vivienda,Neutral,9,Solicito información sobre el subsidio de mejoramiento de vivienda.
PQR-2026T2-4136,2026-T2,2026,Comuna 3 (Yesca Grande),Comuna 3,Comuna,Vivienda,Neutral,12,Pregunto por las convocatorias de vivienda para población víctima.
PQR-2026T2-4137,2026-T2,2026,Comuna 3 (Yesca Grande),Comuna 3,Comuna,Vivienda,Negativo,16,Postulé al subsidio de vivienda y me rechazaron sin explicación clara.
PQR-2026T2-4138,2026-T2,2026,Comuna 3 (Yesca Grande),Comuna 3,Comuna,Vivienda,Neutral,15,Pregunto por las convocatorias de vivienda para población víctima.
PQR-2026T2-4139,2026-T2,2026,Comuna 3 (Yesca Grande),Comuna 3,Comuna,Vivienda,Negativo,14,Postulé al subsidio de vivienda y me rechazaron sin explicación clara.
PQR-2026T2-4140,2026-T2,2026,Comuna 3 (Yesca Grande),Comuna 3,Comuna,Vivienda,Negativo,10,La casa que me asignaron tiene problemas y nadie responde.
PQR-2026T2-4141,2026-T2,2026,Comuna 3 (Yesca Grande),Comuna 3,Comuna,Vivienda,Negativo,9,Postulé al subsidio de vivienda y me rechazaron sin explicación clara.
PQR-2026T2-4142,2026-T2,2026,Comuna 3 (Yesca Grande),Comuna 3,Comuna,Vivienda,Neutral,9,Solicito información sobre el subsidio de mejoramiento de vivienda.
PQR-2026T2-4143,2026-T2,2026,Comuna 3 (Yesca Grande),Comuna 3,Comuna,Vivienda,Neutral,14,Solicito información sobre el subsidio de mejoramiento de vivienda.
PQR-2026T2-4144,2026-T2,2026,Comuna 3 (Yesca Grande),Comuna 3,Comuna,Vivienda,Negativo,11,Postulé al subsidio de vivienda y me rechazaron sin explicación clara.
PQR-2026T2-4145,2026-T2,2026,Comuna 3 (Yesca Grande),Comuna 3,Comuna,Vivienda,Positivo,9,"Me asignaron la vivienda, muy agradecido con el acompañamiento."
PQR-2026T2-4146,2026-T2,2026,Comuna 3 (Yesca Grande),Comuna 3,Comuna,Vivienda,Negativo,9,Postulé al subsidio de vivienda y me rechazaron sin explicación clara.
PQR-2026T2-4147,2026-T2,2026,Comuna 3 (Yesca Grande),Comuna 3,Comuna,Vivienda,Positivo,12,El proceso de postulación a vivienda fue claro.
PQR-2026T2-4148,2026-T2,2026,Comuna 3 (Yesca Grande),Comuna 3,Comuna,Salud y atención psicosocial,Neutral,16,Pregunto por el programa de atención en salud para víctimas.
PQR-2026T2-4149,2026-T2,2026,Comuna 3 (Yesca Grande),Comuna 3,Comuna,Salud y atención psicosocial,Positivo,15,"La atención psicosocial me ha ayudado mucho, gracias al equipo."
PQR-2026T2-4150,2026-T2,2026,Comuna 3 (Yesca Grande),Comuna 3,Comuna,Salud y atención psicosocial,Positivo,10,"La atención psicosocial me ha ayudado mucho, gracias al equipo."
PQR-2026T2-4151,2026-T2,2026,Comuna 3 (Yesca Grande),Comuna 3,Comuna,Salud y atención psicosocial,Neutral,16,Pregunto por el programa de atención en salud para víctimas.
PQR-2026T2-4152,2026-T2,2026,Comuna 3 (Yesca Grande),Comuna 3,Comuna,Salud y atención psicosocial,Positivo,9,"La atención psicosocial me ha ayudado mucho, gracias al equipo."
PQR-2026T2-4153,2026-T2,2026,Comuna 3 (Yesca Grande),Comuna 3,Comuna,Salud y atención psicosocial,Neutral,15,Solicito una cita de atención psicosocial para mi familia.
PQR-2026T2-4154,2026-T2,2026,Comuna 3 (Yesca Grande),Comuna 3,Comuna,Salud y atención psicosocial,Neutral,9,Pregunto por el programa de atención en salud para víctimas.
PQR-2026T2-4155,2026-T2,2026,Comuna 3 (Yesca Grande),Comuna 3,Comuna,Salud y atención psicosocial,Positivo,12,"Recibí buena orientación en salud, quedé satisfecho."
PQR-2026T2-4156,2026-T2,2026,Comuna 3 (Yesca Grande),Comuna 3,Comuna,Salud y atención psicosocial,Neutral,10,Solicito una cita de atención psicosocial para mi familia.
PQR-2026T2-4157,2026-T2,2026,Comuna 3 (Yesca Grande),Comuna 3,Comuna,Salud y atención psicosocial,Neutral,10,Pregunto por el programa de atención en salud para víctimas.
PQR-2026T2-4158,2026-T2,2026,Comuna 3 (Yesca Grande),Comuna 3,Comuna,Salud y atención psicosocial,Neutral,12,Solicito una cita de atención psicosocial para mi familia.
PQR-2026T2-4159,2026-T2,2026,Comuna 3 (Yesca Grande),Comuna 3,Comuna,Salud y atención psicosocial,Neutral,15,Pregunto por el programa de atención en salud para víctimas.
PQR-2026T2-4160,2026-T2,2026,Comuna 3 (Yesca Grande),Comuna 3,Comuna,Salud y atención psicosocial,Neutral,14,Pregunto por el programa de atención en salud para víctimas.
PQR-2026T2-4161,2026-T2,2026,Comuna 3 (Yesca Grande),Comuna 3,Comuna,Salud y atención psicosocial,Positivo,16,"La atención psicosocial me ha ayudado mucho, gracias al equipo."
PQR-2026T2-4162,2026-T2,2026,Comuna 3 (Yesca Grande),Comuna 3,Comuna,Salud y atención psicosocial,Negativo,11,Necesito atención psicosocial y me dan citas para dentro de meses.
PQR-2026T2-4163,2026-T2,2026,Comuna 3 (Yesca Grande),Comuna 3,Comuna,Salud y atención psicosocial,Neutral,12,Pregunto por el programa de atención en salud para víctimas.
PQR-2026T2-4164,2026-T2,2026,Comuna 3 (Yesca Grande),Comuna 3,Comuna,Salud y atención psicosocial,Neutral,12,Solicito una cita de atención psicosocial para mi familia.
PQR-2026T2-4165,2026-T2,2026,Comuna 3 (Yesca Grande),Comuna 3,Comuna,Salud y atención psicosocial,Neutral,13,Solicito una cita de atención psicosocial para mi familia.
PQR-2026T2-4166,2026-T2,2026,Comuna 3 (Yesca Grande),Comuna 3,Comuna,Salud y atención psicosocial,Neutral,9,Solicito una cita de atención psicosocial para mi familia.
PQR-2026T2-4167,2026-T2,2026,Comuna 3 (Yesca Grande),Comuna 3,Comuna,Educación,Positivo,9,"Mi hija obtuvo el apoyo educativo, muy agradecida."
PQR-2026T2-4168,2026-T2,2026,Comuna 3 (Yesca Grande),Comuna 3,Comuna,Educación,Negativo,16,Mi hijo no ha podido acceder al beneficio educativo prometido.
PQR-2026T2-4169,2026-T2,2026,Comuna 3 (Yesca Grande),Comuna 3,Comuna,Educación,Neutral,11,Solicito información sobre becas para estudiantes víctimas.
PQR-2026T2-4170,2026-T2,2026,Comuna 3 (Yesca Grande),Comuna 3,Comuna,Educación,Neutral,9,Solicito información sobre becas para estudiantes víctimas.
PQR-2026T2-4171,2026-T2,2026,Comuna 3 (Yesca Grande),Comuna 3,Comuna,Educación,Positivo,10,"Mi hija obtuvo el apoyo educativo, muy agradecida."
PQR-2026T2-4172,2026-T2,2026,Comuna 3 (Yesca Grande),Comuna 3,Comuna,Educación,Neutral,15,Pregunto por el apoyo educativo para el próximo semestre.
PQR-2026T2-4173,2026-T2,2026,Comuna 3 (Yesca Grande),Comuna 3,Comuna,Educación,Neutral,8,Pregunto por el apoyo educativo para el próximo semestre.
PQR-2026T2-4174,2026-T2,2026,Comuna 3 (Yesca Grande),Comuna 3,Comuna,Educación,Positivo,13,La orientación sobre educación superior fue útil.
PQR-2026T2-4175,2026-T2,2026,Comuna 3 (Yesca Grande),Comuna 3,Comuna,Educación,Positivo,11,La orientación sobre educación superior fue útil.
PQR-2026T2-4176,2026-T2,2026,Comuna 3 (Yesca Grande),Comuna 3,Comuna,Educación,Positivo,13,"Mi hija obtuvo el apoyo educativo, muy agradecida."
PQR-2026T2-4177,2026-T2,2026,Comuna 3 (Yesca Grande),Comuna 3,Comuna,Educación,Positivo,16,La orientación sobre educación superior fue útil.
PQR-2026T2-4178,2026-T2,2026,Comuna 3 (Yesca Grande),Comuna 3,Comuna,Educación,Neutral,14,Pregunto por el apoyo educativo para el próximo semestre.
PQR-2026T2-4179,2026-T2,2026,Comuna 3 (Yesca Grande),Comuna 3,Comuna,Educación,Positivo,12,La orientación sobre educación superior fue útil.
PQR-2026T2-4180,2026-T2,2026,Comuna 3 (Yesca Grande),Comuna 3,Comuna,Educación,Neutral,14,Solicito información sobre becas para estudiantes víctimas.
PQR-2026T2-4181,2026-T2,2026,Comuna 3 (Yesca Grande),Comuna 3,Comuna,Educación,Negativo,11,Mi hijo no ha podido acceder al beneficio educativo prometido.
PQR-2026T2-4182,2026-T2,2026,Comuna 3 (Yesca Grande),Comuna 3,Comuna,Educación,Positivo,10,La orientación sobre educación superior fue útil.
PQR-2026T2-4183,2026-T2,2026,Comuna 3 (Yesca Grande),Comuna 3,Comuna,Educación,Neutral,14,Pregunto por el apoyo educativo para el próximo semestre.
PQR-2026T2-4184,2026-T2,2026,Comuna 3 (Yesca Grande),Comuna 3,Comuna,Educación,Positivo,10,La orientación sobre educación superior fue útil.
PQR-2026T2-4185,2026-T2,2026,Comuna 3 (Yesca Grande),Comuna 3,Comuna,Educación,Neutral,14,Pregunto por el apoyo educativo para el próximo semestre.
PQR-2026T2-4186,2026-T2,2026,Comuna 3 (Yesca Grande),Comuna 3,Comuna,Registro / inclusión RUV,Neutral,10,¿Qué debo hacer para actualizar mis datos en el RUV?
PQR-2026T2-4187,2026-T2,2026,Comuna 3 (Yesca Grande),Comuna 3,Comuna,Registro / inclusión RUV,Positivo,12,"Me orientaron bien para la declaración, todo salió bien."
PQR-2026T2-4188,2026-T2,2026,Comuna 3 (Yesca Grande),Comuna 3,Comuna,Registro / inclusión RUV,Neutral,15,¿Qué debo hacer para actualizar mis datos en el RUV?
PQR-2026T2-4189,2026-T2,2026,Comuna 3 (Yesca Grande),Comuna 3,Comuna,Registro / inclusión RUV,Positivo,13,"Ya quedé incluido en el registro, agradezco la ayuda."
PQR-2026T2-4190,2026-T2,2026,Comuna 3 (Yesca Grande),Comuna 3,Comuna,Registro / inclusión RUV,Neutral,14,¿Qué debo hacer para actualizar mis datos en el RUV?
PQR-2026T2-4191,2026-T2,2026,Comuna 3 (Yesca Grande),Comuna 3,Comuna,Registro / inclusión RUV,Negativo,10,Llevo meses esperando que me incluyan en el RUV y no hay respuesta.
PQR-2026T2-4192,2026-T2,2026,Comuna 3 (Yesca Grande),Comuna 3,Comuna,Registro / inclusión RUV,Neutral,11,¿Qué debo hacer para actualizar mis datos en el RUV?
PQR-2026T2-4193,2026-T2,2026,Comuna 3 (Yesca Grande),Comuna 3,Comuna,Registro / inclusión RUV,Neutral,16,Solicito información sobre mi estado en el Registro Único de Víctimas.
PQR-2026T2-4194,2026-T2,2026,Comuna 3 (Yesca Grande),Comuna 3,Comuna,Registro / inclusión RUV,Neutral,16,¿Qué debo hacer para actualizar mis datos en el RUV?
PQR-2026T2-4195,2026-T2,2026,Comuna 3 (Yesca Grande),Comuna 3,Comuna,Registro / inclusión RUV,Positivo,9,"Ya quedé incluido en el registro, agradezco la ayuda."
PQR-2026T2-4196,2026-T2,2026,Comuna 3 (Yesca Grande),Comuna 3,Comuna,Registro / inclusión RUV,Neutral,14,Solicito información sobre mi estado en el Registro Único de Víctimas.
PQR-2026T2-4197,2026-T2,2026,Comuna 3 (Yesca Grande),Comuna 3,Comuna,Registro / inclusión RUV,Negativo,12,Llevo meses esperando que me incluyan en el RUV y no hay respuesta.
PQR-2026T2-4198,2026-T2,2026,Comuna 3 (Yesca Grande),Comuna 3,Comuna,Registro / inclusión RUV,Neutral,14,¿Qué debo hacer para actualizar mis datos en el RUV?
PQR-2026T2-4199,2026-T2,2026,Comuna 3 (Yesca Grande),Comuna 3,Comuna,Registro / inclusión RUV,Neutral,15,¿Qué debo hacer para actualizar mis datos en el RUV?
PQR-2026T2-4200,2026-T2,2026,Comuna 3 (Yesca Grande),Comuna 3,Comuna,Registro / inclusión RUV,Neutral,13,¿Qué debo hacer para actualizar mis datos en el RUV?
PQR-2026T2-4201,2026-T2,2026,Comuna 3 (Yesca Grande),Comuna 3,Comuna,Registro / inclusión RUV,Positivo,13,"Ya quedé incluido en el registro, agradezco la ayuda."
PQR-2026T2-4202,2026-T2,2026,Comuna 3 (Yesca Grande),Comuna 3,Comuna,Registro / inclusión RUV,Positivo,15,"Ya quedé incluido en el registro, agradezco la ayuda."
PQR-2026T2-4203,2026-T2,2026,Comuna 3 (Yesca Grande),Comuna 3,Comuna,Registro / inclusión RUV,Positivo,15,"Ya quedé incluido en el registro, agradezco la ayuda."
PQR-2026T2-4204,2026-T2,2026,Comuna 3 (Yesca Grande),Comuna 3,Comuna,Registro / inclusión RUV,Positivo,14,"Me orientaron bien para la declaración, todo salió bien."
PQR-2026T2-4205,2026-T2,2026,Comuna 3 (Yesca Grande),Comuna 3,Comuna,Registro / inclusión RUV,Positivo,13,"Ya quedé incluido en el registro, agradezco la ayuda."
PQR-2026T2-4206,2026-T2,2026,Comuna 3 (Yesca Grande),Comuna 3,Comuna,Registro / inclusión RUV,Neutral,15,Solicito información sobre mi estado en el Registro Único de Víctimas.
PQR-2026T2-4207,2026-T2,2026,Comuna 3 (Yesca Grande),Comuna 3,Comuna,Registro / inclusión RUV,Negativo,12,Me negaron la inclusión y no me explicaron los motivos.
PQR-2026T2-4208,2026-T2,2026,Comuna 3 (Yesca Grande),Comuna 3,Comuna,Registro / inclusión RUV,Negativo,13,Me negaron la inclusión y no me explicaron los motivos.
PQR-2026T2-4209,2026-T2,2026,Comuna 3 (Yesca Grande),Comuna 3,Comuna,Retornos y reubicación,Neutral,15,Pregunto por el plan de retorno para mi comunidad.
PQR-2026T2-4210,2026-T2,2026,Comuna 3 (Yesca Grande),Comuna 3,Comuna,Retornos y reubicación,Neutral,12,Pregunto por el plan de retorno para mi comunidad.
PQR-2026T2-4211,2026-T2,2026,Comuna 3 (Yesca Grande),Comuna 3,Comuna,Retornos y reubicación,Neutral,12,Pregunto por el plan de retorno para mi comunidad.
PQR-2026T2-4212,2026-T2,2026,Comuna 3 (Yesca Grande),Comuna 3,Comuna,Retornos y reubicación,Neutral,15,Pregunto por el plan de retorno para mi comunidad.
PQR-2026T2-4213,2026-T2,2026,Comuna 3 (Yesca Grande),Comuna 3,Comuna,Retornos y reubicación,Positivo,15,"El acompañamiento para el retorno fue bueno, gracias."
PQR-2026T2-4214,2026-T2,2026,Comuna 3 (Yesca Grande),Comuna 3,Comuna,Retornos y reubicación,Negativo,11,Solicité apoyo para el retorno y no hay condiciones de seguridad.
PQR-2026T2-4215,2026-T2,2026,Comuna 3 (Yesca Grande),Comuna 3,Comuna,Retornos y reubicación,Positivo,15,"El acompañamiento para el retorno fue bueno, gracias."
PQR-2026T2-4216,2026-T2,2026,Comuna 3 (Yesca Grande),Comuna 3,Comuna,Retornos y reubicación,Positivo,16,"El acompañamiento para el retorno fue bueno, gracias."
PQR-2026T2-4217,2026-T2,2026,Comuna 3 (Yesca Grande),Comuna 3,Comuna,Retornos y reubicación,Positivo,9,Nos apoyaron en la reubicación de manera adecuada.
PQR-2026T2-4218,2026-T2,2026,Comuna 3 (Yesca Grande),Comuna 3,Comuna,Retornos y reubicación,Negativo,14,El proceso de reubicación está detenido hace tiempo.
PQR-2026T2-4219,2026-T2,2026,Comuna 3 (Yesca Grande),Comuna 3,Comuna,Retornos y reubicación,Negativo,11,Solicité apoyo para el retorno y no hay condiciones de seguridad.
PQR-2026T2-4220,2026-T2,2026,Comuna 3 (Yesca Grande),Comuna 3,Comuna,Retornos y reubicación,Positivo,12,Nos apoyaron en la reubicación de manera adecuada.
PQR-2026T2-4221,2026-T2,2026,Comuna 3 (Yesca Grande),Comuna 3,Comuna,Retornos y reubicación,Neutral,16,Solicito información sobre acompañamiento para reubicación.
PQR-2026T2-4222,2026-T2,2026,Comuna 3 (Yesca Grande),Comuna 3,Comuna,Retornos y reubicación,Positivo,13,Nos apoyaron en la reubicación de manera adecuada.
PQR-2026T2-4223,2026-T2,2026,Comuna 3 (Yesca Grande),Comuna 3,Comuna,Retornos y reubicación,Negativo,16,El proceso de reubicación está detenido hace tiempo.
PQR-2026T2-4224,2026-T2,2026,Comuna 3 (Yesca Grande),Comuna 3,Comuna,Otros trámites,Negativo,11,Me han remitido de una oficina a otra sin resolver mi caso.
PQR-2026T2-4225,2026-T2,2026,Comuna 3 (Yesca Grande),Comuna 3,Comuna,Otros trámites,Positivo,11,La atención en ventanilla fue amable y rápida.
PQR-2026T2-4226,2026-T2,2026,Comuna 3 (Yesca Grande),Comuna 3,Comuna,Otros trámites,Neutral,13,Solicito un certificado de mi condición de víctima.
PQR-2026T2-4227,2026-T2,2026,Comuna 3 (Yesca Grande),Comuna 3,Comuna,Otros trámites,Neutral,14,Solicito un certificado de mi condición de víctima.
PQR-2026T2-4228,2026-T2,2026,Comuna 3 (Yesca Grande),Comuna 3,Comuna,Otros trámites,Positivo,15,La atención en ventanilla fue amable y rápida.
PQR-2026T2-4229,2026-T2,2026,Comuna 3 (Yesca Grande),Comuna 3,Comuna,Otros trámites,Negativo,12,Me han remitido de una oficina a otra sin resolver mi caso.
PQR-2026T2-4230,2026-T2,2026,Comuna 4 (Niño Jesús),Comuna 4,Comuna,Ayuda humanitaria,Neutral,14,Pregunto por el estado de mi solicitud de ayuda humanitaria inmediata.
PQR-2026T2-4231,2026-T2,2026,Comuna 4 (Niño Jesús),Comuna 4,Comuna,Ayuda humanitaria,Positivo,15,Agradezco que me entregaron la ayuda humanitaria rápidamente.
PQR-2026T2-4232,2026-T2,2026,Comuna 4 (Niño Jesús),Comuna 4,Comuna,Ayuda humanitaria,Positivo,12,Agradezco que me entregaron la ayuda humanitaria rápidamente.
PQR-2026T2-4233,2026-T2,2026,Comuna 4 (Niño Jesús),Comuna 4,Comuna,Ayuda humanitaria,Negativo,15,"Solicité el mercado de emergencia y nunca llegó, mi familia está pasando necesidad."
PQR-2026T2-4234,2026-T2,2026,Comuna 4 (Niño Jesús),Comuna 4,Comuna,Ayuda humanitaria,Negativo,16,"Solicité el mercado de emergencia y nunca llegó, mi familia está pasando necesidad."
PQR-2026T2-4235,2026-T2,2026,Comuna 4 (Niño Jesús),Comuna 4,Comuna,Ayuda humanitaria,Negativo,13,Llevo tres meses esperando la ayuda humanitaria y no me han dado respuesta.
PQR-2026T2-4236,2026-T2,2026,Comuna 4 (Niño Jesús),Comuna 4,Comuna,Ayuda humanitaria,Neutral,10,Quisiera saber qué documentos faltan para la ayuda humanitaria.
PQR-2026T2-4237,2026-T2,2026,Comuna 4 (Niño Jesús),Comuna 4,Comuna,Ayuda humanitaria,Negativo,9,Llevo tres meses esperando la ayuda humanitaria y no me han dado respuesta.
PQR-2026T2-4238,2026-T2,2026,Comuna 4 (Niño Jesús),Comuna 4,Comuna,Ayuda humanitaria,Negativo,11,"Solicité el mercado de emergencia y nunca llegó, mi familia está pasando necesidad."
PQR-2026T2-4239,2026-T2,2026,Comuna 4 (Niño Jesús),Comuna 4,Comuna,Ayuda humanitaria,Negativo,11,"Solicité el mercado de emergencia y nunca llegó, mi familia está pasando necesidad."
PQR-2026T2-4240,2026-T2,2026,Comuna 4 (Niño Jesús),Comuna 4,Comuna,Ayuda humanitaria,Positivo,16,"La atención para la ayuda de emergencia fue oportuna, gracias."
PQR-2026T2-4241,2026-T2,2026,Comuna 4 (Niño Jesús),Comuna 4,Comuna,Ayuda humanitaria,Neutral,12,Pregunto por el estado de mi solicitud de ayuda humanitaria inmediata.
PQR-2026T2-4242,2026-T2,2026,Comuna 4 (Niño Jesús),Comuna 4,Comuna,Ayuda humanitaria,Neutral,8,Pregunto por el estado de mi solicitud de ayuda humanitaria inmediata.
PQR-2026T2-4243,2026-T2,2026,Comuna 4 (Niño Jesús),Comuna 4,Comuna,Ayuda humanitaria,Neutral,10,Pregunto por el estado de mi solicitud de ayuda humanitaria inmediata.
PQR-2026T2-4244,2026-T2,2026,Comuna 4 (Niño Jesús),Comuna 4,Comuna,Ayuda humanitaria,Negativo,12,"Solicité el mercado de emergencia y nunca llegó, mi familia está pasando necesidad."
PQR-2026T2-4245,2026-T2,2026,Comuna 4 (Niño Jesús),Comuna 4,Comuna,Ayuda humanitaria,Positivo,15,Agradezco que me entregaron la ayuda humanitaria rápidamente.
PQR-2026T2-4246,2026-T2,2026,Comuna 4 (Niño Jesús),Comuna 4,Comuna,Ayuda humanitaria,Positivo,13,"La atención para la ayuda de emergencia fue oportuna, gracias."
PQR-2026T2-4247,2026-T2,2026,Comuna 4 (Niño Jesús),Comuna 4,Comuna,Ayuda humanitaria,Neutral,9,Quisiera saber qué documentos faltan para la ayuda humanitaria.
PQR-2026T2-4248,2026-T2,2026,Comuna 4 (Niño Jesús),Comuna 4,Comuna,Ayuda humanitaria,Neutral,13,Quisiera saber qué documentos faltan para la ayuda humanitaria.
PQR-2026T2-4249,2026-T2,2026,Comuna 4 (Niño Jesús),Comuna 4,Comuna,Ayuda humanitaria,Negativo,13,"Solicité el mercado de emergencia y nunca llegó, mi familia está pasando necesidad."
PQR-2026T2-4250,2026-T2,2026,Comuna 4 (Niño Jesús),Comuna 4,Comuna,Ayuda humanitaria,Negativo,9,"Solicité el mercado de emergencia y nunca llegó, mi familia está pasando necesidad."
PQR-2026T2-4251,2026-T2,2026,Comuna 4 (Niño Jesús),Comuna 4,Comuna,Ayuda humanitaria,Positivo,15,Agradezco que me entregaron la ayuda humanitaria rápidamente.
PQR-2026T2-4252,2026-T2,2026,Comuna 4 (Niño Jesús),Comuna 4,Comuna,Ayuda humanitaria,Neutral,9,Pregunto por el estado de mi solicitud de ayuda humanitaria inmediata.
PQR-2026T2-4253,2026-T2,2026,Comuna 4 (Niño Jesús),Comuna 4,Comuna,Ayuda humanitaria,Positivo,8,Agradezco que me entregaron la ayuda humanitaria rápidamente.
PQR-2026T2-4254,2026-T2,2026,Comuna 4 (Niño Jesús),Comuna 4,Comuna,Ayuda humanitaria,Positivo,11,"La atención para la ayuda de emergencia fue oportuna, gracias."
PQR-2026T2-4255,2026-T2,2026,Comuna 4 (Niño Jesús),Comuna 4,Comuna,Ayuda humanitaria,Neutral,14,Quisiera saber qué documentos faltan para la ayuda humanitaria.
PQR-2026T2-4256,2026-T2,2026,Comuna 4 (Niño Jesús),Comuna 4,Comuna,Ayuda humanitaria,Neutral,13,Quisiera saber qué documentos faltan para la ayuda humanitaria.
PQR-2026T2-4257,2026-T2,2026,Comuna 4 (Niño Jesús),Comuna 4,Comuna,Ayuda humanitaria,Negativo,13,Llevo tres meses esperando la ayuda humanitaria y no me han dado respuesta.
PQR-2026T2-4258,2026-T2,2026,Comuna 4 (Niño Jesús),Comuna 4,Comuna,Ayuda humanitaria,Negativo,8,"Solicité el mercado de emergencia y nunca llegó, mi familia está pasando necesidad."
PQR-2026T2-4259,2026-T2,2026,Comuna 4 (Niño Jesús),Comuna 4,Comuna,Indemnización / reparación,Negativo,10,"Fui incluido hace años y todavía no me llega la indemnización, es una injusticia."
PQR-2026T2-4260,2026-T2,2026,Comuna 4 (Niño Jesús),Comuna 4,Comuna,Indemnización / reparación,Negativo,10,No entiendo por qué a otros ya les pagaron la reparación y a mí no.
PQR-2026T2-4261,2026-T2,2026,Comuna 4 (Niño Jesús),Comuna 4,Comuna,Indemnización / reparación,Neutral,9,Solicito información sobre el turno de mi indemnización administrativa.
PQR-2026T2-4262,2026-T2,2026,Comuna 4 (Niño Jesús),Comuna 4,Comuna,Indemnización / reparación,Negativo,9,"Fui incluido hace años y todavía no me llega la indemnización, es una injusticia."
PQR-2026T2-4263,2026-T2,2026,Comuna 4 (Niño Jesús),Comuna 4,Comuna,Indemnización / reparación,Negativo,14,"Fui incluido hace años y todavía no me llega la indemnización, es una injusticia."
PQR-2026T2-4264,2026-T2,2026,Comuna 4 (Niño Jesús),Comuna 4,Comuna,Indemnización / reparación,Negativo,11,No entiendo por qué a otros ya les pagaron la reparación y a mí no.
PQR-2026T2-4265,2026-T2,2026,Comuna 4 (Niño Jesús),Comuna 4,Comuna,Indemnización / reparación,Neutral,10,Solicito información sobre el turno de mi indemnización administrativa.
PQR-2026T2-4266,2026-T2,2026,Comuna 4 (Niño Jesús),Comuna 4,Comuna,Indemnización / reparación,Negativo,11,"Fui incluido hace años y todavía no me llega la indemnización, es una injusticia."
PQR-2026T2-4267,2026-T2,2026,Comuna 4 (Niño Jesús),Comuna 4,Comuna,Indemnización / reparación,Negativo,10,No entiendo por qué a otros ya les pagaron la reparación y a mí no.
PQR-2026T2-4268,2026-T2,2026,Comuna 4 (Niño Jesús),Comuna 4,Comuna,Indemnización / reparación,Negativo,10,No entiendo por qué a otros ya les pagaron la reparación y a mí no.
PQR-2026T2-4269,2026-T2,2026,Comuna 4 (Niño Jesús),Comuna 4,Comuna,Indemnización / reparación,Neutral,13,¿Cómo consulto el estado de mi proceso de reparación?
PQR-2026T2-4270,2026-T2,2026,Comuna 4 (Niño Jesús),Comuna 4,Comuna,Indemnización / reparación,Positivo,12,Me orientaron bien sobre el proceso de reparación.
PQR-2026T2-4271,2026-T2,2026,Comuna 4 (Niño Jesús),Comuna 4,Comuna,Indemnización / reparación,Negativo,14,No entiendo por qué a otros ya les pagaron la reparación y a mí no.
PQR-2026T2-4272,2026-T2,2026,Comuna 4 (Niño Jesús),Comuna 4,Comuna,Indemnización / reparación,Negativo,11,"Fui incluido hace años y todavía no me llega la indemnización, es una injusticia."
PQR-2026T2-4273,2026-T2,2026,Comuna 4 (Niño Jesús),Comuna 4,Comuna,Indemnización / reparación,Negativo,14,No entiendo por qué a otros ya les pagaron la reparación y a mí no.
PQR-2026T2-4274,2026-T2,2026,Comuna 4 (Niño Jesús),Comuna 4,Comuna,Indemnización / reparación,Negativo,11,"Fui incluido hace años y todavía no me llega la indemnización, es una injusticia."
PQR-2026T2-4275,2026-T2,2026,Comuna 4 (Niño Jesús),Comuna 4,Comuna,Indemnización / reparación,Neutral,10,¿Cómo consulto el estado de mi proceso de reparación?
PQR-2026T2-4276,2026-T2,2026,Comuna 4 (Niño Jesús),Comuna 4,Comuna,Indemnización / reparación,Neutral,12,Solicito información sobre el turno de mi indemnización administrativa.
PQR-2026T2-4277,2026-T2,2026,Comuna 4 (Niño Jesús),Comuna 4,Comuna,Indemnización / reparación,Negativo,16,"Fui incluido hace años y todavía no me llega la indemnización, es una injusticia."
PQR-2026T2-4278,2026-T2,2026,Comuna 4 (Niño Jesús),Comuna 4,Comuna,Indemnización / reparación,Negativo,14,"Fui incluido hace años y todavía no me llega la indemnización, es una injusticia."
PQR-2026T2-4279,2026-T2,2026,Comuna 4 (Niño Jesús),Comuna 4,Comuna,Indemnización / reparación,Positivo,13,"Por fin recibí la indemnización, agradezco la gestión de la oficina."
PQR-2026T2-4280,2026-T2,2026,Comuna 4 (Niño Jesús),Comuna 4,Comuna,Indemnización / reparación,Neutral,16,Solicito información sobre el turno de mi indemnización administrativa.
PQR-2026T2-4281,2026-T2,2026,Comuna 4 (Niño Jesús),Comuna 4,Comuna,Indemnización / reparación,Negativo,14,No entiendo por qué a otros ya les pagaron la reparación y a mí no.
PQR-2026T2-4282,2026-T2,2026,Comuna 4 (Niño Jesús),Comuna 4,Comuna,Indemnización / reparación,Negativo,13,"Fui incluido hace años y todavía no me llega la indemnización, es una injusticia."
PQR-2026T2-4283,2026-T2,2026,Comuna 4 (Niño Jesús),Comuna 4,Comuna,Indemnización / reparación,Positivo,10,"Por fin recibí la indemnización, agradezco la gestión de la oficina."
PQR-2026T2-4284,2026-T2,2026,Comuna 4 (Niño Jesús),Comuna 4,Comuna,Indemnización / reparación,Negativo,14,"Fui incluido hace años y todavía no me llega la indemnización, es una injusticia."
PQR-2026T2-4285,2026-T2,2026,Comuna 4 (Niño Jesús),Comuna 4,Comuna,Indemnización / reparación,Negativo,11,No entiendo por qué a otros ya les pagaron la reparación y a mí no.
PQR-2026T2-4286,2026-T2,2026,Comuna 4 (Niño Jesús),Comuna 4,Comuna,Indemnización / reparación,Negativo,11,"Fui incluido hace años y todavía no me llega la indemnización, es una injusticia."
PQR-2026T2-4287,2026-T2,2026,Comuna 4 (Niño Jesús),Comuna 4,Comuna,Indemnización / reparación,Positivo,13,Me orientaron bien sobre el proceso de reparación.
PQR-2026T2-4288,2026-T2,2026,Comuna 4 (Niño Jesús),Comuna 4,Comuna,Indemnización / reparación,Neutral,11,¿Cómo consulto el estado de mi proceso de reparación?
PQR-2026T2-4289,2026-T2,2026,Comuna 4 (Niño Jesús),Comuna 4,Comuna,Indemnización / reparación,Positivo,16,Me orientaron bien sobre el proceso de reparación.
PQR-2026T2-4290,2026-T2,2026,Comuna 4 (Niño Jesús),Comuna 4,Comuna,Indemnización / reparación,Neutral,14,¿Cómo consulto el estado de mi proceso de reparación?
PQR-2026T2-4291,2026-T2,2026,Comuna 4 (Niño Jesús),Comuna 4,Comuna,Indemnización / reparación,Positivo,11,Me orientaron bien sobre el proceso de reparación.
PQR-2026T2-4292,2026-T2,2026,Comuna 4 (Niño Jesús),Comuna 4,Comuna,Indemnización / reparación,Negativo,14,No entiendo por qué a otros ya les pagaron la reparación y a mí no.
PQR-2026T2-4293,2026-T2,2026,Comuna 4 (Niño Jesús),Comuna 4,Comuna,Indemnización / reparación,Negativo,16,"Fui incluido hace años y todavía no me llega la indemnización, es una injusticia."
PQR-2026T2-4294,2026-T2,2026,Comuna 4 (Niño Jesús),Comuna 4,Comuna,Indemnización / reparación,Negativo,15,No entiendo por qué a otros ya les pagaron la reparación y a mí no.
PQR-2026T2-4295,2026-T2,2026,Comuna 4 (Niño Jesús),Comuna 4,Comuna,Indemnización / reparación,Negativo,11,No entiendo por qué a otros ya les pagaron la reparación y a mí no.
PQR-2026T2-4296,2026-T2,2026,Comuna 4 (Niño Jesús),Comuna 4,Comuna,Indemnización / reparación,Negativo,8,"Fui incluido hace años y todavía no me llega la indemnización, es una injusticia."
PQR-2026T2-4297,2026-T2,2026,Comuna 4 (Niño Jesús),Comuna 4,Comuna,Indemnización / reparación,Neutral,14,Solicito información sobre el turno de mi indemnización administrativa.
PQR-2026T2-4298,2026-T2,2026,Comuna 4 (Niño Jesús),Comuna 4,Comuna,Indemnización / reparación,Neutral,12,¿Cómo consulto el estado de mi proceso de reparación?
PQR-2026T2-4299,2026-T2,2026,Comuna 4 (Niño Jesús),Comuna 4,Comuna,Vivienda,Negativo,15,Postulé al subsidio de vivienda y me rechazaron sin explicación clara.
PQR-2026T2-4300,2026-T2,2026,Comuna 4 (Niño Jesús),Comuna 4,Comuna,Vivienda,Neutral,13,Pregunto por las convocatorias de vivienda para población víctima.
PQR-2026T2-4301,2026-T2,2026,Comuna 4 (Niño Jesús),Comuna 4,Comuna,Vivienda,Positivo,14,El proceso de postulación a vivienda fue claro.
PQR-2026T2-4302,2026-T2,2026,Comuna 4 (Niño Jesús),Comuna 4,Comuna,Vivienda,Positivo,9,El proceso de postulación a vivienda fue claro.
PQR-2026T2-4303,2026-T2,2026,Comuna 4 (Niño Jesús),Comuna 4,Comuna,Vivienda,Negativo,9,Postulé al subsidio de vivienda y me rechazaron sin explicación clara.
PQR-2026T2-4304,2026-T2,2026,Comuna 4 (Niño Jesús),Comuna 4,Comuna,Vivienda,Negativo,9,La casa que me asignaron tiene problemas y nadie responde.
PQR-2026T2-4305,2026-T2,2026,Comuna 4 (Niño Jesús),Comuna 4,Comuna,Vivienda,Negativo,9,Postulé al subsidio de vivienda y me rechazaron sin explicación clara.
PQR-2026T2-4306,2026-T2,2026,Comuna 4 (Niño Jesús),Comuna 4,Comuna,Vivienda,Positivo,12,"Me asignaron la vivienda, muy agradecido con el acompañamiento."
PQR-2026T2-4307,2026-T2,2026,Comuna 4 (Niño Jesús),Comuna 4,Comuna,Vivienda,Positivo,9,"Me asignaron la vivienda, muy agradecido con el acompañamiento."
PQR-2026T2-4308,2026-T2,2026,Comuna 4 (Niño Jesús),Comuna 4,Comuna,Vivienda,Neutral,11,Solicito información sobre el subsidio de mejoramiento de vivienda.
PQR-2026T2-4309,2026-T2,2026,Comuna 4 (Niño Jesús),Comuna 4,Comuna,Vivienda,Neutral,11,Pregunto por las convocatorias de vivienda para población víctima.
PQR-2026T2-4310,2026-T2,2026,Comuna 4 (Niño Jesús),Comuna 4,Comuna,Vivienda,Neutral,13,Solicito información sobre el subsidio de mejoramiento de vivienda.
PQR-2026T2-4311,2026-T2,2026,Comuna 4 (Niño Jesús),Comuna 4,Comuna,Vivienda,Neutral,12,Solicito información sobre el subsidio de mejoramiento de vivienda.
PQR-2026T2-4312,2026-T2,2026,Comuna 4 (Niño Jesús),Comuna 4,Comuna,Vivienda,Positivo,11,"Me asignaron la vivienda, muy agradecido con el acompañamiento."
PQR-2026T2-4313,2026-T2,2026,Comuna 4 (Niño Jesús),Comuna 4,Comuna,Salud y atención psicosocial,Negativo,12,No hay profesionales suficientes para la atención en salud mental.
PQR-2026T2-4314,2026-T2,2026,Comuna 4 (Niño Jesús),Comuna 4,Comuna,Salud y atención psicosocial,Neutral,16,Solicito una cita de atención psicosocial para mi familia.
PQR-2026T2-4315,2026-T2,2026,Comuna 4 (Niño Jesús),Comuna 4,Comuna,Salud y atención psicosocial,Negativo,13,No hay profesionales suficientes para la atención en salud mental.
PQR-2026T2-4316,2026-T2,2026,Comuna 4 (Niño Jesús),Comuna 4,Comuna,Salud y atención psicosocial,Neutral,14,Pregunto por el programa de atención en salud para víctimas.
PQR-2026T2-4317,2026-T2,2026,Comuna 4 (Niño Jesús),Comuna 4,Comuna,Salud y atención psicosocial,Neutral,8,Solicito una cita de atención psicosocial para mi familia.
PQR-2026T2-4318,2026-T2,2026,Comuna 4 (Niño Jesús),Comuna 4,Comuna,Salud y atención psicosocial,Positivo,14,"La atención psicosocial me ha ayudado mucho, gracias al equipo."
PQR-2026T2-4319,2026-T2,2026,Comuna 4 (Niño Jesús),Comuna 4,Comuna,Salud y atención psicosocial,Positivo,11,"La atención psicosocial me ha ayudado mucho, gracias al equipo."
PQR-2026T2-4320,2026-T2,2026,Comuna 4 (Niño Jesús),Comuna 4,Comuna,Salud y atención psicosocial,Neutral,13,Solicito una cita de atención psicosocial para mi familia.
PQR-2026T2-4321,2026-T2,2026,Comuna 4 (Niño Jesús),Comuna 4,Comuna,Salud y atención psicosocial,Negativo,9,Necesito atención psicosocial y me dan citas para dentro de meses.
PQR-2026T2-4322,2026-T2,2026,Comuna 4 (Niño Jesús),Comuna 4,Comuna,Salud y atención psicosocial,Positivo,15,"Recibí buena orientación en salud, quedé satisfecho."
PQR-2026T2-4323,2026-T2,2026,Comuna 4 (Niño Jesús),Comuna 4,Comuna,Salud y atención psicosocial,Neutral,11,Pregunto por el programa de atención en salud para víctimas.
PQR-2026T2-4324,2026-T2,2026,Comuna 4 (Niño Jesús),Comuna 4,Comuna,Salud y atención psicosocial,Positivo,14,"La atención psicosocial me ha ayudado mucho, gracias al equipo."
PQR-2026T2-4325,2026-T2,2026,Comuna 4 (Niño Jesús),Comuna 4,Comuna,Salud y atención psicosocial,Negativo,9,No hay profesionales suficientes para la atención en salud mental.
PQR-2026T2-4326,2026-T2,2026,Comuna 4 (Niño Jesús),Comuna 4,Comuna,Salud y atención psicosocial,Neutral,15,Pregunto por el programa de atención en salud para víctimas.
PQR-2026T2-4327,2026-T2,2026,Comuna 4 (Niño Jesús),Comuna 4,Comuna,Salud y atención psicosocial,Positivo,16,"La atención psicosocial me ha ayudado mucho, gracias al equipo."
PQR-2026T2-4328,2026-T2,2026,Comuna 4 (Niño Jesús),Comuna 4,Comuna,Salud y atención psicosocial,Negativo,13,Necesito atención psicosocial y me dan citas para dentro de meses.
PQR-2026T2-4329,2026-T2,2026,Comuna 4 (Niño Jesús),Comuna 4,Comuna,Salud y atención psicosocial,Neutral,8,Pregunto por el programa de atención en salud para víctimas.
PQR-2026T2-4330,2026-T2,2026,Comuna 4 (Niño Jesús),Comuna 4,Comuna,Salud y atención psicosocial,Positivo,13,"La atención psicosocial me ha ayudado mucho, gracias al equipo."
PQR-2026T2-4331,2026-T2,2026,Comuna 4 (Niño Jesús),Comuna 4,Comuna,Salud y atención psicosocial,Negativo,9,No hay profesionales suficientes para la atención en salud mental.
PQR-2026T2-4332,2026-T2,2026,Comuna 4 (Niño Jesús),Comuna 4,Comuna,Educación,Neutral,12,Solicito información sobre becas para estudiantes víctimas.
PQR-2026T2-4333,2026-T2,2026,Comuna 4 (Niño Jesús),Comuna 4,Comuna,Educación,Neutral,8,Pregunto por el apoyo educativo para el próximo semestre.
PQR-2026T2-4334,2026-T2,2026,Comuna 4 (Niño Jesús),Comuna 4,Comuna,Educación,Negativo,16,Falta información sobre los cupos educativos para víctimas.
PQR-2026T2-4335,2026-T2,2026,Comuna 4 (Niño Jesús),Comuna 4,Comuna,Educación,Neutral,9,Solicito información sobre becas para estudiantes víctimas.
PQR-2026T2-4336,2026-T2,2026,Comuna 4 (Niño Jesús),Comuna 4,Comuna,Educación,Positivo,13,"Mi hija obtuvo el apoyo educativo, muy agradecida."
PQR-2026T2-4337,2026-T2,2026,Comuna 4 (Niño Jesús),Comuna 4,Comuna,Educación,Neutral,10,Solicito información sobre becas para estudiantes víctimas.
PQR-2026T2-4338,2026-T2,2026,Comuna 4 (Niño Jesús),Comuna 4,Comuna,Educación,Negativo,11,Falta información sobre los cupos educativos para víctimas.
PQR-2026T2-4339,2026-T2,2026,Comuna 4 (Niño Jesús),Comuna 4,Comuna,Educación,Positivo,12,La orientación sobre educación superior fue útil.
PQR-2026T2-4340,2026-T2,2026,Comuna 4 (Niño Jesús),Comuna 4,Comuna,Educación,Positivo,9,"Mi hija obtuvo el apoyo educativo, muy agradecida."
PQR-2026T2-4341,2026-T2,2026,Comuna 4 (Niño Jesús),Comuna 4,Comuna,Educación,Positivo,9,La orientación sobre educación superior fue útil.
PQR-2026T2-4342,2026-T2,2026,Comuna 4 (Niño Jesús),Comuna 4,Comuna,Educación,Positivo,10,La orientación sobre educación superior fue útil.
PQR-2026T2-4343,2026-T2,2026,Comuna 4 (Niño Jesús),Comuna 4,Comuna,Educación,Positivo,9,La orientación sobre educación superior fue útil.
PQR-2026T2-4344,2026-T2,2026,Comuna 4 (Niño Jesús),Comuna 4,Comuna,Educación,Positivo,15,"Mi hija obtuvo el apoyo educativo, muy agradecida."
PQR-2026T2-4345,2026-T2,2026,Comuna 4 (Niño Jesús),Comuna 4,Comuna,Registro / inclusión RUV,Neutral,14,Solicito información sobre mi estado en el Registro Único de Víctimas.
PQR-2026T2-4346,2026-T2,2026,Comuna 4 (Niño Jesús),Comuna 4,Comuna,Registro / inclusión RUV,Positivo,11,"Me orientaron bien para la declaración, todo salió bien."
PQR-2026T2-4347,2026-T2,2026,Comuna 4 (Niño Jesús),Comuna 4,Comuna,Registro / inclusión RUV,Negativo,9,Me negaron la inclusión y no me explicaron los motivos.
PQR-2026T2-4348,2026-T2,2026,Comuna 4 (Niño Jesús),Comuna 4,Comuna,Registro / inclusión RUV,Neutral,13,¿Qué debo hacer para actualizar mis datos en el RUV?
PQR-2026T2-4349,2026-T2,2026,Comuna 4 (Niño Jesús),Comuna 4,Comuna,Registro / inclusión RUV,Negativo,14,Llevo meses esperando que me incluyan en el RUV y no hay respuesta.
PQR-2026T2-4350,2026-T2,2026,Comuna 4 (Niño Jesús),Comuna 4,Comuna,Registro / inclusión RUV,Negativo,10,Llevo meses esperando que me incluyan en el RUV y no hay respuesta.
PQR-2026T2-4351,2026-T2,2026,Comuna 4 (Niño Jesús),Comuna 4,Comuna,Registro / inclusión RUV,Negativo,9,Me negaron la inclusión y no me explicaron los motivos.
PQR-2026T2-4352,2026-T2,2026,Comuna 4 (Niño Jesús),Comuna 4,Comuna,Registro / inclusión RUV,Positivo,12,"Me orientaron bien para la declaración, todo salió bien."
PQR-2026T2-4353,2026-T2,2026,Comuna 4 (Niño Jesús),Comuna 4,Comuna,Registro / inclusión RUV,Negativo,12,Me negaron la inclusión y no me explicaron los motivos.
PQR-2026T2-4354,2026-T2,2026,Comuna 4 (Niño Jesús),Comuna 4,Comuna,Registro / inclusión RUV,Neutral,15,Solicito información sobre mi estado en el Registro Único de Víctimas.
PQR-2026T2-4355,2026-T2,2026,Comuna 4 (Niño Jesús),Comuna 4,Comuna,Registro / inclusión RUV,Negativo,11,Llevo meses esperando que me incluyan en el RUV y no hay respuesta.
PQR-2026T2-4356,2026-T2,2026,Comuna 4 (Niño Jesús),Comuna 4,Comuna,Registro / inclusión RUV,Negativo,10,Me negaron la inclusión y no me explicaron los motivos.
PQR-2026T2-4357,2026-T2,2026,Comuna 4 (Niño Jesús),Comuna 4,Comuna,Registro / inclusión RUV,Negativo,11,Me negaron la inclusión y no me explicaron los motivos.
PQR-2026T2-4358,2026-T2,2026,Comuna 4 (Niño Jesús),Comuna 4,Comuna,Registro / inclusión RUV,Negativo,15,Me negaron la inclusión y no me explicaron los motivos.
PQR-2026T2-4359,2026-T2,2026,Comuna 4 (Niño Jesús),Comuna 4,Comuna,Registro / inclusión RUV,Negativo,11,Llevo meses esperando que me incluyan en el RUV y no hay respuesta.
PQR-2026T2-4360,2026-T2,2026,Comuna 4 (Niño Jesús),Comuna 4,Comuna,Registro / inclusión RUV,Neutral,11,Solicito información sobre mi estado en el Registro Único de Víctimas.
PQR-2026T2-4361,2026-T2,2026,Comuna 4 (Niño Jesús),Comuna 4,Comuna,Registro / inclusión RUV,Negativo,15,Llevo meses esperando que me incluyan en el RUV y no hay respuesta.
PQR-2026T2-4362,2026-T2,2026,Comuna 4 (Niño Jesús),Comuna 4,Comuna,Registro / inclusión RUV,Neutral,11,Solicito información sobre mi estado en el Registro Único de Víctimas.
PQR-2026T2-4363,2026-T2,2026,Comuna 4 (Niño Jesús),Comuna 4,Comuna,Registro / inclusión RUV,Positivo,13,"Ya quedé incluido en el registro, agradezco la ayuda."
PQR-2026T2-4364,2026-T2,2026,Comuna 4 (Niño Jesús),Comuna 4,Comuna,Registro / inclusión RUV,Negativo,15,Me negaron la inclusión y no me explicaron los motivos.
PQR-2026T2-4365,2026-T2,2026,Comuna 4 (Niño Jesús),Comuna 4,Comuna,Registro / inclusión RUV,Neutral,9,¿Qué debo hacer para actualizar mis datos en el RUV?
PQR-2026T2-4366,2026-T2,2026,Comuna 4 (Niño Jesús),Comuna 4,Comuna,Registro / inclusión RUV,Neutral,14,¿Qué debo hacer para actualizar mis datos en el RUV?
PQR-2026T2-4367,2026-T2,2026,Comuna 4 (Niño Jesús),Comuna 4,Comuna,Registro / inclusión RUV,Neutral,13,Solicito información sobre mi estado en el Registro Único de Víctimas.
PQR-2026T2-4368,2026-T2,2026,Comuna 4 (Niño Jesús),Comuna 4,Comuna,Registro / inclusión RUV,Positivo,9,"Ya quedé incluido en el registro, agradezco la ayuda."
PQR-2026T2-4369,2026-T2,2026,Comuna 4 (Niño Jesús),Comuna 4,Comuna,Registro / inclusión RUV,Positivo,11,"Me orientaron bien para la declaración, todo salió bien."
PQR-2026T2-4370,2026-T2,2026,Comuna 4 (Niño Jesús),Comuna 4,Comuna,Registro / inclusión RUV,Negativo,15,Llevo meses esperando que me incluyan en el RUV y no hay respuesta.
PQR-2026T2-4371,2026-T2,2026,Comuna 4 (Niño Jesús),Comuna 4,Comuna,Retornos y reubicación,Negativo,14,Solicité apoyo para el retorno y no hay condiciones de seguridad.
PQR-2026T2-4372,2026-T2,2026,Comuna 4 (Niño Jesús),Comuna 4,Comuna,Retornos y reubicación,Negativo,12,El proceso de reubicación está detenido hace tiempo.
PQR-2026T2-4373,2026-T2,2026,Comuna 4 (Niño Jesús),Comuna 4,Comuna,Retornos y reubicación,Negativo,15,Solicité apoyo para el retorno y no hay condiciones de seguridad.
PQR-2026T2-4374,2026-T2,2026,Comuna 4 (Niño Jesús),Comuna 4,Comuna,Retornos y reubicación,Neutral,14,Pregunto por el plan de retorno para mi comunidad.
PQR-2026T2-4375,2026-T2,2026,Comuna 4 (Niño Jesús),Comuna 4,Comuna,Retornos y reubicación,Positivo,13,Nos apoyaron en la reubicación de manera adecuada.
PQR-2026T2-4376,2026-T2,2026,Comuna 4 (Niño Jesús),Comuna 4,Comuna,Retornos y reubicación,Negativo,16,Solicité apoyo para el retorno y no hay condiciones de seguridad.
PQR-2026T2-4377,2026-T2,2026,Comuna 4 (Niño Jesús),Comuna 4,Comuna,Retornos y reubicación,Neutral,12,Pregunto por el plan de retorno para mi comunidad.
PQR-2026T2-4378,2026-T2,2026,Comuna 4 (Niño Jesús),Comuna 4,Comuna,Retornos y reubicación,Positivo,11,"El acompañamiento para el retorno fue bueno, gracias."
PQR-2026T2-4379,2026-T2,2026,Comuna 4 (Niño Jesús),Comuna 4,Comuna,Retornos y reubicación,Neutral,11,Pregunto por el plan de retorno para mi comunidad.
PQR-2026T2-4380,2026-T2,2026,Comuna 4 (Niño Jesús),Comuna 4,Comuna,Retornos y reubicación,Negativo,15,El proceso de reubicación está detenido hace tiempo.
PQR-2026T2-4381,2026-T2,2026,Comuna 4 (Niño Jesús),Comuna 4,Comuna,Otros trámites,Positivo,9,La atención en ventanilla fue amable y rápida.
PQR-2026T2-4382,2026-T2,2026,Comuna 4 (Niño Jesús),Comuna 4,Comuna,Otros trámites,Positivo,13,La atención en ventanilla fue amable y rápida.
PQR-2026T2-4383,2026-T2,2026,Comuna 4 (Niño Jesús),Comuna 4,Comuna,Otros trámites,Neutral,14,Solicito un certificado de mi condición de víctima.
PQR-2026T2-4384,2026-T2,2026,Comuna 4 (Niño Jesús),Comuna 4,Comuna,Otros trámites,Positivo,15,Me resolvieron el trámite sin complicaciones.
PQR-2026T2-4385,2026-T2,2026,Comuna 4 (Niño Jesús),Comuna 4,Comuna,Otros trámites,Positivo,10,La atención en ventanilla fue amable y rápida.
PQR-2026T2-4386,2026-T2,2026,Comuna 4 (Niño Jesús),Comuna 4,Comuna,Otros trámites,Positivo,15,La atención en ventanilla fue amable y rápida.
PQR-2026T2-4387,2026-T2,2026,Comuna 4 (Niño Jesús),Comuna 4,Comuna,Otros trámites,Positivo,11,La atención en ventanilla fue amable y rápida.
PQR-2026T2-4388,2026-T2,2026,Comuna 4 (Niño Jesús),Comuna 4,Comuna,Otros trámites,Positivo,14,Me resolvieron el trámite sin complicaciones.
PQR-2026T2-4389,2026-T2,2026,Comuna 4 (Niño Jesús),Comuna 4,Comuna,Otros trámites,Neutral,13,Solicito un certificado de mi condición de víctima.
PQR-2026T2-4390,2026-T2,2026,Comuna 4 (Niño Jesús),Comuna 4,Comuna,Otros trámites,Neutral,8,Solicito un certificado de mi condición de víctima.
PQR-2026T2-4391,2026-T2,2026,Comuna 4 (Niño Jesús),Comuna 4,Comuna,Otros trámites,Negativo,14,La fila de atención es muy larga y no alcanzan a atender.
PQR-2026T2-4392,2026-T2,2026,Comuna 4 (Niño Jesús),Comuna 4,Comuna,Otros trámites,Neutral,15,Solicito un certificado de mi condición de víctima.
PQR-2026T2-4393,2026-T2,2026,Comuna 4 (Niño Jesús),Comuna 4,Comuna,Otros trámites,Positivo,14,La atención en ventanilla fue amable y rápida.
PQR-2026T2-4394,2026-T2,2026,Comuna 5 (Cristo Rey),Comuna 5,Comuna,Ayuda humanitaria,Positivo,13,Agradezco que me entregaron la ayuda humanitaria rápidamente.
PQR-2026T2-4395,2026-T2,2026,Comuna 5 (Cristo Rey),Comuna 5,Comuna,Ayuda humanitaria,Negativo,13,Llevo tres meses esperando la ayuda humanitaria y no me han dado respuesta.
PQR-2026T2-4396,2026-T2,2026,Comuna 5 (Cristo Rey),Comuna 5,Comuna,Ayuda humanitaria,Positivo,12,"La atención para la ayuda de emergencia fue oportuna, gracias."
PQR-2026T2-4397,2026-T2,2026,Comuna 5 (Cristo Rey),Comuna 5,Comuna,Ayuda humanitaria,Positivo,14,"La atención para la ayuda de emergencia fue oportuna, gracias."
PQR-2026T2-4398,2026-T2,2026,Comuna 5 (Cristo Rey),Comuna 5,Comuna,Ayuda humanitaria,Negativo,11,"Solicité el mercado de emergencia y nunca llegó, mi familia está pasando necesidad."
PQR-2026T2-4399,2026-T2,2026,Comuna 5 (Cristo Rey),Comuna 5,Comuna,Ayuda humanitaria,Neutral,14,Quisiera saber qué documentos faltan para la ayuda humanitaria.
PQR-2026T2-4400,2026-T2,2026,Comuna 5 (Cristo Rey),Comuna 5,Comuna,Ayuda humanitaria,Neutral,13,Pregunto por el estado de mi solicitud de ayuda humanitaria inmediata.
PQR-2026T2-4401,2026-T2,2026,Comuna 5 (Cristo Rey),Comuna 5,Comuna,Ayuda humanitaria,Positivo,12,"La atención para la ayuda de emergencia fue oportuna, gracias."
PQR-2026T2-4402,2026-T2,2026,Comuna 5 (Cristo Rey),Comuna 5,Comuna,Ayuda humanitaria,Negativo,11,Llevo tres meses esperando la ayuda humanitaria y no me han dado respuesta.
PQR-2026T2-4403,2026-T2,2026,Comuna 5 (Cristo Rey),Comuna 5,Comuna,Ayuda humanitaria,Negativo,15,"Solicité el mercado de emergencia y nunca llegó, mi familia está pasando necesidad."
PQR-2026T2-4404,2026-T2,2026,Comuna 5 (Cristo Rey),Comuna 5,Comuna,Ayuda humanitaria,Negativo,12,"Solicité el mercado de emergencia y nunca llegó, mi familia está pasando necesidad."
PQR-2026T2-4405,2026-T2,2026,Comuna 5 (Cristo Rey),Comuna 5,Comuna,Ayuda humanitaria,Neutral,10,Quisiera saber qué documentos faltan para la ayuda humanitaria.
PQR-2026T2-4406,2026-T2,2026,Comuna 5 (Cristo Rey),Comuna 5,Comuna,Ayuda humanitaria,Positivo,10,Agradezco que me entregaron la ayuda humanitaria rápidamente.
PQR-2026T2-4407,2026-T2,2026,Comuna 5 (Cristo Rey),Comuna 5,Comuna,Ayuda humanitaria,Neutral,9,Quisiera saber qué documentos faltan para la ayuda humanitaria.
PQR-2026T2-4408,2026-T2,2026,Comuna 5 (Cristo Rey),Comuna 5,Comuna,Ayuda humanitaria,Positivo,16,"La atención para la ayuda de emergencia fue oportuna, gracias."
PQR-2026T2-4409,2026-T2,2026,Comuna 5 (Cristo Rey),Comuna 5,Comuna,Ayuda humanitaria,Positivo,11,Agradezco que me entregaron la ayuda humanitaria rápidamente.
PQR-2026T2-4410,2026-T2,2026,Comuna 5 (Cristo Rey),Comuna 5,Comuna,Ayuda humanitaria,Neutral,9,Quisiera saber qué documentos faltan para la ayuda humanitaria.
PQR-2026T2-4411,2026-T2,2026,Comuna 5 (Cristo Rey),Comuna 5,Comuna,Ayuda humanitaria,Negativo,10,"Solicité el mercado de emergencia y nunca llegó, mi familia está pasando necesidad."
PQR-2026T2-4412,2026-T2,2026,Comuna 5 (Cristo Rey),Comuna 5,Comuna,Ayuda humanitaria,Negativo,15,"Solicité el mercado de emergencia y nunca llegó, mi familia está pasando necesidad."
PQR-2026T2-4413,2026-T2,2026,Comuna 5 (Cristo Rey),Comuna 5,Comuna,Ayuda humanitaria,Negativo,8,Llevo tres meses esperando la ayuda humanitaria y no me han dado respuesta.
PQR-2026T2-4414,2026-T2,2026,Comuna 5 (Cristo Rey),Comuna 5,Comuna,Ayuda humanitaria,Neutral,14,Quisiera saber qué documentos faltan para la ayuda humanitaria.
PQR-2026T2-4415,2026-T2,2026,Comuna 5 (Cristo Rey),Comuna 5,Comuna,Indemnización / reparación,Negativo,10,No entiendo por qué a otros ya les pagaron la reparación y a mí no.
PQR-2026T2-4416,2026-T2,2026,Comuna 5 (Cristo Rey),Comuna 5,Comuna,Indemnización / reparación,Neutral,13,¿Cómo consulto el estado de mi proceso de reparación?
PQR-2026T2-4417,2026-T2,2026,Comuna 5 (Cristo Rey),Comuna 5,Comuna,Indemnización / reparación,Positivo,10,"Por fin recibí la indemnización, agradezco la gestión de la oficina."
PQR-2026T2-4418,2026-T2,2026,Comuna 5 (Cristo Rey),Comuna 5,Comuna,Indemnización / reparación,Neutral,10,Solicito información sobre el turno de mi indemnización administrativa.
PQR-2026T2-4419,2026-T2,2026,Comuna 5 (Cristo Rey),Comuna 5,Comuna,Indemnización / reparación,Negativo,8,No entiendo por qué a otros ya les pagaron la reparación y a mí no.
PQR-2026T2-4420,2026-T2,2026,Comuna 5 (Cristo Rey),Comuna 5,Comuna,Indemnización / reparación,Neutral,11,¿Cómo consulto el estado de mi proceso de reparación?
PQR-2026T2-4421,2026-T2,2026,Comuna 5 (Cristo Rey),Comuna 5,Comuna,Indemnización / reparación,Negativo,13,No entiendo por qué a otros ya les pagaron la reparación y a mí no.
PQR-2026T2-4422,2026-T2,2026,Comuna 5 (Cristo Rey),Comuna 5,Comuna,Indemnización / reparación,Negativo,16,No entiendo por qué a otros ya les pagaron la reparación y a mí no.
PQR-2026T2-4423,2026-T2,2026,Comuna 5 (Cristo Rey),Comuna 5,Comuna,Indemnización / reparación,Neutral,15,Solicito información sobre el turno de mi indemnización administrativa.
PQR-2026T2-4424,2026-T2,2026,Comuna 5 (Cristo Rey),Comuna 5,Comuna,Indemnización / reparación,Negativo,15,No entiendo por qué a otros ya les pagaron la reparación y a mí no.
PQR-2026T2-4425,2026-T2,2026,Comuna 5 (Cristo Rey),Comuna 5,Comuna,Indemnización / reparación,Neutral,9,Solicito información sobre el turno de mi indemnización administrativa.
PQR-2026T2-4426,2026-T2,2026,Comuna 5 (Cristo Rey),Comuna 5,Comuna,Indemnización / reparación,Neutral,12,Solicito información sobre el turno de mi indemnización administrativa.
PQR-2026T2-4427,2026-T2,2026,Comuna 5 (Cristo Rey),Comuna 5,Comuna,Indemnización / reparación,Neutral,15,Solicito información sobre el turno de mi indemnización administrativa.
PQR-2026T2-4428,2026-T2,2026,Comuna 5 (Cristo Rey),Comuna 5,Comuna,Indemnización / reparación,Negativo,9,"Fui incluido hace años y todavía no me llega la indemnización, es una injusticia."
PQR-2026T2-4429,2026-T2,2026,Comuna 5 (Cristo Rey),Comuna 5,Comuna,Indemnización / reparación,Positivo,15,Me orientaron bien sobre el proceso de reparación.
PQR-2026T2-4430,2026-T2,2026,Comuna 5 (Cristo Rey),Comuna 5,Comuna,Indemnización / reparación,Neutral,8,Solicito información sobre el turno de mi indemnización administrativa.
PQR-2026T2-4431,2026-T2,2026,Comuna 5 (Cristo Rey),Comuna 5,Comuna,Indemnización / reparación,Negativo,13,No entiendo por qué a otros ya les pagaron la reparación y a mí no.
PQR-2026T2-4432,2026-T2,2026,Comuna 5 (Cristo Rey),Comuna 5,Comuna,Indemnización / reparación,Negativo,13,"Fui incluido hace años y todavía no me llega la indemnización, es una injusticia."
PQR-2026T2-4433,2026-T2,2026,Comuna 5 (Cristo Rey),Comuna 5,Comuna,Indemnización / reparación,Neutral,10,¿Cómo consulto el estado de mi proceso de reparación?
PQR-2026T2-4434,2026-T2,2026,Comuna 5 (Cristo Rey),Comuna 5,Comuna,Indemnización / reparación,Negativo,10,"Fui incluido hace años y todavía no me llega la indemnización, es una injusticia."
PQR-2026T2-4435,2026-T2,2026,Comuna 5 (Cristo Rey),Comuna 5,Comuna,Indemnización / reparación,Positivo,11,Me orientaron bien sobre el proceso de reparación.
PQR-2026T2-4436,2026-T2,2026,Comuna 5 (Cristo Rey),Comuna 5,Comuna,Indemnización / reparación,Negativo,16,No entiendo por qué a otros ya les pagaron la reparación y a mí no.
PQR-2026T2-4437,2026-T2,2026,Comuna 5 (Cristo Rey),Comuna 5,Comuna,Indemnización / reparación,Negativo,14,No entiendo por qué a otros ya les pagaron la reparación y a mí no.
PQR-2026T2-4438,2026-T2,2026,Comuna 5 (Cristo Rey),Comuna 5,Comuna,Indemnización / reparación,Neutral,16,Solicito información sobre el turno de mi indemnización administrativa.
PQR-2026T2-4439,2026-T2,2026,Comuna 5 (Cristo Rey),Comuna 5,Comuna,Indemnización / reparación,Neutral,9,Solicito información sobre el turno de mi indemnización administrativa.
PQR-2026T2-4440,2026-T2,2026,Comuna 5 (Cristo Rey),Comuna 5,Comuna,Vivienda,Positivo,10,"Me asignaron la vivienda, muy agradecido con el acompañamiento."
PQR-2026T2-4441,2026-T2,2026,Comuna 5 (Cristo Rey),Comuna 5,Comuna,Vivienda,Positivo,15,"Me asignaron la vivienda, muy agradecido con el acompañamiento."
PQR-2026T2-4442,2026-T2,2026,Comuna 5 (Cristo Rey),Comuna 5,Comuna,Vivienda,Negativo,13,Postulé al subsidio de vivienda y me rechazaron sin explicación clara.
PQR-2026T2-4443,2026-T2,2026,Comuna 5 (Cristo Rey),Comuna 5,Comuna,Vivienda,Negativo,16,La casa que me asignaron tiene problemas y nadie responde.
PQR-2026T2-4444,2026-T2,2026,Comuna 5 (Cristo Rey),Comuna 5,Comuna,Vivienda,Positivo,11,"Me asignaron la vivienda, muy agradecido con el acompañamiento."
PQR-2026T2-4445,2026-T2,2026,Comuna 5 (Cristo Rey),Comuna 5,Comuna,Vivienda,Positivo,16,El proceso de postulación a vivienda fue claro.
PQR-2026T2-4446,2026-T2,2026,Comuna 5 (Cristo Rey),Comuna 5,Comuna,Vivienda,Negativo,15,La casa que me asignaron tiene problemas y nadie responde.
PQR-2026T2-4447,2026-T2,2026,Comuna 5 (Cristo Rey),Comuna 5,Comuna,Vivienda,Neutral,12,Solicito información sobre el subsidio de mejoramiento de vivienda.
PQR-2026T2-4448,2026-T2,2026,Comuna 5 (Cristo Rey),Comuna 5,Comuna,Vivienda,Positivo,10,El proceso de postulación a vivienda fue claro.
PQR-2026T2-4449,2026-T2,2026,Comuna 5 (Cristo Rey),Comuna 5,Comuna,Vivienda,Neutral,11,Pregunto por las convocatorias de vivienda para población víctima.
PQR-2026T2-4450,2026-T2,2026,Comuna 5 (Cristo Rey),Comuna 5,Comuna,Vivienda,Positivo,16,"Me asignaron la vivienda, muy agradecido con el acompañamiento."
PQR-2026T2-4451,2026-T2,2026,Comuna 5 (Cristo Rey),Comuna 5,Comuna,Vivienda,Positivo,16,"Me asignaron la vivienda, muy agradecido con el acompañamiento."
PQR-2026T2-4452,2026-T2,2026,Comuna 5 (Cristo Rey),Comuna 5,Comuna,Vivienda,Neutral,11,Pregunto por las convocatorias de vivienda para población víctima.
PQR-2026T2-4453,2026-T2,2026,Comuna 5 (Cristo Rey),Comuna 5,Comuna,Vivienda,Negativo,12,Postulé al subsidio de vivienda y me rechazaron sin explicación clara.
PQR-2026T2-4454,2026-T2,2026,Comuna 5 (Cristo Rey),Comuna 5,Comuna,Vivienda,Negativo,15,La casa que me asignaron tiene problemas y nadie responde.
PQR-2026T2-4455,2026-T2,2026,Comuna 5 (Cristo Rey),Comuna 5,Comuna,Vivienda,Negativo,12,Postulé al subsidio de vivienda y me rechazaron sin explicación clara.
PQR-2026T2-4456,2026-T2,2026,Comuna 5 (Cristo Rey),Comuna 5,Comuna,Vivienda,Negativo,12,Postulé al subsidio de vivienda y me rechazaron sin explicación clara.
PQR-2026T2-4457,2026-T2,2026,Comuna 5 (Cristo Rey),Comuna 5,Comuna,Salud y atención psicosocial,Positivo,14,"Recibí buena orientación en salud, quedé satisfecho."
PQR-2026T2-4458,2026-T2,2026,Comuna 5 (Cristo Rey),Comuna 5,Comuna,Salud y atención psicosocial,Negativo,12,No hay profesionales suficientes para la atención en salud mental.
PQR-2026T2-4459,2026-T2,2026,Comuna 5 (Cristo Rey),Comuna 5,Comuna,Salud y atención psicosocial,Positivo,9,"La atención psicosocial me ha ayudado mucho, gracias al equipo."
PQR-2026T2-4460,2026-T2,2026,Comuna 5 (Cristo Rey),Comuna 5,Comuna,Salud y atención psicosocial,Positivo,11,"Recibí buena orientación en salud, quedé satisfecho."
PQR-2026T2-4461,2026-T2,2026,Comuna 5 (Cristo Rey),Comuna 5,Comuna,Salud y atención psicosocial,Neutral,11,Pregunto por el programa de atención en salud para víctimas.
PQR-2026T2-4462,2026-T2,2026,Comuna 5 (Cristo Rey),Comuna 5,Comuna,Salud y atención psicosocial,Negativo,13,No hay profesionales suficientes para la atención en salud mental.
PQR-2026T2-4463,2026-T2,2026,Comuna 5 (Cristo Rey),Comuna 5,Comuna,Salud y atención psicosocial,Neutral,11,Solicito una cita de atención psicosocial para mi familia.
PQR-2026T2-4464,2026-T2,2026,Comuna 5 (Cristo Rey),Comuna 5,Comuna,Salud y atención psicosocial,Positivo,9,"La atención psicosocial me ha ayudado mucho, gracias al equipo."
PQR-2026T2-4465,2026-T2,2026,Comuna 5 (Cristo Rey),Comuna 5,Comuna,Salud y atención psicosocial,Negativo,10,Necesito atención psicosocial y me dan citas para dentro de meses.
PQR-2026T2-4466,2026-T2,2026,Comuna 5 (Cristo Rey),Comuna 5,Comuna,Salud y atención psicosocial,Positivo,11,"La atención psicosocial me ha ayudado mucho, gracias al equipo."
PQR-2026T2-4467,2026-T2,2026,Comuna 5 (Cristo Rey),Comuna 5,Comuna,Salud y atención psicosocial,Positivo,13,"La atención psicosocial me ha ayudado mucho, gracias al equipo."
PQR-2026T2-4468,2026-T2,2026,Comuna 5 (Cristo Rey),Comuna 5,Comuna,Salud y atención psicosocial,Neutral,13,Solicito una cita de atención psicosocial para mi familia.
PQR-2026T2-4469,2026-T2,2026,Comuna 5 (Cristo Rey),Comuna 5,Comuna,Salud y atención psicosocial,Positivo,10,"La atención psicosocial me ha ayudado mucho, gracias al equipo."
PQR-2026T2-4470,2026-T2,2026,Comuna 5 (Cristo Rey),Comuna 5,Comuna,Salud y atención psicosocial,Negativo,10,No hay profesionales suficientes para la atención en salud mental.
PQR-2026T2-4471,2026-T2,2026,Comuna 5 (Cristo Rey),Comuna 5,Comuna,Salud y atención psicosocial,Neutral,13,Pregunto por el programa de atención en salud para víctimas.
PQR-2026T2-4472,2026-T2,2026,Comuna 5 (Cristo Rey),Comuna 5,Comuna,Salud y atención psicosocial,Positivo,12,"La atención psicosocial me ha ayudado mucho, gracias al equipo."
PQR-2026T2-4473,2026-T2,2026,Comuna 5 (Cristo Rey),Comuna 5,Comuna,Salud y atención psicosocial,Positivo,16,"Recibí buena orientación en salud, quedé satisfecho."
PQR-2026T2-4474,2026-T2,2026,Comuna 5 (Cristo Rey),Comuna 5,Comuna,Salud y atención psicosocial,Neutral,15,Pregunto por el programa de atención en salud para víctimas.
PQR-2026T2-4475,2026-T2,2026,Comuna 5 (Cristo Rey),Comuna 5,Comuna,Salud y atención psicosocial,Positivo,15,"Recibí buena orientación en salud, quedé satisfecho."
PQR-2026T2-4476,2026-T2,2026,Comuna 5 (Cristo Rey),Comuna 5,Comuna,Educación,Neutral,10,Pregunto por el apoyo educativo para el próximo semestre.
PQR-2026T2-4477,2026-T2,2026,Comuna 5 (Cristo Rey),Comuna 5,Comuna,Educación,Positivo,9,La orientación sobre educación superior fue útil.
PQR-2026T2-4478,2026-T2,2026,Comuna 5 (Cristo Rey),Comuna 5,Comuna,Educación,Positivo,11,"Mi hija obtuvo el apoyo educativo, muy agradecida."
PQR-2026T2-4479,2026-T2,2026,Comuna 5 (Cristo Rey),Comuna 5,Comuna,Educación,Positivo,11,La orientación sobre educación superior fue útil.
PQR-2026T2-4480,2026-T2,2026,Comuna 5 (Cristo Rey),Comuna 5,Comuna,Educación,Neutral,16,Pregunto por el apoyo educativo para el próximo semestre.
PQR-2026T2-4481,2026-T2,2026,Comuna 5 (Cristo Rey),Comuna 5,Comuna,Educación,Neutral,12,Solicito información sobre becas para estudiantes víctimas.
PQR-2026T2-4482,2026-T2,2026,Comuna 5 (Cristo Rey),Comuna 5,Comuna,Educación,Neutral,9,Pregunto por el apoyo educativo para el próximo semestre.
PQR-2026T2-4483,2026-T2,2026,Comuna 5 (Cristo Rey),Comuna 5,Comuna,Educación,Neutral,10,Pregunto por el apoyo educativo para el próximo semestre.
PQR-2026T2-4484,2026-T2,2026,Comuna 5 (Cristo Rey),Comuna 5,Comuna,Educación,Positivo,12,"Mi hija obtuvo el apoyo educativo, muy agradecida."
PQR-2026T2-4485,2026-T2,2026,Comuna 5 (Cristo Rey),Comuna 5,Comuna,Educación,Positivo,16,La orientación sobre educación superior fue útil.
PQR-2026T2-4486,2026-T2,2026,Comuna 5 (Cristo Rey),Comuna 5,Comuna,Educación,Positivo,13,"Mi hija obtuvo el apoyo educativo, muy agradecida."
PQR-2026T2-4487,2026-T2,2026,Comuna 5 (Cristo Rey),Comuna 5,Comuna,Educación,Neutral,9,Solicito información sobre becas para estudiantes víctimas.
PQR-2026T2-4488,2026-T2,2026,Comuna 5 (Cristo Rey),Comuna 5,Comuna,Educación,Negativo,14,Falta información sobre los cupos educativos para víctimas.
PQR-2026T2-4489,2026-T2,2026,Comuna 5 (Cristo Rey),Comuna 5,Comuna,Educación,Positivo,14,"Mi hija obtuvo el apoyo educativo, muy agradecida."
PQR-2026T2-4490,2026-T2,2026,Comuna 5 (Cristo Rey),Comuna 5,Comuna,Registro / inclusión RUV,Negativo,9,Me negaron la inclusión y no me explicaron los motivos.
PQR-2026T2-4491,2026-T2,2026,Comuna 5 (Cristo Rey),Comuna 5,Comuna,Registro / inclusión RUV,Positivo,14,"Me orientaron bien para la declaración, todo salió bien."
PQR-2026T2-4492,2026-T2,2026,Comuna 5 (Cristo Rey),Comuna 5,Comuna,Registro / inclusión RUV,Negativo,13,Llevo meses esperando que me incluyan en el RUV y no hay respuesta.
PQR-2026T2-4493,2026-T2,2026,Comuna 5 (Cristo Rey),Comuna 5,Comuna,Registro / inclusión RUV,Negativo,12,Llevo meses esperando que me incluyan en el RUV y no hay respuesta.
PQR-2026T2-4494,2026-T2,2026,Comuna 5 (Cristo Rey),Comuna 5,Comuna,Registro / inclusión RUV,Negativo,16,Me negaron la inclusión y no me explicaron los motivos.
PQR-2026T2-4495,2026-T2,2026,Comuna 5 (Cristo Rey),Comuna 5,Comuna,Registro / inclusión RUV,Positivo,8,"Me orientaron bien para la declaración, todo salió bien."
PQR-2026T2-4496,2026-T2,2026,Comuna 5 (Cristo Rey),Comuna 5,Comuna,Registro / inclusión RUV,Neutral,8,¿Qué debo hacer para actualizar mis datos en el RUV?
PQR-2026T2-4497,2026-T2,2026,Comuna 5 (Cristo Rey),Comuna 5,Comuna,Registro / inclusión RUV,Neutral,11,¿Qué debo hacer para actualizar mis datos en el RUV?
PQR-2026T2-4498,2026-T2,2026,Comuna 5 (Cristo Rey),Comuna 5,Comuna,Registro / inclusión RUV,Negativo,8,Llevo meses esperando que me incluyan en el RUV y no hay respuesta.
PQR-2026T2-4499,2026-T2,2026,Comuna 5 (Cristo Rey),Comuna 5,Comuna,Registro / inclusión RUV,Neutral,12,¿Qué debo hacer para actualizar mis datos en el RUV?
PQR-2026T2-4500,2026-T2,2026,Comuna 5 (Cristo Rey),Comuna 5,Comuna,Registro / inclusión RUV,Neutral,12,Solicito información sobre mi estado en el Registro Único de Víctimas.
PQR-2026T2-4501,2026-T2,2026,Comuna 5 (Cristo Rey),Comuna 5,Comuna,Registro / inclusión RUV,Neutral,11,¿Qué debo hacer para actualizar mis datos en el RUV?
PQR-2026T2-4502,2026-T2,2026,Comuna 5 (Cristo Rey),Comuna 5,Comuna,Registro / inclusión RUV,Negativo,11,Me negaron la inclusión y no me explicaron los motivos.
PQR-2026T2-4503,2026-T2,2026,Comuna 5 (Cristo Rey),Comuna 5,Comuna,Registro / inclusión RUV,Neutral,16,¿Qué debo hacer para actualizar mis datos en el RUV?
PQR-2026T2-4504,2026-T2,2026,Comuna 5 (Cristo Rey),Comuna 5,Comuna,Registro / inclusión RUV,Neutral,13,Solicito información sobre mi estado en el Registro Único de Víctimas.
PQR-2026T2-4505,2026-T2,2026,Comuna 5 (Cristo Rey),Comuna 5,Comuna,Registro / inclusión RUV,Neutral,12,¿Qué debo hacer para actualizar mis datos en el RUV?
PQR-2026T2-4506,2026-T2,2026,Comuna 5 (Cristo Rey),Comuna 5,Comuna,Retornos y reubicación,Neutral,14,Solicito información sobre acompañamiento para reubicación.
PQR-2026T2-4507,2026-T2,2026,Comuna 5 (Cristo Rey),Comuna 5,Comuna,Retornos y reubicación,Neutral,11,Solicito información sobre acompañamiento para reubicación.
PQR-2026T2-4508,2026-T2,2026,Comuna 5 (Cristo Rey),Comuna 5,Comuna,Retornos y reubicación,Neutral,11,Solicito información sobre acompañamiento para reubicación.
PQR-2026T2-4509,2026-T2,2026,Comuna 5 (Cristo Rey),Comuna 5,Comuna,Retornos y reubicación,Positivo,9,"El acompañamiento para el retorno fue bueno, gracias."
PQR-2026T2-4510,2026-T2,2026,Comuna 5 (Cristo Rey),Comuna 5,Comuna,Retornos y reubicación,Positivo,12,"El acompañamiento para el retorno fue bueno, gracias."
PQR-2026T2-4511,2026-T2,2026,Comuna 5 (Cristo Rey),Comuna 5,Comuna,Retornos y reubicación,Positivo,12,Nos apoyaron en la reubicación de manera adecuada.
PQR-2026T2-4512,2026-T2,2026,Comuna 5 (Cristo Rey),Comuna 5,Comuna,Retornos y reubicación,Positivo,15,"El acompañamiento para el retorno fue bueno, gracias."
PQR-2026T2-4513,2026-T2,2026,Comuna 5 (Cristo Rey),Comuna 5,Comuna,Retornos y reubicación,Positivo,9,"El acompañamiento para el retorno fue bueno, gracias."
PQR-2026T2-4514,2026-T2,2026,Comuna 5 (Cristo Rey),Comuna 5,Comuna,Retornos y reubicación,Neutral,8,Solicito información sobre acompañamiento para reubicación.
PQR-2026T2-4515,2026-T2,2026,Comuna 5 (Cristo Rey),Comuna 5,Comuna,Retornos y reubicación,Neutral,12,Pregunto por el plan de retorno para mi comunidad.
PQR-2026T2-4516,2026-T2,2026,Comuna 5 (Cristo Rey),Comuna 5,Comuna,Retornos y reubicación,Positivo,15,"El acompañamiento para el retorno fue bueno, gracias."
PQR-2026T2-4517,2026-T2,2026,Comuna 5 (Cristo Rey),Comuna 5,Comuna,Retornos y reubicación,Negativo,13,El proceso de reubicación está detenido hace tiempo.
PQR-2026T2-4518,2026-T2,2026,Comuna 5 (Cristo Rey),Comuna 5,Comuna,Retornos y reubicación,Negativo,14,Solicité apoyo para el retorno y no hay condiciones de seguridad.
PQR-2026T2-4519,2026-T2,2026,Comuna 5 (Cristo Rey),Comuna 5,Comuna,Otros trámites,Neutral,15,Pregunto por el horario de atención de la oficina.
PQR-2026T2-4520,2026-T2,2026,Comuna 5 (Cristo Rey),Comuna 5,Comuna,Otros trámites,Negativo,14,La fila de atención es muy larga y no alcanzan a atender.
PQR-2026T2-4521,2026-T2,2026,Comuna 5 (Cristo Rey),Comuna 5,Comuna,Otros trámites,Neutral,16,Solicito un certificado de mi condición de víctima.
PQR-2026T2-4522,2026-T2,2026,Comuna 5 (Cristo Rey),Comuna 5,Comuna,Otros trámites,Positivo,16,Me resolvieron el trámite sin complicaciones.
PQR-2026T2-4523,2026-T2,2026,Comuna 5 (Cristo Rey),Comuna 5,Comuna,Otros trámites,Positivo,14,Me resolvieron el trámite sin complicaciones.
PQR-2026T2-4524,2026-T2,2026,Comuna 5 (Cristo Rey),Comuna 5,Comuna,Otros trámites,Positivo,10,La atención en ventanilla fue amable y rápida.
PQR-2026T2-4525,2026-T2,2026,Comuna 5 (Cristo Rey),Comuna 5,Comuna,Otros trámites,Negativo,13,Me han remitido de una oficina a otra sin resolver mi caso.
PQR-2026T2-4526,2026-T2,2026,Comuna 5 (Cristo Rey),Comuna 5,Comuna,Otros trámites,Positivo,15,Me resolvieron el trámite sin complicaciones.
PQR-2026T2-4527,2026-T2,2026,Comuna 5 (Cristo Rey),Comuna 5,Comuna,Otros trámites,Negativo,15,La fila de atención es muy larga y no alcanzan a atender.
PQR-2026T2-4528,2026-T2,2026,Comuna 5 (Cristo Rey),Comuna 5,Comuna,Otros trámites,Neutral,10,Pregunto por el horario de atención de la oficina.
PQR-2026T2-4529,2026-T2,2026,Comuna 5 (Cristo Rey),Comuna 5,Comuna,Otros trámites,Neutral,12,Pregunto por el horario de atención de la oficina.
PQR-2026T2-4530,2026-T2,2026,Comuna 5 (Cristo Rey),Comuna 5,Comuna,Otros trámites,Neutral,9,Solicito un certificado de mi condición de víctima.
PQR-2026T2-4531,2026-T2,2026,Comuna 5 (Cristo Rey),Comuna 5,Comuna,Otros trámites,Negativo,13,Me han remitido de una oficina a otra sin resolver mi caso.
PQR-2026T2-4532,2026-T2,2026,Comuna 5 (Cristo Rey),Comuna 5,Comuna,Otros trámites,Negativo,11,Me han remitido de una oficina a otra sin resolver mi caso.
PQR-2026T2-4533,2026-T2,2026,Comuna 6 (Huapango),Comuna 6,Comuna,Ayuda humanitaria,Negativo,10,Llevo tres meses esperando la ayuda humanitaria y no me han dado respuesta.
PQR-2026T2-4534,2026-T2,2026,Comuna 6 (Huapango),Comuna 6,Comuna,Ayuda humanitaria,Neutral,12,Quisiera saber qué documentos faltan para la ayuda humanitaria.
PQR-2026T2-4535,2026-T2,2026,Comuna 6 (Huapango),Comuna 6,Comuna,Ayuda humanitaria,Neutral,10,Pregunto por el estado de mi solicitud de ayuda humanitaria inmediata.
PQR-2026T2-4536,2026-T2,2026,Comuna 6 (Huapango),Comuna 6,Comuna,Ayuda humanitaria,Negativo,15,Llevo tres meses esperando la ayuda humanitaria y no me han dado respuesta.
PQR-2026T2-4537,2026-T2,2026,Comuna 6 (Huapango),Comuna 6,Comuna,Ayuda humanitaria,Negativo,15,"Solicité el mercado de emergencia y nunca llegó, mi familia está pasando necesidad."
PQR-2026T2-4538,2026-T2,2026,Comuna 6 (Huapango),Comuna 6,Comuna,Ayuda humanitaria,Positivo,11,"La atención para la ayuda de emergencia fue oportuna, gracias."
PQR-2026T2-4539,2026-T2,2026,Comuna 6 (Huapango),Comuna 6,Comuna,Ayuda humanitaria,Negativo,12,"Solicité el mercado de emergencia y nunca llegó, mi familia está pasando necesidad."
PQR-2026T2-4540,2026-T2,2026,Comuna 6 (Huapango),Comuna 6,Comuna,Ayuda humanitaria,Positivo,15,Agradezco que me entregaron la ayuda humanitaria rápidamente.
PQR-2026T2-4541,2026-T2,2026,Comuna 6 (Huapango),Comuna 6,Comuna,Ayuda humanitaria,Positivo,12,Agradezco que me entregaron la ayuda humanitaria rápidamente.
PQR-2026T2-4542,2026-T2,2026,Comuna 6 (Huapango),Comuna 6,Comuna,Ayuda humanitaria,Neutral,15,Pregunto por el estado de mi solicitud de ayuda humanitaria inmediata.
PQR-2026T2-4543,2026-T2,2026,Comuna 6 (Huapango),Comuna 6,Comuna,Ayuda humanitaria,Positivo,9,Agradezco que me entregaron la ayuda humanitaria rápidamente.
PQR-2026T2-4544,2026-T2,2026,Comuna 6 (Huapango),Comuna 6,Comuna,Ayuda humanitaria,Neutral,8,Pregunto por el estado de mi solicitud de ayuda humanitaria inmediata.
PQR-2026T2-4545,2026-T2,2026,Comuna 6 (Huapango),Comuna 6,Comuna,Ayuda humanitaria,Negativo,14,Llevo tres meses esperando la ayuda humanitaria y no me han dado respuesta.
PQR-2026T2-4546,2026-T2,2026,Comuna 6 (Huapango),Comuna 6,Comuna,Ayuda humanitaria,Negativo,11,Llevo tres meses esperando la ayuda humanitaria y no me han dado respuesta.
PQR-2026T2-4547,2026-T2,2026,Comuna 6 (Huapango),Comuna 6,Comuna,Ayuda humanitaria,Positivo,15,Agradezco que me entregaron la ayuda humanitaria rápidamente.
PQR-2026T2-4548,2026-T2,2026,Comuna 6 (Huapango),Comuna 6,Comuna,Ayuda humanitaria,Neutral,13,Quisiera saber qué documentos faltan para la ayuda humanitaria.
PQR-2026T2-4549,2026-T2,2026,Comuna 6 (Huapango),Comuna 6,Comuna,Ayuda humanitaria,Positivo,10,"La atención para la ayuda de emergencia fue oportuna, gracias."
PQR-2026T2-4550,2026-T2,2026,Comuna 6 (Huapango),Comuna 6,Comuna,Ayuda humanitaria,Neutral,12,Quisiera saber qué documentos faltan para la ayuda humanitaria.
PQR-2026T2-4551,2026-T2,2026,Comuna 6 (Huapango),Comuna 6,Comuna,Ayuda humanitaria,Positivo,10,Agradezco que me entregaron la ayuda humanitaria rápidamente.
PQR-2026T2-4552,2026-T2,2026,Comuna 6 (Huapango),Comuna 6,Comuna,Ayuda humanitaria,Negativo,12,"Solicité el mercado de emergencia y nunca llegó, mi familia está pasando necesidad."
PQR-2026T2-4553,2026-T2,2026,Comuna 6 (Huapango),Comuna 6,Comuna,Ayuda humanitaria,Negativo,13,Llevo tres meses esperando la ayuda humanitaria y no me han dado respuesta.
PQR-2026T2-4554,2026-T2,2026,Comuna 6 (Huapango),Comuna 6,Comuna,Ayuda humanitaria,Positivo,11,"La atención para la ayuda de emergencia fue oportuna, gracias."
PQR-2026T2-4555,2026-T2,2026,Comuna 6 (Huapango),Comuna 6,Comuna,Ayuda humanitaria,Neutral,13,Pregunto por el estado de mi solicitud de ayuda humanitaria inmediata.
PQR-2026T2-4556,2026-T2,2026,Comuna 6 (Huapango),Comuna 6,Comuna,Ayuda humanitaria,Neutral,15,Pregunto por el estado de mi solicitud de ayuda humanitaria inmediata.
PQR-2026T2-4557,2026-T2,2026,Comuna 6 (Huapango),Comuna 6,Comuna,Ayuda humanitaria,Positivo,12,Agradezco que me entregaron la ayuda humanitaria rápidamente.
PQR-2026T2-4558,2026-T2,2026,Comuna 6 (Huapango),Comuna 6,Comuna,Ayuda humanitaria,Neutral,11,Pregunto por el estado de mi solicitud de ayuda humanitaria inmediata.
PQR-2026T2-4559,2026-T2,2026,Comuna 6 (Huapango),Comuna 6,Comuna,Ayuda humanitaria,Negativo,9,"Solicité el mercado de emergencia y nunca llegó, mi familia está pasando necesidad."
PQR-2026T2-4560,2026-T2,2026,Comuna 6 (Huapango),Comuna 6,Comuna,Ayuda humanitaria,Neutral,11,Quisiera saber qué documentos faltan para la ayuda humanitaria.
PQR-2026T2-4561,2026-T2,2026,Comuna 6 (Huapango),Comuna 6,Comuna,Ayuda humanitaria,Positivo,12,"La atención para la ayuda de emergencia fue oportuna, gracias."
PQR-2026T2-4562,2026-T2,2026,Comuna 6 (Huapango),Comuna 6,Comuna,Ayuda humanitaria,Positivo,14,"La atención para la ayuda de emergencia fue oportuna, gracias."
PQR-2026T2-4563,2026-T2,2026,Comuna 6 (Huapango),Comuna 6,Comuna,Indemnización / reparación,Neutral,10,Solicito información sobre el turno de mi indemnización administrativa.
PQR-2026T2-4564,2026-T2,2026,Comuna 6 (Huapango),Comuna 6,Comuna,Indemnización / reparación,Negativo,13,No entiendo por qué a otros ya les pagaron la reparación y a mí no.
PQR-2026T2-4565,2026-T2,2026,Comuna 6 (Huapango),Comuna 6,Comuna,Indemnización / reparación,Neutral,14,¿Cómo consulto el estado de mi proceso de reparación?
PQR-2026T2-4566,2026-T2,2026,Comuna 6 (Huapango),Comuna 6,Comuna,Indemnización / reparación,Positivo,15,"Por fin recibí la indemnización, agradezco la gestión de la oficina."
PQR-2026T2-4567,2026-T2,2026,Comuna 6 (Huapango),Comuna 6,Comuna,Indemnización / reparación,Negativo,13,No entiendo por qué a otros ya les pagaron la reparación y a mí no.
PQR-2026T2-4568,2026-T2,2026,Comuna 6 (Huapango),Comuna 6,Comuna,Indemnización / reparación,Negativo,15,No entiendo por qué a otros ya les pagaron la reparación y a mí no.
PQR-2026T2-4569,2026-T2,2026,Comuna 6 (Huapango),Comuna 6,Comuna,Indemnización / reparación,Negativo,16,"Fui incluido hace años y todavía no me llega la indemnización, es una injusticia."
PQR-2026T2-4570,2026-T2,2026,Comuna 6 (Huapango),Comuna 6,Comuna,Indemnización / reparación,Negativo,12,No entiendo por qué a otros ya les pagaron la reparación y a mí no.
PQR-2026T2-4571,2026-T2,2026,Comuna 6 (Huapango),Comuna 6,Comuna,Indemnización / reparación,Neutral,14,Solicito información sobre el turno de mi indemnización administrativa.
PQR-2026T2-4572,2026-T2,2026,Comuna 6 (Huapango),Comuna 6,Comuna,Indemnización / reparación,Neutral,11,Solicito información sobre el turno de mi indemnización administrativa.
PQR-2026T2-4573,2026-T2,2026,Comuna 6 (Huapango),Comuna 6,Comuna,Indemnización / reparación,Negativo,15,"Fui incluido hace años y todavía no me llega la indemnización, es una injusticia."
PQR-2026T2-4574,2026-T2,2026,Comuna 6 (Huapango),Comuna 6,Comuna,Indemnización / reparación,Negativo,9,"Fui incluido hace años y todavía no me llega la indemnización, es una injusticia."
PQR-2026T2-4575,2026-T2,2026,Comuna 6 (Huapango),Comuna 6,Comuna,Indemnización / reparación,Negativo,14,No entiendo por qué a otros ya les pagaron la reparación y a mí no.
PQR-2026T2-4576,2026-T2,2026,Comuna 6 (Huapango),Comuna 6,Comuna,Indemnización / reparación,Neutral,12,Solicito información sobre el turno de mi indemnización administrativa.
PQR-2026T2-4577,2026-T2,2026,Comuna 6 (Huapango),Comuna 6,Comuna,Indemnización / reparación,Negativo,12,"Fui incluido hace años y todavía no me llega la indemnización, es una injusticia."
PQR-2026T2-4578,2026-T2,2026,Comuna 6 (Huapango),Comuna 6,Comuna,Indemnización / reparación,Negativo,15,No entiendo por qué a otros ya les pagaron la reparación y a mí no.
PQR-2026T2-4579,2026-T2,2026,Comuna 6 (Huapango),Comuna 6,Comuna,Indemnización / reparación,Negativo,15,No entiendo por qué a otros ya les pagaron la reparación y a mí no.
PQR-2026T2-4580,2026-T2,2026,Comuna 6 (Huapango),Comuna 6,Comuna,Indemnización / reparación,Negativo,13,No entiendo por qué a otros ya les pagaron la reparación y a mí no.
PQR-2026T2-4581,2026-T2,2026,Comuna 6 (Huapango),Comuna 6,Comuna,Indemnización / reparación,Negativo,9,"Fui incluido hace años y todavía no me llega la indemnización, es una injusticia."
PQR-2026T2-4582,2026-T2,2026,Comuna 6 (Huapango),Comuna 6,Comuna,Indemnización / reparación,Negativo,15,"Fui incluido hace años y todavía no me llega la indemnización, es una injusticia."
PQR-2026T2-4583,2026-T2,2026,Comuna 6 (Huapango),Comuna 6,Comuna,Indemnización / reparación,Negativo,9,No entiendo por qué a otros ya les pagaron la reparación y a mí no.
PQR-2026T2-4584,2026-T2,2026,Comuna 6 (Huapango),Comuna 6,Comuna,Indemnización / reparación,Positivo,11,"Por fin recibí la indemnización, agradezco la gestión de la oficina."
PQR-2026T2-4585,2026-T2,2026,Comuna 6 (Huapango),Comuna 6,Comuna,Indemnización / reparación,Neutral,16,¿Cómo consulto el estado de mi proceso de reparación?
PQR-2026T2-4586,2026-T2,2026,Comuna 6 (Huapango),Comuna 6,Comuna,Indemnización / reparación,Positivo,14,"Por fin recibí la indemnización, agradezco la gestión de la oficina."
PQR-2026T2-4587,2026-T2,2026,Comuna 6 (Huapango),Comuna 6,Comuna,Indemnización / reparación,Negativo,11,No entiendo por qué a otros ya les pagaron la reparación y a mí no.
PQR-2026T2-4588,2026-T2,2026,Comuna 6 (Huapango),Comuna 6,Comuna,Indemnización / reparación,Negativo,16,"Fui incluido hace años y todavía no me llega la indemnización, es una injusticia."
PQR-2026T2-4589,2026-T2,2026,Comuna 6 (Huapango),Comuna 6,Comuna,Indemnización / reparación,Negativo,8,No entiendo por qué a otros ya les pagaron la reparación y a mí no.
PQR-2026T2-4590,2026-T2,2026,Comuna 6 (Huapango),Comuna 6,Comuna,Indemnización / reparación,Negativo,12,No entiendo por qué a otros ya les pagaron la reparación y a mí no.
PQR-2026T2-4591,2026-T2,2026,Comuna 6 (Huapango),Comuna 6,Comuna,Indemnización / reparación,Negativo,12,"Fui incluido hace años y todavía no me llega la indemnización, es una injusticia."
PQR-2026T2-4592,2026-T2,2026,Comuna 6 (Huapango),Comuna 6,Comuna,Indemnización / reparación,Neutral,14,Solicito información sobre el turno de mi indemnización administrativa.
PQR-2026T2-4593,2026-T2,2026,Comuna 6 (Huapango),Comuna 6,Comuna,Indemnización / reparación,Negativo,14,"Fui incluido hace años y todavía no me llega la indemnización, es una injusticia."
PQR-2026T2-4594,2026-T2,2026,Comuna 6 (Huapango),Comuna 6,Comuna,Indemnización / reparación,Negativo,9,No entiendo por qué a otros ya les pagaron la reparación y a mí no.
PQR-2026T2-4595,2026-T2,2026,Comuna 6 (Huapango),Comuna 6,Comuna,Indemnización / reparación,Negativo,13,No entiendo por qué a otros ya les pagaron la reparación y a mí no.
PQR-2026T2-4596,2026-T2,2026,Comuna 6 (Huapango),Comuna 6,Comuna,Indemnización / reparación,Negativo,12,"Fui incluido hace años y todavía no me llega la indemnización, es una injusticia."
PQR-2026T2-4597,2026-T2,2026,Comuna 6 (Huapango),Comuna 6,Comuna,Indemnización / reparación,Negativo,13,"Fui incluido hace años y todavía no me llega la indemnización, es una injusticia."
PQR-2026T2-4598,2026-T2,2026,Comuna 6 (Huapango),Comuna 6,Comuna,Indemnización / reparación,Negativo,9,"Fui incluido hace años y todavía no me llega la indemnización, es una injusticia."
PQR-2026T2-4599,2026-T2,2026,Comuna 6 (Huapango),Comuna 6,Comuna,Indemnización / reparación,Negativo,13,No entiendo por qué a otros ya les pagaron la reparación y a mí no.
PQR-2026T2-4600,2026-T2,2026,Comuna 6 (Huapango),Comuna 6,Comuna,Indemnización / reparación,Neutral,14,¿Cómo consulto el estado de mi proceso de reparación?
PQR-2026T2-4601,2026-T2,2026,Comuna 6 (Huapango),Comuna 6,Comuna,Vivienda,Negativo,15,La casa que me asignaron tiene problemas y nadie responde.
PQR-2026T2-4602,2026-T2,2026,Comuna 6 (Huapango),Comuna 6,Comuna,Vivienda,Neutral,16,Solicito información sobre el subsidio de mejoramiento de vivienda.
PQR-2026T2-4603,2026-T2,2026,Comuna 6 (Huapango),Comuna 6,Comuna,Vivienda,Positivo,13,"Me asignaron la vivienda, muy agradecido con el acompañamiento."
PQR-2026T2-4604,2026-T2,2026,Comuna 6 (Huapango),Comuna 6,Comuna,Vivienda,Negativo,11,Postulé al subsidio de vivienda y me rechazaron sin explicación clara.
PQR-2026T2-4605,2026-T2,2026,Comuna 6 (Huapango),Comuna 6,Comuna,Vivienda,Negativo,11,Postulé al subsidio de vivienda y me rechazaron sin explicación clara.
PQR-2026T2-4606,2026-T2,2026,Comuna 6 (Huapango),Comuna 6,Comuna,Vivienda,Negativo,12,Postulé al subsidio de vivienda y me rechazaron sin explicación clara.
PQR-2026T2-4607,2026-T2,2026,Comuna 6 (Huapango),Comuna 6,Comuna,Vivienda,Positivo,13,El proceso de postulación a vivienda fue claro.
PQR-2026T2-4608,2026-T2,2026,Comuna 6 (Huapango),Comuna 6,Comuna,Vivienda,Negativo,13,La casa que me asignaron tiene problemas y nadie responde.
PQR-2026T2-4609,2026-T2,2026,Comuna 6 (Huapango),Comuna 6,Comuna,Vivienda,Neutral,9,Solicito información sobre el subsidio de mejoramiento de vivienda.
PQR-2026T2-4610,2026-T2,2026,Comuna 6 (Huapango),Comuna 6,Comuna,Vivienda,Negativo,8,Postulé al subsidio de vivienda y me rechazaron sin explicación clara.
PQR-2026T2-4611,2026-T2,2026,Comuna 6 (Huapango),Comuna 6,Comuna,Vivienda,Negativo,11,Postulé al subsidio de vivienda y me rechazaron sin explicación clara.
PQR-2026T2-4612,2026-T2,2026,Comuna 6 (Huapango),Comuna 6,Comuna,Vivienda,Neutral,9,Solicito información sobre el subsidio de mejoramiento de vivienda.
PQR-2026T2-4613,2026-T2,2026,Comuna 6 (Huapango),Comuna 6,Comuna,Vivienda,Negativo,12,La casa que me asignaron tiene problemas y nadie responde.
PQR-2026T2-4614,2026-T2,2026,Comuna 6 (Huapango),Comuna 6,Comuna,Vivienda,Positivo,10,El proceso de postulación a vivienda fue claro.
PQR-2026T2-4615,2026-T2,2026,Comuna 6 (Huapango),Comuna 6,Comuna,Vivienda,Negativo,9,La casa que me asignaron tiene problemas y nadie responde.
PQR-2026T2-4616,2026-T2,2026,Comuna 6 (Huapango),Comuna 6,Comuna,Vivienda,Negativo,12,Postulé al subsidio de vivienda y me rechazaron sin explicación clara.
PQR-2026T2-4617,2026-T2,2026,Comuna 6 (Huapango),Comuna 6,Comuna,Vivienda,Positivo,8,El proceso de postulación a vivienda fue claro.
PQR-2026T2-4618,2026-T2,2026,Comuna 6 (Huapango),Comuna 6,Comuna,Vivienda,Negativo,16,Postulé al subsidio de vivienda y me rechazaron sin explicación clara.
PQR-2026T2-4619,2026-T2,2026,Comuna 6 (Huapango),Comuna 6,Comuna,Vivienda,Positivo,15,El proceso de postulación a vivienda fue claro.
PQR-2026T2-4620,2026-T2,2026,Comuna 6 (Huapango),Comuna 6,Comuna,Vivienda,Neutral,11,Pregunto por las convocatorias de vivienda para población víctima.
PQR-2026T2-4621,2026-T2,2026,Comuna 6 (Huapango),Comuna 6,Comuna,Vivienda,Neutral,9,Solicito información sobre el subsidio de mejoramiento de vivienda.
PQR-2026T2-4622,2026-T2,2026,Comuna 6 (Huapango),Comuna 6,Comuna,Vivienda,Negativo,9,Postulé al subsidio de vivienda y me rechazaron sin explicación clara.
PQR-2026T2-4623,2026-T2,2026,Comuna 6 (Huapango),Comuna 6,Comuna,Vivienda,Negativo,15,Postulé al subsidio de vivienda y me rechazaron sin explicación clara.
PQR-2026T2-4624,2026-T2,2026,Comuna 6 (Huapango),Comuna 6,Comuna,Vivienda,Positivo,12,El proceso de postulación a vivienda fue claro.
PQR-2026T2-4625,2026-T2,2026,Comuna 6 (Huapango),Comuna 6,Comuna,Vivienda,Neutral,9,Pregunto por las convocatorias de vivienda para población víctima.
PQR-2026T2-4626,2026-T2,2026,Comuna 6 (Huapango),Comuna 6,Comuna,Vivienda,Positivo,9,El proceso de postulación a vivienda fue claro.
PQR-2026T2-4627,2026-T2,2026,Comuna 6 (Huapango),Comuna 6,Comuna,Vivienda,Neutral,12,Pregunto por las convocatorias de vivienda para población víctima.
PQR-2026T2-4628,2026-T2,2026,Comuna 6 (Huapango),Comuna 6,Comuna,Vivienda,Negativo,11,La casa que me asignaron tiene problemas y nadie responde.
PQR-2026T2-4629,2026-T2,2026,Comuna 6 (Huapango),Comuna 6,Comuna,Vivienda,Neutral,8,Pregunto por las convocatorias de vivienda para población víctima.
PQR-2026T2-4630,2026-T2,2026,Comuna 6 (Huapango),Comuna 6,Comuna,Vivienda,Negativo,15,La casa que me asignaron tiene problemas y nadie responde.
PQR-2026T2-4631,2026-T2,2026,Comuna 6 (Huapango),Comuna 6,Comuna,Vivienda,Positivo,13,El proceso de postulación a vivienda fue claro.
PQR-2026T2-4632,2026-T2,2026,Comuna 6 (Huapango),Comuna 6,Comuna,Vivienda,Positivo,9,El proceso de postulación a vivienda fue claro.
PQR-2026T2-4633,2026-T2,2026,Comuna 6 (Huapango),Comuna 6,Comuna,Vivienda,Negativo,12,Postulé al subsidio de vivienda y me rechazaron sin explicación clara.
PQR-2026T2-4634,2026-T2,2026,Comuna 6 (Huapango),Comuna 6,Comuna,Salud y atención psicosocial,Neutral,14,Pregunto por el programa de atención en salud para víctimas.
PQR-2026T2-4635,2026-T2,2026,Comuna 6 (Huapango),Comuna 6,Comuna,Salud y atención psicosocial,Positivo,16,"Recibí buena orientación en salud, quedé satisfecho."
PQR-2026T2-4636,2026-T2,2026,Comuna 6 (Huapango),Comuna 6,Comuna,Salud y atención psicosocial,Positivo,14,"Recibí buena orientación en salud, quedé satisfecho."
PQR-2026T2-4637,2026-T2,2026,Comuna 6 (Huapango),Comuna 6,Comuna,Salud y atención psicosocial,Neutral,14,Pregunto por el programa de atención en salud para víctimas.
PQR-2026T2-4638,2026-T2,2026,Comuna 6 (Huapango),Comuna 6,Comuna,Salud y atención psicosocial,Neutral,9,Solicito una cita de atención psicosocial para mi familia.
PQR-2026T2-4639,2026-T2,2026,Comuna 6 (Huapango),Comuna 6,Comuna,Salud y atención psicosocial,Neutral,11,Pregunto por el programa de atención en salud para víctimas.
PQR-2026T2-4640,2026-T2,2026,Comuna 6 (Huapango),Comuna 6,Comuna,Salud y atención psicosocial,Positivo,10,"Recibí buena orientación en salud, quedé satisfecho."
PQR-2026T2-4641,2026-T2,2026,Comuna 6 (Huapango),Comuna 6,Comuna,Salud y atención psicosocial,Positivo,12,"La atención psicosocial me ha ayudado mucho, gracias al equipo."
PQR-2026T2-4642,2026-T2,2026,Comuna 6 (Huapango),Comuna 6,Comuna,Salud y atención psicosocial,Negativo,16,Necesito atención psicosocial y me dan citas para dentro de meses.
PQR-2026T2-4643,2026-T2,2026,Comuna 6 (Huapango),Comuna 6,Comuna,Salud y atención psicosocial,Neutral,8,Pregunto por el programa de atención en salud para víctimas.
PQR-2026T2-4644,2026-T2,2026,Comuna 6 (Huapango),Comuna 6,Comuna,Salud y atención psicosocial,Neutral,9,Pregunto por el programa de atención en salud para víctimas.
PQR-2026T2-4645,2026-T2,2026,Comuna 6 (Huapango),Comuna 6,Comuna,Salud y atención psicosocial,Positivo,9,"La atención psicosocial me ha ayudado mucho, gracias al equipo."
PQR-2026T2-4646,2026-T2,2026,Comuna 6 (Huapango),Comuna 6,Comuna,Salud y atención psicosocial,Neutral,13,Solicito una cita de atención psicosocial para mi familia.
PQR-2026T2-4647,2026-T2,2026,Comuna 6 (Huapango),Comuna 6,Comuna,Salud y atención psicosocial,Neutral,11,Solicito una cita de atención psicosocial para mi familia.
PQR-2026T2-4648,2026-T2,2026,Comuna 6 (Huapango),Comuna 6,Comuna,Salud y atención psicosocial,Neutral,13,Solicito una cita de atención psicosocial para mi familia.
PQR-2026T2-4649,2026-T2,2026,Comuna 6 (Huapango),Comuna 6,Comuna,Educación,Positivo,11,La orientación sobre educación superior fue útil.
PQR-2026T2-4650,2026-T2,2026,Comuna 6 (Huapango),Comuna 6,Comuna,Educación,Negativo,9,Falta información sobre los cupos educativos para víctimas.
PQR-2026T2-4651,2026-T2,2026,Comuna 6 (Huapango),Comuna 6,Comuna,Educación,Negativo,10,Falta información sobre los cupos educativos para víctimas.
PQR-2026T2-4652,2026-T2,2026,Comuna 6 (Huapango),Comuna 6,Comuna,Educación,Negativo,15,Mi hijo no ha podido acceder al beneficio educativo prometido.
PQR-2026T2-4653,2026-T2,2026,Comuna 6 (Huapango),Comuna 6,Comuna,Educación,Positivo,9,"Mi hija obtuvo el apoyo educativo, muy agradecida."
PQR-2026T2-4654,2026-T2,2026,Comuna 6 (Huapango),Comuna 6,Comuna,Educación,Neutral,14,Solicito información sobre becas para estudiantes víctimas.
PQR-2026T2-4655,2026-T2,2026,Comuna 6 (Huapango),Comuna 6,Comuna,Educación,Negativo,12,Falta información sobre los cupos educativos para víctimas.
PQR-2026T2-4656,2026-T2,2026,Comuna 6 (Huapango),Comuna 6,Comuna,Educación,Neutral,13,Pregunto por el apoyo educativo para el próximo semestre.
PQR-2026T2-4657,2026-T2,2026,Comuna 6 (Huapango),Comuna 6,Comuna,Educación,Positivo,16,La orientación sobre educación superior fue útil.
PQR-2026T2-4658,2026-T2,2026,Comuna 6 (Huapango),Comuna 6,Comuna,Educación,Positivo,14,La orientación sobre educación superior fue útil.
PQR-2026T2-4659,2026-T2,2026,Comuna 6 (Huapango),Comuna 6,Comuna,Educación,Neutral,12,Solicito información sobre becas para estudiantes víctimas.
PQR-2026T2-4660,2026-T2,2026,Comuna 6 (Huapango),Comuna 6,Comuna,Educación,Positivo,15,La orientación sobre educación superior fue útil.
PQR-2026T2-4661,2026-T2,2026,Comuna 6 (Huapango),Comuna 6,Comuna,Educación,Positivo,12,La orientación sobre educación superior fue útil.
PQR-2026T2-4662,2026-T2,2026,Comuna 6 (Huapango),Comuna 6,Comuna,Educación,Neutral,11,Solicito información sobre becas para estudiantes víctimas.
PQR-2026T2-4663,2026-T2,2026,Comuna 6 (Huapango),Comuna 6,Comuna,Educación,Positivo,14,"Mi hija obtuvo el apoyo educativo, muy agradecida."
PQR-2026T2-4664,2026-T2,2026,Comuna 6 (Huapango),Comuna 6,Comuna,Educación,Neutral,10,Solicito información sobre becas para estudiantes víctimas.
PQR-2026T2-4665,2026-T2,2026,Comuna 6 (Huapango),Comuna 6,Comuna,Educación,Positivo,14,"Mi hija obtuvo el apoyo educativo, muy agradecida."
PQR-2026T2-4666,2026-T2,2026,Comuna 6 (Huapango),Comuna 6,Comuna,Educación,Negativo,13,Falta información sobre los cupos educativos para víctimas.
PQR-2026T2-4667,2026-T2,2026,Comuna 6 (Huapango),Comuna 6,Comuna,Educación,Positivo,14,"Mi hija obtuvo el apoyo educativo, muy agradecida."
PQR-2026T2-4668,2026-T2,2026,Comuna 6 (Huapango),Comuna 6,Comuna,Registro / inclusión RUV,Neutral,11,Solicito información sobre mi estado en el Registro Único de Víctimas.
PQR-2026T2-4669,2026-T2,2026,Comuna 6 (Huapango),Comuna 6,Comuna,Registro / inclusión RUV,Positivo,9,"Ya quedé incluido en el registro, agradezco la ayuda."
PQR-2026T2-4670,2026-T2,2026,Comuna 6 (Huapango),Comuna 6,Comuna,Registro / inclusión RUV,Neutral,11,¿Qué debo hacer para actualizar mis datos en el RUV?
PQR-2026T2-4671,2026-T2,2026,Comuna 6 (Huapango),Comuna 6,Comuna,Registro / inclusión RUV,Negativo,15,Llevo meses esperando que me incluyan en el RUV y no hay respuesta.
PQR-2026T2-4672,2026-T2,2026,Comuna 6 (Huapango),Comuna 6,Comuna,Registro / inclusión RUV,Neutral,15,¿Qué debo hacer para actualizar mis datos en el RUV?
PQR-2026T2-4673,2026-T2,2026,Comuna 6 (Huapango),Comuna 6,Comuna,Registro / inclusión RUV,Positivo,12,"Ya quedé incluido en el registro, agradezco la ayuda."
PQR-2026T2-4674,2026-T2,2026,Comuna 6 (Huapango),Comuna 6,Comuna,Registro / inclusión RUV,Neutral,12,¿Qué debo hacer para actualizar mis datos en el RUV?
PQR-2026T2-4675,2026-T2,2026,Comuna 6 (Huapango),Comuna 6,Comuna,Registro / inclusión RUV,Positivo,14,"Ya quedé incluido en el registro, agradezco la ayuda."
PQR-2026T2-4676,2026-T2,2026,Comuna 6 (Huapango),Comuna 6,Comuna,Registro / inclusión RUV,Neutral,10,Solicito información sobre mi estado en el Registro Único de Víctimas.
PQR-2026T2-4677,2026-T2,2026,Comuna 6 (Huapango),Comuna 6,Comuna,Registro / inclusión RUV,Negativo,9,Llevo meses esperando que me incluyan en el RUV y no hay respuesta.
PQR-2026T2-4678,2026-T2,2026,Comuna 6 (Huapango),Comuna 6,Comuna,Registro / inclusión RUV,Positivo,10,"Me orientaron bien para la declaración, todo salió bien."
PQR-2026T2-4679,2026-T2,2026,Comuna 6 (Huapango),Comuna 6,Comuna,Registro / inclusión RUV,Neutral,11,¿Qué debo hacer para actualizar mis datos en el RUV?
PQR-2026T2-4680,2026-T2,2026,Comuna 6 (Huapango),Comuna 6,Comuna,Registro / inclusión RUV,Neutral,9,¿Qué debo hacer para actualizar mis datos en el RUV?
PQR-2026T2-4681,2026-T2,2026,Comuna 6 (Huapango),Comuna 6,Comuna,Registro / inclusión RUV,Positivo,10,"Ya quedé incluido en el registro, agradezco la ayuda."
PQR-2026T2-4682,2026-T2,2026,Comuna 6 (Huapango),Comuna 6,Comuna,Registro / inclusión RUV,Positivo,12,"Ya quedé incluido en el registro, agradezco la ayuda."
PQR-2026T2-4683,2026-T2,2026,Comuna 6 (Huapango),Comuna 6,Comuna,Registro / inclusión RUV,Positivo,11,"Ya quedé incluido en el registro, agradezco la ayuda."
PQR-2026T2-4684,2026-T2,2026,Comuna 6 (Huapango),Comuna 6,Comuna,Registro / inclusión RUV,Positivo,10,"Me orientaron bien para la declaración, todo salió bien."
PQR-2026T2-4685,2026-T2,2026,Comuna 6 (Huapango),Comuna 6,Comuna,Registro / inclusión RUV,Positivo,9,"Me orientaron bien para la declaración, todo salió bien."
PQR-2026T2-4686,2026-T2,2026,Comuna 6 (Huapango),Comuna 6,Comuna,Registro / inclusión RUV,Neutral,12,Solicito información sobre mi estado en el Registro Único de Víctimas.
PQR-2026T2-4687,2026-T2,2026,Comuna 6 (Huapango),Comuna 6,Comuna,Registro / inclusión RUV,Negativo,8,Llevo meses esperando que me incluyan en el RUV y no hay respuesta.
PQR-2026T2-4688,2026-T2,2026,Comuna 6 (Huapango),Comuna 6,Comuna,Registro / inclusión RUV,Negativo,9,Me negaron la inclusión y no me explicaron los motivos.
PQR-2026T2-4689,2026-T2,2026,Comuna 6 (Huapango),Comuna 6,Comuna,Registro / inclusión RUV,Positivo,9,"Me orientaron bien para la declaración, todo salió bien."
PQR-2026T2-4690,2026-T2,2026,Comuna 6 (Huapango),Comuna 6,Comuna,Registro / inclusión RUV,Negativo,10,Me negaron la inclusión y no me explicaron los motivos.
PQR-2026T2-4691,2026-T2,2026,Comuna 6 (Huapango),Comuna 6,Comuna,Registro / inclusión RUV,Positivo,9,"Ya quedé incluido en el registro, agradezco la ayuda."
PQR-2026T2-4692,2026-T2,2026,Comuna 6 (Huapango),Comuna 6,Comuna,Registro / inclusión RUV,Negativo,15,Me negaron la inclusión y no me explicaron los motivos.
PQR-2026T2-4693,2026-T2,2026,Comuna 6 (Huapango),Comuna 6,Comuna,Retornos y reubicación,Neutral,16,Solicito información sobre acompañamiento para reubicación.
PQR-2026T2-4694,2026-T2,2026,Comuna 6 (Huapango),Comuna 6,Comuna,Retornos y reubicación,Neutral,12,Solicito información sobre acompañamiento para reubicación.
PQR-2026T2-4695,2026-T2,2026,Comuna 6 (Huapango),Comuna 6,Comuna,Retornos y reubicación,Neutral,16,Solicito información sobre acompañamiento para reubicación.
PQR-2026T2-4696,2026-T2,2026,Comuna 6 (Huapango),Comuna 6,Comuna,Retornos y reubicación,Neutral,8,Solicito información sobre acompañamiento para reubicación.
PQR-2026T2-4697,2026-T2,2026,Comuna 6 (Huapango),Comuna 6,Comuna,Retornos y reubicación,Neutral,10,Pregunto por el plan de retorno para mi comunidad.
PQR-2026T2-4698,2026-T2,2026,Comuna 6 (Huapango),Comuna 6,Comuna,Retornos y reubicación,Neutral,14,Pregunto por el plan de retorno para mi comunidad.
PQR-2026T2-4699,2026-T2,2026,Comuna 6 (Huapango),Comuna 6,Comuna,Retornos y reubicación,Positivo,11,Nos apoyaron en la reubicación de manera adecuada.
PQR-2026T2-4700,2026-T2,2026,Comuna 6 (Huapango),Comuna 6,Comuna,Retornos y reubicación,Neutral,12,Pregunto por el plan de retorno para mi comunidad.
PQR-2026T2-4701,2026-T2,2026,Comuna 6 (Huapango),Comuna 6,Comuna,Retornos y reubicación,Negativo,16,Solicité apoyo para el retorno y no hay condiciones de seguridad.
PQR-2026T2-4702,2026-T2,2026,Comuna 6 (Huapango),Comuna 6,Comuna,Retornos y reubicación,Negativo,14,Solicité apoyo para el retorno y no hay condiciones de seguridad.
PQR-2026T2-4703,2026-T2,2026,Comuna 6 (Huapango),Comuna 6,Comuna,Retornos y reubicación,Positivo,16,"El acompañamiento para el retorno fue bueno, gracias."
PQR-2026T2-4704,2026-T2,2026,Comuna 6 (Huapango),Comuna 6,Comuna,Retornos y reubicación,Negativo,10,El proceso de reubicación está detenido hace tiempo.
PQR-2026T2-4705,2026-T2,2026,Comuna 6 (Huapango),Comuna 6,Comuna,Retornos y reubicación,Neutral,13,Solicito información sobre acompañamiento para reubicación.
PQR-2026T2-4706,2026-T2,2026,Comuna 6 (Huapango),Comuna 6,Comuna,Retornos y reubicación,Neutral,11,Pregunto por el plan de retorno para mi comunidad.
PQR-2026T2-4707,2026-T2,2026,Comuna 6 (Huapango),Comuna 6,Comuna,Retornos y reubicación,Positivo,11,"El acompañamiento para el retorno fue bueno, gracias."
PQR-2026T2-4708,2026-T2,2026,Comuna 6 (Huapango),Comuna 6,Comuna,Otros trámites,Positivo,12,La atención en ventanilla fue amable y rápida.
PQR-2026T2-4709,2026-T2,2026,Comuna 6 (Huapango),Comuna 6,Comuna,Otros trámites,Negativo,8,Me han remitido de una oficina a otra sin resolver mi caso.
PQR-2026T2-4710,2026-T2,2026,Comuna 6 (Huapango),Comuna 6,Comuna,Otros trámites,Positivo,9,Me resolvieron el trámite sin complicaciones.
PQR-2026T2-4711,2026-T2,2026,Comuna 6 (Huapango),Comuna 6,Comuna,Otros trámites,Negativo,12,La fila de atención es muy larga y no alcanzan a atender.
PQR-2026T2-4712,2026-T2,2026,Comuna 6 (Huapango),Comuna 6,Comuna,Otros trámites,Negativo,10,Me han remitido de una oficina a otra sin resolver mi caso.
PQR-2026T2-4713,2026-T2,2026,Comuna 6 (Huapango),Comuna 6,Comuna,Otros trámites,Neutral,14,Pregunto por el horario de atención de la oficina.
PQR-2026T2-4714,2026-T2,2026,Comuna 6 (Huapango),Comuna 6,Comuna,Otros trámites,Positivo,13,La atención en ventanilla fue amable y rápida.
PQR-2026T2-4715,2026-T2,2026,Corregimiento Pacurita,Corregimiento Pacurita,Corregimiento,Ayuda humanitaria,Positivo,19,"La atención para la ayuda de emergencia fue oportuna, gracias."
PQR-2026T2-4716,2026-T2,2026,Corregimiento Pacurita,Corregimiento Pacurita,Corregimiento,Ayuda humanitaria,Negativo,16,Llevo tres meses esperando la ayuda humanitaria y no me han dado respuesta.
PQR-2026T2-4717,2026-T2,2026,Corregimiento Pacurita,Corregimiento Pacurita,Corregimiento,Ayuda humanitaria,Positivo,15,Agradezco que me entregaron la ayuda humanitaria rápidamente.
PQR-2026T2-4718,2026-T2,2026,Corregimiento Pacurita,Corregimiento Pacurita,Corregimiento,Ayuda humanitaria,Positivo,17,Agradezco que me entregaron la ayuda humanitaria rápidamente.
PQR-2026T2-4719,2026-T2,2026,Corregimiento Pacurita,Corregimiento Pacurita,Corregimiento,Ayuda humanitaria,Positivo,17,Agradezco que me entregaron la ayuda humanitaria rápidamente.
PQR-2026T2-4720,2026-T2,2026,Corregimiento Pacurita,Corregimiento Pacurita,Corregimiento,Ayuda humanitaria,Negativo,22,Llevo tres meses esperando la ayuda humanitaria y no me han dado respuesta.
PQR-2026T2-4721,2026-T2,2026,Corregimiento Pacurita,Corregimiento Pacurita,Corregimiento,Ayuda humanitaria,Negativo,18,"Solicité el mercado de emergencia y nunca llegó, mi familia está pasando necesidad."
PQR-2026T2-4722,2026-T2,2026,Corregimiento Pacurita,Corregimiento Pacurita,Corregimiento,Ayuda humanitaria,Negativo,15,"Solicité el mercado de emergencia y nunca llegó, mi familia está pasando necesidad."
PQR-2026T2-4723,2026-T2,2026,Corregimiento Pacurita,Corregimiento Pacurita,Corregimiento,Ayuda humanitaria,Positivo,16,"La atención para la ayuda de emergencia fue oportuna, gracias."
PQR-2026T2-4724,2026-T2,2026,Corregimiento Pacurita,Corregimiento Pacurita,Corregimiento,Ayuda humanitaria,Positivo,18,Agradezco que me entregaron la ayuda humanitaria rápidamente.
PQR-2026T2-4725,2026-T2,2026,Corregimiento Pacurita,Corregimiento Pacurita,Corregimiento,Ayuda humanitaria,Neutral,22,Quisiera saber qué documentos faltan para la ayuda humanitaria.
PQR-2026T2-4726,2026-T2,2026,Corregimiento Pacurita,Corregimiento Pacurita,Corregimiento,Ayuda humanitaria,Neutral,19,Pregunto por el estado de mi solicitud de ayuda humanitaria inmediata.
PQR-2026T2-4727,2026-T2,2026,Corregimiento Pacurita,Corregimiento Pacurita,Corregimiento,Ayuda humanitaria,Positivo,16,Agradezco que me entregaron la ayuda humanitaria rápidamente.
PQR-2026T2-4728,2026-T2,2026,Corregimiento Pacurita,Corregimiento Pacurita,Corregimiento,Ayuda humanitaria,Positivo,20,Agradezco que me entregaron la ayuda humanitaria rápidamente.
PQR-2026T2-4729,2026-T2,2026,Corregimiento Pacurita,Corregimiento Pacurita,Corregimiento,Ayuda humanitaria,Neutral,20,Pregunto por el estado de mi solicitud de ayuda humanitaria inmediata.
PQR-2026T2-4730,2026-T2,2026,Corregimiento Pacurita,Corregimiento Pacurita,Corregimiento,Ayuda humanitaria,Neutral,15,Pregunto por el estado de mi solicitud de ayuda humanitaria inmediata.
PQR-2026T2-4731,2026-T2,2026,Corregimiento Pacurita,Corregimiento Pacurita,Corregimiento,Ayuda humanitaria,Neutral,22,Quisiera saber qué documentos faltan para la ayuda humanitaria.
PQR-2026T2-4732,2026-T2,2026,Corregimiento Pacurita,Corregimiento Pacurita,Corregimiento,Ayuda humanitaria,Positivo,16,"La atención para la ayuda de emergencia fue oportuna, gracias."
PQR-2026T2-4733,2026-T2,2026,Corregimiento Pacurita,Corregimiento Pacurita,Corregimiento,Ayuda humanitaria,Neutral,15,Quisiera saber qué documentos faltan para la ayuda humanitaria.
PQR-2026T2-4734,2026-T2,2026,Corregimiento Pacurita,Corregimiento Pacurita,Corregimiento,Ayuda humanitaria,Neutral,17,Pregunto por el estado de mi solicitud de ayuda humanitaria inmediata.
PQR-2026T2-4735,2026-T2,2026,Corregimiento Pacurita,Corregimiento Pacurita,Corregimiento,Ayuda humanitaria,Negativo,20,Llevo tres meses esperando la ayuda humanitaria y no me han dado respuesta.
PQR-2026T2-4736,2026-T2,2026,Corregimiento Pacurita,Corregimiento Pacurita,Corregimiento,Ayuda humanitaria,Positivo,19,Agradezco que me entregaron la ayuda humanitaria rápidamente.
PQR-2026T2-4737,2026-T2,2026,Corregimiento Pacurita,Corregimiento Pacurita,Corregimiento,Ayuda humanitaria,Positivo,20,"La atención para la ayuda de emergencia fue oportuna, gracias."
PQR-2026T2-4738,2026-T2,2026,Corregimiento Pacurita,Corregimiento Pacurita,Corregimiento,Ayuda humanitaria,Positivo,15,Agradezco que me entregaron la ayuda humanitaria rápidamente.
PQR-2026T2-4739,2026-T2,2026,Corregimiento Pacurita,Corregimiento Pacurita,Corregimiento,Ayuda humanitaria,Positivo,18,"La atención para la ayuda de emergencia fue oportuna, gracias."
PQR-2026T2-4740,2026-T2,2026,Corregimiento Pacurita,Corregimiento Pacurita,Corregimiento,Ayuda humanitaria,Negativo,18,"Solicité el mercado de emergencia y nunca llegó, mi familia está pasando necesidad."
PQR-2026T2-4741,2026-T2,2026,Corregimiento Pacurita,Corregimiento Pacurita,Corregimiento,Ayuda humanitaria,Neutral,21,Quisiera saber qué documentos faltan para la ayuda humanitaria.
PQR-2026T2-4742,2026-T2,2026,Corregimiento Pacurita,Corregimiento Pacurita,Corregimiento,Ayuda humanitaria,Positivo,17,"La atención para la ayuda de emergencia fue oportuna, gracias."
PQR-2026T2-4743,2026-T2,2026,Corregimiento Pacurita,Corregimiento Pacurita,Corregimiento,Ayuda humanitaria,Negativo,18,Llevo tres meses esperando la ayuda humanitaria y no me han dado respuesta.
PQR-2026T2-4744,2026-T2,2026,Corregimiento Pacurita,Corregimiento Pacurita,Corregimiento,Ayuda humanitaria,Neutral,19,Quisiera saber qué documentos faltan para la ayuda humanitaria.
PQR-2026T2-4745,2026-T2,2026,Corregimiento Pacurita,Corregimiento Pacurita,Corregimiento,Ayuda humanitaria,Neutral,20,Quisiera saber qué documentos faltan para la ayuda humanitaria.
PQR-2026T2-4746,2026-T2,2026,Corregimiento Pacurita,Corregimiento Pacurita,Corregimiento,Ayuda humanitaria,Neutral,17,Quisiera saber qué documentos faltan para la ayuda humanitaria.
PQR-2026T2-4747,2026-T2,2026,Corregimiento Pacurita,Corregimiento Pacurita,Corregimiento,Ayuda humanitaria,Neutral,15,Quisiera saber qué documentos faltan para la ayuda humanitaria.
PQR-2026T2-4748,2026-T2,2026,Corregimiento Pacurita,Corregimiento Pacurita,Corregimiento,Indemnización / reparación,Negativo,20,No entiendo por qué a otros ya les pagaron la reparación y a mí no.
PQR-2026T2-4749,2026-T2,2026,Corregimiento Pacurita,Corregimiento Pacurita,Corregimiento,Indemnización / reparación,Neutral,16,¿Cómo consulto el estado de mi proceso de reparación?
PQR-2026T2-4750,2026-T2,2026,Corregimiento Pacurita,Corregimiento Pacurita,Corregimiento,Indemnización / reparación,Negativo,15,No entiendo por qué a otros ya les pagaron la reparación y a mí no.
PQR-2026T2-4751,2026-T2,2026,Corregimiento Pacurita,Corregimiento Pacurita,Corregimiento,Indemnización / reparación,Negativo,16,"Fui incluido hace años y todavía no me llega la indemnización, es una injusticia."
PQR-2026T2-4752,2026-T2,2026,Corregimiento Pacurita,Corregimiento Pacurita,Corregimiento,Indemnización / reparación,Negativo,22,"Fui incluido hace años y todavía no me llega la indemnización, es una injusticia."
PQR-2026T2-4753,2026-T2,2026,Corregimiento Pacurita,Corregimiento Pacurita,Corregimiento,Indemnización / reparación,Negativo,16,No entiendo por qué a otros ya les pagaron la reparación y a mí no.
PQR-2026T2-4754,2026-T2,2026,Corregimiento Pacurita,Corregimiento Pacurita,Corregimiento,Indemnización / reparación,Negativo,22,No entiendo por qué a otros ya les pagaron la reparación y a mí no.
PQR-2026T2-4755,2026-T2,2026,Corregimiento Pacurita,Corregimiento Pacurita,Corregimiento,Indemnización / reparación,Neutral,20,Solicito información sobre el turno de mi indemnización administrativa.
PQR-2026T2-4756,2026-T2,2026,Corregimiento Pacurita,Corregimiento Pacurita,Corregimiento,Indemnización / reparación,Neutral,15,Solicito información sobre el turno de mi indemnización administrativa.
PQR-2026T2-4757,2026-T2,2026,Corregimiento Pacurita,Corregimiento Pacurita,Corregimiento,Indemnización / reparación,Negativo,18,"Fui incluido hace años y todavía no me llega la indemnización, es una injusticia."
PQR-2026T2-4758,2026-T2,2026,Corregimiento Pacurita,Corregimiento Pacurita,Corregimiento,Indemnización / reparación,Negativo,17,"Fui incluido hace años y todavía no me llega la indemnización, es una injusticia."
PQR-2026T2-4759,2026-T2,2026,Corregimiento Pacurita,Corregimiento Pacurita,Corregimiento,Indemnización / reparación,Positivo,15,"Por fin recibí la indemnización, agradezco la gestión de la oficina."
PQR-2026T2-4760,2026-T2,2026,Corregimiento Pacurita,Corregimiento Pacurita,Corregimiento,Indemnización / reparación,Neutral,19,¿Cómo consulto el estado de mi proceso de reparación?
PQR-2026T2-4761,2026-T2,2026,Corregimiento Pacurita,Corregimiento Pacurita,Corregimiento,Indemnización / reparación,Neutral,16,¿Cómo consulto el estado de mi proceso de reparación?
PQR-2026T2-4762,2026-T2,2026,Corregimiento Pacurita,Corregimiento Pacurita,Corregimiento,Indemnización / reparación,Negativo,16,"Fui incluido hace años y todavía no me llega la indemnización, es una injusticia."
PQR-2026T2-4763,2026-T2,2026,Corregimiento Pacurita,Corregimiento Pacurita,Corregimiento,Indemnización / reparación,Positivo,20,"Por fin recibí la indemnización, agradezco la gestión de la oficina."
PQR-2026T2-4764,2026-T2,2026,Corregimiento Pacurita,Corregimiento Pacurita,Corregimiento,Indemnización / reparación,Neutral,17,Solicito información sobre el turno de mi indemnización administrativa.
PQR-2026T2-4765,2026-T2,2026,Corregimiento Pacurita,Corregimiento Pacurita,Corregimiento,Indemnización / reparación,Negativo,21,No entiendo por qué a otros ya les pagaron la reparación y a mí no.
PQR-2026T2-4766,2026-T2,2026,Corregimiento Pacurita,Corregimiento Pacurita,Corregimiento,Indemnización / reparación,Negativo,21,"Fui incluido hace años y todavía no me llega la indemnización, es una injusticia."
PQR-2026T2-4767,2026-T2,2026,Corregimiento Pacurita,Corregimiento Pacurita,Corregimiento,Indemnización / reparación,Negativo,15,No entiendo por qué a otros ya les pagaron la reparación y a mí no.
PQR-2026T2-4768,2026-T2,2026,Corregimiento Pacurita,Corregimiento Pacurita,Corregimiento,Indemnización / reparación,Neutral,21,¿Cómo consulto el estado de mi proceso de reparación?
PQR-2026T2-4769,2026-T2,2026,Corregimiento Pacurita,Corregimiento Pacurita,Corregimiento,Indemnización / reparación,Positivo,18,Me orientaron bien sobre el proceso de reparación.
PQR-2026T2-4770,2026-T2,2026,Corregimiento Pacurita,Corregimiento Pacurita,Corregimiento,Indemnización / reparación,Neutral,17,Solicito información sobre el turno de mi indemnización administrativa.
PQR-2026T2-4771,2026-T2,2026,Corregimiento Pacurita,Corregimiento Pacurita,Corregimiento,Indemnización / reparación,Negativo,21,No entiendo por qué a otros ya les pagaron la reparación y a mí no.
PQR-2026T2-4772,2026-T2,2026,Corregimiento Pacurita,Corregimiento Pacurita,Corregimiento,Indemnización / reparación,Negativo,16,No entiendo por qué a otros ya les pagaron la reparación y a mí no.
PQR-2026T2-4773,2026-T2,2026,Corregimiento Pacurita,Corregimiento Pacurita,Corregimiento,Indemnización / reparación,Negativo,19,"Fui incluido hace años y todavía no me llega la indemnización, es una injusticia."
PQR-2026T2-4774,2026-T2,2026,Corregimiento Pacurita,Corregimiento Pacurita,Corregimiento,Indemnización / reparación,Negativo,18,No entiendo por qué a otros ya les pagaron la reparación y a mí no.
PQR-2026T2-4775,2026-T2,2026,Corregimiento Pacurita,Corregimiento Pacurita,Corregimiento,Indemnización / reparación,Neutral,22,¿Cómo consulto el estado de mi proceso de reparación?
PQR-2026T2-4776,2026-T2,2026,Corregimiento Pacurita,Corregimiento Pacurita,Corregimiento,Indemnización / reparación,Negativo,19,No entiendo por qué a otros ya les pagaron la reparación y a mí no.
PQR-2026T2-4777,2026-T2,2026,Corregimiento Pacurita,Corregimiento Pacurita,Corregimiento,Indemnización / reparación,Neutral,17,Solicito información sobre el turno de mi indemnización administrativa.
PQR-2026T2-4778,2026-T2,2026,Corregimiento Pacurita,Corregimiento Pacurita,Corregimiento,Indemnización / reparación,Positivo,15,Me orientaron bien sobre el proceso de reparación.
PQR-2026T2-4779,2026-T2,2026,Corregimiento Pacurita,Corregimiento Pacurita,Corregimiento,Indemnización / reparación,Negativo,22,No entiendo por qué a otros ya les pagaron la reparación y a mí no.
PQR-2026T2-4780,2026-T2,2026,Corregimiento Pacurita,Corregimiento Pacurita,Corregimiento,Indemnización / reparación,Negativo,15,No entiendo por qué a otros ya les pagaron la reparación y a mí no.
PQR-2026T2-4781,2026-T2,2026,Corregimiento Pacurita,Corregimiento Pacurita,Corregimiento,Indemnización / reparación,Neutral,18,¿Cómo consulto el estado de mi proceso de reparación?
PQR-2026T2-4782,2026-T2,2026,Corregimiento Pacurita,Corregimiento Pacurita,Corregimiento,Indemnización / reparación,Negativo,18,"Fui incluido hace años y todavía no me llega la indemnización, es una injusticia."
PQR-2026T2-4783,2026-T2,2026,Corregimiento Pacurita,Corregimiento Pacurita,Corregimiento,Indemnización / reparación,Positivo,19,"Por fin recibí la indemnización, agradezco la gestión de la oficina."
PQR-2026T2-4784,2026-T2,2026,Corregimiento Pacurita,Corregimiento Pacurita,Corregimiento,Indemnización / reparación,Negativo,19,"Fui incluido hace años y todavía no me llega la indemnización, es una injusticia."
PQR-2026T2-4785,2026-T2,2026,Corregimiento Pacurita,Corregimiento Pacurita,Corregimiento,Indemnización / reparación,Negativo,20,"Fui incluido hace años y todavía no me llega la indemnización, es una injusticia."
PQR-2026T2-4786,2026-T2,2026,Corregimiento Pacurita,Corregimiento Pacurita,Corregimiento,Indemnización / reparación,Neutral,17,¿Cómo consulto el estado de mi proceso de reparación?
PQR-2026T2-4787,2026-T2,2026,Corregimiento Pacurita,Corregimiento Pacurita,Corregimiento,Vivienda,Negativo,15,La casa que me asignaron tiene problemas y nadie responde.
PQR-2026T2-4788,2026-T2,2026,Corregimiento Pacurita,Corregimiento Pacurita,Corregimiento,Vivienda,Negativo,17,Postulé al subsidio de vivienda y me rechazaron sin explicación clara.
PQR-2026T2-4789,2026-T2,2026,Corregimiento Pacurita,Corregimiento Pacurita,Corregimiento,Vivienda,Negativo,17,La casa que me asignaron tiene problemas y nadie responde.
PQR-2026T2-4790,2026-T2,2026,Corregimiento Pacurita,Corregimiento Pacurita,Corregimiento,Vivienda,Negativo,19,Postulé al subsidio de vivienda y me rechazaron sin explicación clara.
PQR-2026T2-4791,2026-T2,2026,Corregimiento Pacurita,Corregimiento Pacurita,Corregimiento,Vivienda,Negativo,19,Postulé al subsidio de vivienda y me rechazaron sin explicación clara.
PQR-2026T2-4792,2026-T2,2026,Corregimiento Pacurita,Corregimiento Pacurita,Corregimiento,Vivienda,Neutral,17,Solicito información sobre el subsidio de mejoramiento de vivienda.
PQR-2026T2-4793,2026-T2,2026,Corregimiento Pacurita,Corregimiento Pacurita,Corregimiento,Vivienda,Negativo,15,La casa que me asignaron tiene problemas y nadie responde.
PQR-2026T2-4794,2026-T2,2026,Corregimiento Pacurita,Corregimiento Pacurita,Corregimiento,Vivienda,Neutral,17,Solicito información sobre el subsidio de mejoramiento de vivienda.
PQR-2026T2-4795,2026-T2,2026,Corregimiento Pacurita,Corregimiento Pacurita,Corregimiento,Vivienda,Negativo,17,Postulé al subsidio de vivienda y me rechazaron sin explicación clara.
PQR-2026T2-4796,2026-T2,2026,Corregimiento Pacurita,Corregimiento Pacurita,Corregimiento,Vivienda,Negativo,17,Postulé al subsidio de vivienda y me rechazaron sin explicación clara.
PQR-2026T2-4797,2026-T2,2026,Corregimiento Pacurita,Corregimiento Pacurita,Corregimiento,Vivienda,Negativo,18,La casa que me asignaron tiene problemas y nadie responde.
PQR-2026T2-4798,2026-T2,2026,Corregimiento Pacurita,Corregimiento Pacurita,Corregimiento,Vivienda,Neutral,20,Pregunto por las convocatorias de vivienda para población víctima.
PQR-2026T2-4799,2026-T2,2026,Corregimiento Pacurita,Corregimiento Pacurita,Corregimiento,Vivienda,Neutral,14,Solicito información sobre el subsidio de mejoramiento de vivienda.
PQR-2026T2-4800,2026-T2,2026,Corregimiento Pacurita,Corregimiento Pacurita,Corregimiento,Vivienda,Negativo,19,Postulé al subsidio de vivienda y me rechazaron sin explicación clara.
PQR-2026T2-4801,2026-T2,2026,Corregimiento Pacurita,Corregimiento Pacurita,Corregimiento,Vivienda,Negativo,17,La casa que me asignaron tiene problemas y nadie responde.
PQR-2026T2-4802,2026-T2,2026,Corregimiento Pacurita,Corregimiento Pacurita,Corregimiento,Vivienda,Negativo,20,Postulé al subsidio de vivienda y me rechazaron sin explicación clara.
PQR-2026T2-4803,2026-T2,2026,Corregimiento Pacurita,Corregimiento Pacurita,Corregimiento,Vivienda,Positivo,17,El proceso de postulación a vivienda fue claro.
PQR-2026T2-4804,2026-T2,2026,Corregimiento Pacurita,Corregimiento Pacurita,Corregimiento,Vivienda,Neutral,20,Pregunto por las convocatorias de vivienda para población víctima.
PQR-2026T2-4805,2026-T2,2026,Corregimiento Pacurita,Corregimiento Pacurita,Corregimiento,Vivienda,Positivo,16,El proceso de postulación a vivienda fue claro.
PQR-2026T2-4806,2026-T2,2026,Corregimiento Pacurita,Corregimiento Pacurita,Corregimiento,Vivienda,Negativo,17,Postulé al subsidio de vivienda y me rechazaron sin explicación clara.
PQR-2026T2-4807,2026-T2,2026,Corregimiento Pacurita,Corregimiento Pacurita,Corregimiento,Vivienda,Negativo,20,La casa que me asignaron tiene problemas y nadie responde.
PQR-2026T2-4808,2026-T2,2026,Corregimiento Pacurita,Corregimiento Pacurita,Corregimiento,Vivienda,Positivo,15,"Me asignaron la vivienda, muy agradecido con el acompañamiento."
PQR-2026T2-4809,2026-T2,2026,Corregimiento Pacurita,Corregimiento Pacurita,Corregimiento,Vivienda,Negativo,17,La casa que me asignaron tiene problemas y nadie responde.
PQR-2026T2-4810,2026-T2,2026,Corregimiento Pacurita,Corregimiento Pacurita,Corregimiento,Vivienda,Negativo,21,Postulé al subsidio de vivienda y me rechazaron sin explicación clara.
PQR-2026T2-4811,2026-T2,2026,Corregimiento Pacurita,Corregimiento Pacurita,Corregimiento,Vivienda,Positivo,15,El proceso de postulación a vivienda fue claro.
PQR-2026T2-4812,2026-T2,2026,Corregimiento Pacurita,Corregimiento Pacurita,Corregimiento,Vivienda,Negativo,22,La casa que me asignaron tiene problemas y nadie responde.
PQR-2026T2-4813,2026-T2,2026,Corregimiento Pacurita,Corregimiento Pacurita,Corregimiento,Vivienda,Neutral,21,Solicito información sobre el subsidio de mejoramiento de vivienda.
PQR-2026T2-4814,2026-T2,2026,Corregimiento Pacurita,Corregimiento Pacurita,Corregimiento,Vivienda,Negativo,20,La casa que me asignaron tiene problemas y nadie responde.
PQR-2026T2-4815,2026-T2,2026,Corregimiento Pacurita,Corregimiento Pacurita,Corregimiento,Vivienda,Negativo,21,Postulé al subsidio de vivienda y me rechazaron sin explicación clara.
PQR-2026T2-4816,2026-T2,2026,Corregimiento Pacurita,Corregimiento Pacurita,Corregimiento,Salud y atención psicosocial,Neutral,18,Pregunto por el programa de atención en salud para víctimas.
PQR-2026T2-4817,2026-T2,2026,Corregimiento Pacurita,Corregimiento Pacurita,Corregimiento,Salud y atención psicosocial,Positivo,15,"La atención psicosocial me ha ayudado mucho, gracias al equipo."
PQR-2026T2-4818,2026-T2,2026,Corregimiento Pacurita,Corregimiento Pacurita,Corregimiento,Salud y atención psicosocial,Positivo,20,"La atención psicosocial me ha ayudado mucho, gracias al equipo."
PQR-2026T2-4819,2026-T2,2026,Corregimiento Pacurita,Corregimiento Pacurita,Corregimiento,Salud y atención psicosocial,Negativo,17,Necesito atención psicosocial y me dan citas para dentro de meses.
PQR-2026T2-4820,2026-T2,2026,Corregimiento Pacurita,Corregimiento Pacurita,Corregimiento,Salud y atención psicosocial,Negativo,17,Necesito atención psicosocial y me dan citas para dentro de meses.
PQR-2026T2-4821,2026-T2,2026,Corregimiento Pacurita,Corregimiento Pacurita,Corregimiento,Salud y atención psicosocial,Negativo,18,Necesito atención psicosocial y me dan citas para dentro de meses.
PQR-2026T2-4822,2026-T2,2026,Corregimiento Pacurita,Corregimiento Pacurita,Corregimiento,Salud y atención psicosocial,Positivo,17,"La atención psicosocial me ha ayudado mucho, gracias al equipo."
PQR-2026T2-4823,2026-T2,2026,Corregimiento Pacurita,Corregimiento Pacurita,Corregimiento,Salud y atención psicosocial,Positivo,17,"La atención psicosocial me ha ayudado mucho, gracias al equipo."
PQR-2026T2-4824,2026-T2,2026,Corregimiento Pacurita,Corregimiento Pacurita,Corregimiento,Salud y atención psicosocial,Negativo,16,No hay profesionales suficientes para la atención en salud mental.
PQR-2026T2-4825,2026-T2,2026,Corregimiento Pacurita,Corregimiento Pacurita,Corregimiento,Salud y atención psicosocial,Positivo,15,"Recibí buena orientación en salud, quedé satisfecho."
PQR-2026T2-4826,2026-T2,2026,Corregimiento Pacurita,Corregimiento Pacurita,Corregimiento,Salud y atención psicosocial,Neutral,19,Pregunto por el programa de atención en salud para víctimas.
PQR-2026T2-4827,2026-T2,2026,Corregimiento Pacurita,Corregimiento Pacurita,Corregimiento,Salud y atención psicosocial,Positivo,18,"La atención psicosocial me ha ayudado mucho, gracias al equipo."
PQR-2026T2-4828,2026-T2,2026,Corregimiento Pacurita,Corregimiento Pacurita,Corregimiento,Salud y atención psicosocial,Negativo,16,Necesito atención psicosocial y me dan citas para dentro de meses.
PQR-2026T2-4829,2026-T2,2026,Corregimiento Pacurita,Corregimiento Pacurita,Corregimiento,Educación,Positivo,17,"Mi hija obtuvo el apoyo educativo, muy agradecida."
PQR-2026T2-4830,2026-T2,2026,Corregimiento Pacurita,Corregimiento Pacurita,Corregimiento,Educación,Positivo,17,La orientación sobre educación superior fue útil.
PQR-2026T2-4831,2026-T2,2026,Corregimiento Pacurita,Corregimiento Pacurita,Corregimiento,Educación,Neutral,16,Pregunto por el apoyo educativo para el próximo semestre.
PQR-2026T2-4832,2026-T2,2026,Corregimiento Pacurita,Corregimiento Pacurita,Corregimiento,Educación,Positivo,21,"Mi hija obtuvo el apoyo educativo, muy agradecida."
PQR-2026T2-4833,2026-T2,2026,Corregimiento Pacurita,Corregimiento Pacurita,Corregimiento,Educación,Negativo,17,Falta información sobre los cupos educativos para víctimas.
PQR-2026T2-4834,2026-T2,2026,Corregimiento Pacurita,Corregimiento Pacurita,Corregimiento,Educación,Neutral,18,Solicito información sobre becas para estudiantes víctimas.
PQR-2026T2-4835,2026-T2,2026,Corregimiento Pacurita,Corregimiento Pacurita,Corregimiento,Educación,Positivo,16,La orientación sobre educación superior fue útil.
PQR-2026T2-4836,2026-T2,2026,Corregimiento Pacurita,Corregimiento Pacurita,Corregimiento,Educación,Positivo,15,La orientación sobre educación superior fue útil.
PQR-2026T2-4837,2026-T2,2026,Corregimiento Pacurita,Corregimiento Pacurita,Corregimiento,Educación,Positivo,15,La orientación sobre educación superior fue útil.
PQR-2026T2-4838,2026-T2,2026,Corregimiento Pacurita,Corregimiento Pacurita,Corregimiento,Educación,Negativo,16,Mi hijo no ha podido acceder al beneficio educativo prometido.
PQR-2026T2-4839,2026-T2,2026,Corregimiento Pacurita,Corregimiento Pacurita,Corregimiento,Registro / inclusión RUV,Negativo,21,Llevo meses esperando que me incluyan en el RUV y no hay respuesta.
PQR-2026T2-4840,2026-T2,2026,Corregimiento Pacurita,Corregimiento Pacurita,Corregimiento,Registro / inclusión RUV,Positivo,22,"Ya quedé incluido en el registro, agradezco la ayuda."
PQR-2026T2-4841,2026-T2,2026,Corregimiento Pacurita,Corregimiento Pacurita,Corregimiento,Registro / inclusión RUV,Negativo,17,Llevo meses esperando que me incluyan en el RUV y no hay respuesta.
PQR-2026T2-4842,2026-T2,2026,Corregimiento Pacurita,Corregimiento Pacurita,Corregimiento,Registro / inclusión RUV,Neutral,22,Solicito información sobre mi estado en el Registro Único de Víctimas.
PQR-2026T2-4843,2026-T2,2026,Corregimiento Pacurita,Corregimiento Pacurita,Corregimiento,Registro / inclusión RUV,Positivo,16,"Ya quedé incluido en el registro, agradezco la ayuda."
PQR-2026T2-4844,2026-T2,2026,Corregimiento Pacurita,Corregimiento Pacurita,Corregimiento,Registro / inclusión RUV,Negativo,18,Me negaron la inclusión y no me explicaron los motivos.
PQR-2026T2-4845,2026-T2,2026,Corregimiento Pacurita,Corregimiento Pacurita,Corregimiento,Registro / inclusión RUV,Neutral,19,¿Qué debo hacer para actualizar mis datos en el RUV?
PQR-2026T2-4846,2026-T2,2026,Corregimiento Pacurita,Corregimiento Pacurita,Corregimiento,Registro / inclusión RUV,Neutral,17,Solicito información sobre mi estado en el Registro Único de Víctimas.
PQR-2026T2-4847,2026-T2,2026,Corregimiento Pacurita,Corregimiento Pacurita,Corregimiento,Registro / inclusión RUV,Neutral,16,Solicito información sobre mi estado en el Registro Único de Víctimas.
PQR-2026T2-4848,2026-T2,2026,Corregimiento Pacurita,Corregimiento Pacurita,Corregimiento,Registro / inclusión RUV,Positivo,19,"Ya quedé incluido en el registro, agradezco la ayuda."
PQR-2026T2-4849,2026-T2,2026,Corregimiento Pacurita,Corregimiento Pacurita,Corregimiento,Registro / inclusión RUV,Positivo,21,"Me orientaron bien para la declaración, todo salió bien."
PQR-2026T2-4850,2026-T2,2026,Corregimiento Pacurita,Corregimiento Pacurita,Corregimiento,Registro / inclusión RUV,Negativo,17,Me negaron la inclusión y no me explicaron los motivos.
PQR-2026T2-4851,2026-T2,2026,Corregimiento Pacurita,Corregimiento Pacurita,Corregimiento,Registro / inclusión RUV,Negativo,19,Me negaron la inclusión y no me explicaron los motivos.
PQR-2026T2-4852,2026-T2,2026,Corregimiento Pacurita,Corregimiento Pacurita,Corregimiento,Registro / inclusión RUV,Negativo,20,Me negaron la inclusión y no me explicaron los motivos.
PQR-2026T2-4853,2026-T2,2026,Corregimiento Pacurita,Corregimiento Pacurita,Corregimiento,Registro / inclusión RUV,Positivo,19,"Me orientaron bien para la declaración, todo salió bien."
PQR-2026T2-4854,2026-T2,2026,Corregimiento Pacurita,Corregimiento Pacurita,Corregimiento,Registro / inclusión RUV,Neutral,16,¿Qué debo hacer para actualizar mis datos en el RUV?
PQR-2026T2-4855,2026-T2,2026,Corregimiento Pacurita,Corregimiento Pacurita,Corregimiento,Registro / inclusión RUV,Neutral,17,¿Qué debo hacer para actualizar mis datos en el RUV?
PQR-2026T2-4856,2026-T2,2026,Corregimiento Pacurita,Corregimiento Pacurita,Corregimiento,Registro / inclusión RUV,Positivo,19,"Ya quedé incluido en el registro, agradezco la ayuda."
PQR-2026T2-4857,2026-T2,2026,Corregimiento Pacurita,Corregimiento Pacurita,Corregimiento,Registro / inclusión RUV,Negativo,15,Me negaron la inclusión y no me explicaron los motivos.
PQR-2026T2-4858,2026-T2,2026,Corregimiento Pacurita,Corregimiento Pacurita,Corregimiento,Registro / inclusión RUV,Positivo,18,"Ya quedé incluido en el registro, agradezco la ayuda."
PQR-2026T2-4859,2026-T2,2026,Corregimiento Pacurita,Corregimiento Pacurita,Corregimiento,Registro / inclusión RUV,Negativo,15,Llevo meses esperando que me incluyan en el RUV y no hay respuesta.
PQR-2026T2-4860,2026-T2,2026,Corregimiento Pacurita,Corregimiento Pacurita,Corregimiento,Registro / inclusión RUV,Positivo,21,"Me orientaron bien para la declaración, todo salió bien."
PQR-2026T2-4861,2026-T2,2026,Corregimiento Pacurita,Corregimiento Pacurita,Corregimiento,Registro / inclusión RUV,Positivo,21,"Me orientaron bien para la declaración, todo salió bien."
PQR-2026T2-4862,2026-T2,2026,Corregimiento Pacurita,Corregimiento Pacurita,Corregimiento,Registro / inclusión RUV,Negativo,19,Me negaron la inclusión y no me explicaron los motivos.
PQR-2026T2-4863,2026-T2,2026,Corregimiento Pacurita,Corregimiento Pacurita,Corregimiento,Registro / inclusión RUV,Negativo,17,Llevo meses esperando que me incluyan en el RUV y no hay respuesta.
PQR-2026T2-4864,2026-T2,2026,Corregimiento Pacurita,Corregimiento Pacurita,Corregimiento,Registro / inclusión RUV,Negativo,15,Me negaron la inclusión y no me explicaron los motivos.
PQR-2026T2-4865,2026-T2,2026,Corregimiento Pacurita,Corregimiento Pacurita,Corregimiento,Registro / inclusión RUV,Positivo,20,"Me orientaron bien para la declaración, todo salió bien."
PQR-2026T2-4866,2026-T2,2026,Corregimiento Pacurita,Corregimiento Pacurita,Corregimiento,Retornos y reubicación,Negativo,20,Solicité apoyo para el retorno y no hay condiciones de seguridad.
PQR-2026T2-4867,2026-T2,2026,Corregimiento Pacurita,Corregimiento Pacurita,Corregimiento,Retornos y reubicación,Positivo,14,Nos apoyaron en la reubicación de manera adecuada.
PQR-2026T2-4868,2026-T2,2026,Corregimiento Pacurita,Corregimiento Pacurita,Corregimiento,Retornos y reubicación,Neutral,21,Pregunto por el plan de retorno para mi comunidad.
PQR-2026T2-4869,2026-T2,2026,Corregimiento Pacurita,Corregimiento Pacurita,Corregimiento,Retornos y reubicación,Positivo,19,"El acompañamiento para el retorno fue bueno, gracias."
PQR-2026T2-4870,2026-T2,2026,Corregimiento Pacurita,Corregimiento Pacurita,Corregimiento,Retornos y reubicación,Positivo,18,Nos apoyaron en la reubicación de manera adecuada.
PQR-2026T2-4871,2026-T2,2026,Corregimiento Pacurita,Corregimiento Pacurita,Corregimiento,Retornos y reubicación,Negativo,15,Solicité apoyo para el retorno y no hay condiciones de seguridad.
PQR-2026T2-4872,2026-T2,2026,Corregimiento Pacurita,Corregimiento Pacurita,Corregimiento,Retornos y reubicación,Negativo,19,Solicité apoyo para el retorno y no hay condiciones de seguridad.
PQR-2026T2-4873,2026-T2,2026,Corregimiento Pacurita,Corregimiento Pacurita,Corregimiento,Retornos y reubicación,Neutral,22,Pregunto por el plan de retorno para mi comunidad.
PQR-2026T2-4874,2026-T2,2026,Corregimiento Pacurita,Corregimiento Pacurita,Corregimiento,Retornos y reubicación,Neutral,21,Pregunto por el plan de retorno para mi comunidad.
PQR-2026T2-4875,2026-T2,2026,Corregimiento Pacurita,Corregimiento Pacurita,Corregimiento,Retornos y reubicación,Positivo,18,Nos apoyaron en la reubicación de manera adecuada.
PQR-2026T2-4876,2026-T2,2026,Corregimiento Pacurita,Corregimiento Pacurita,Corregimiento,Retornos y reubicación,Positivo,16,Nos apoyaron en la reubicación de manera adecuada.
PQR-2026T2-4877,2026-T2,2026,Corregimiento Pacurita,Corregimiento Pacurita,Corregimiento,Retornos y reubicación,Neutral,15,Solicito información sobre acompañamiento para reubicación.
PQR-2026T2-4878,2026-T2,2026,Corregimiento Pacurita,Corregimiento Pacurita,Corregimiento,Retornos y reubicación,Neutral,21,Solicito información sobre acompañamiento para reubicación.
PQR-2026T2-4879,2026-T2,2026,Corregimiento Pacurita,Corregimiento Pacurita,Corregimiento,Retornos y reubicación,Negativo,21,Solicité apoyo para el retorno y no hay condiciones de seguridad.
PQR-2026T2-4880,2026-T2,2026,Corregimiento Pacurita,Corregimiento Pacurita,Corregimiento,Retornos y reubicación,Negativo,15,Solicité apoyo para el retorno y no hay condiciones de seguridad.
PQR-2026T2-4881,2026-T2,2026,Corregimiento Pacurita,Corregimiento Pacurita,Corregimiento,Otros trámites,Neutral,17,Solicito un certificado de mi condición de víctima.
PQR-2026T2-4882,2026-T2,2026,Corregimiento Pacurita,Corregimiento Pacurita,Corregimiento,Otros trámites,Positivo,20,La atención en ventanilla fue amable y rápida.
PQR-2026T2-4883,2026-T2,2026,Corregimiento Pacurita,Corregimiento Pacurita,Corregimiento,Otros trámites,Positivo,21,Me resolvieron el trámite sin complicaciones.
PQR-2026T2-4884,2026-T2,2026,Corregimiento Pacurita,Corregimiento Pacurita,Corregimiento,Otros trámites,Positivo,21,Me resolvieron el trámite sin complicaciones.
PQR-2026T2-4885,2026-T2,2026,Corregimiento Pacurita,Corregimiento Pacurita,Corregimiento,Otros trámites,Negativo,22,Me han remitido de una oficina a otra sin resolver mi caso.
PQR-2026T2-4886,2026-T2,2026,Corregimiento Pacurita,Corregimiento Pacurita,Corregimiento,Otros trámites,Positivo,17,La atención en ventanilla fue amable y rápida.
PQR-2026T2-4887,2026-T2,2026,Corregimiento Pacurita,Corregimiento Pacurita,Corregimiento,Otros trámites,Positivo,15,La atención en ventanilla fue amable y rápida.
PQR-2026T2-4888,2026-T2,2026,Corregimiento Pacurita,Corregimiento Pacurita,Corregimiento,Otros trámites,Positivo,17,La atención en ventanilla fue amable y rápida.
PQR-2026T2-4889,2026-T2,2026,Corregimiento Pacurita,Corregimiento Pacurita,Corregimiento,Otros trámites,Positivo,18,La atención en ventanilla fue amable y rápida.
PQR-2026T2-4890,2026-T2,2026,Corregimiento Pacurita,Corregimiento Pacurita,Corregimiento,Otros trámites,Negativo,21,Me han remitido de una oficina a otra sin resolver mi caso.
PQR-2026T2-4891,2026-T2,2026,Corregimiento Pacurita,Corregimiento Pacurita,Corregimiento,Otros trámites,Positivo,21,La atención en ventanilla fue amable y rápida.
PQR-2026T2-4892,2026-T2,2026,Corregimiento Pacurita,Corregimiento Pacurita,Corregimiento,Otros trámites,Neutral,20,Pregunto por el horario de atención de la oficina.
PQR-2026T2-4893,2026-T2,2026,Corregimiento Tutunendo,Corregimiento Tutunendo,Corregimiento,Ayuda humanitaria,Neutral,15,Quisiera saber qué documentos faltan para la ayuda humanitaria.
PQR-2026T2-4894,2026-T2,2026,Corregimiento Tutunendo,Corregimiento Tutunendo,Corregimiento,Ayuda humanitaria,Positivo,20,Agradezco que me entregaron la ayuda humanitaria rápidamente.
PQR-2026T2-4895,2026-T2,2026,Corregimiento Tutunendo,Corregimiento Tutunendo,Corregimiento,Ayuda humanitaria,Positivo,18,"La atención para la ayuda de emergencia fue oportuna, gracias."
PQR-2026T2-4896,2026-T2,2026,Corregimiento Tutunendo,Corregimiento Tutunendo,Corregimiento,Ayuda humanitaria,Negativo,19,Llevo tres meses esperando la ayuda humanitaria y no me han dado respuesta.
PQR-2026T2-4897,2026-T2,2026,Corregimiento Tutunendo,Corregimiento Tutunendo,Corregimiento,Ayuda humanitaria,Neutral,14,Quisiera saber qué documentos faltan para la ayuda humanitaria.
PQR-2026T2-4898,2026-T2,2026,Corregimiento Tutunendo,Corregimiento Tutunendo,Corregimiento,Ayuda humanitaria,Positivo,20,"La atención para la ayuda de emergencia fue oportuna, gracias."
PQR-2026T2-4899,2026-T2,2026,Corregimiento Tutunendo,Corregimiento Tutunendo,Corregimiento,Ayuda humanitaria,Positivo,18,"La atención para la ayuda de emergencia fue oportuna, gracias."
PQR-2026T2-4900,2026-T2,2026,Corregimiento Tutunendo,Corregimiento Tutunendo,Corregimiento,Ayuda humanitaria,Neutral,21,Quisiera saber qué documentos faltan para la ayuda humanitaria.
PQR-2026T2-4901,2026-T2,2026,Corregimiento Tutunendo,Corregimiento Tutunendo,Corregimiento,Ayuda humanitaria,Neutral,18,Pregunto por el estado de mi solicitud de ayuda humanitaria inmediata.
PQR-2026T2-4902,2026-T2,2026,Corregimiento Tutunendo,Corregimiento Tutunendo,Corregimiento,Ayuda humanitaria,Positivo,17,"La atención para la ayuda de emergencia fue oportuna, gracias."
PQR-2026T2-4903,2026-T2,2026,Corregimiento Tutunendo,Corregimiento Tutunendo,Corregimiento,Ayuda humanitaria,Neutral,21,Pregunto por el estado de mi solicitud de ayuda humanitaria inmediata.
PQR-2026T2-4904,2026-T2,2026,Corregimiento Tutunendo,Corregimiento Tutunendo,Corregimiento,Ayuda humanitaria,Negativo,16,Llevo tres meses esperando la ayuda humanitaria y no me han dado respuesta.
PQR-2026T2-4905,2026-T2,2026,Corregimiento Tutunendo,Corregimiento Tutunendo,Corregimiento,Ayuda humanitaria,Positivo,20,"La atención para la ayuda de emergencia fue oportuna, gracias."
PQR-2026T2-4906,2026-T2,2026,Corregimiento Tutunendo,Corregimiento Tutunendo,Corregimiento,Ayuda humanitaria,Positivo,19,Agradezco que me entregaron la ayuda humanitaria rápidamente.
PQR-2026T2-4907,2026-T2,2026,Corregimiento Tutunendo,Corregimiento Tutunendo,Corregimiento,Ayuda humanitaria,Neutral,21,Pregunto por el estado de mi solicitud de ayuda humanitaria inmediata.
PQR-2026T2-4908,2026-T2,2026,Corregimiento Tutunendo,Corregimiento Tutunendo,Corregimiento,Ayuda humanitaria,Positivo,18,"La atención para la ayuda de emergencia fue oportuna, gracias."
PQR-2026T2-4909,2026-T2,2026,Corregimiento Tutunendo,Corregimiento Tutunendo,Corregimiento,Ayuda humanitaria,Negativo,14,Llevo tres meses esperando la ayuda humanitaria y no me han dado respuesta.
PQR-2026T2-4910,2026-T2,2026,Corregimiento Tutunendo,Corregimiento Tutunendo,Corregimiento,Ayuda humanitaria,Positivo,20,"La atención para la ayuda de emergencia fue oportuna, gracias."
PQR-2026T2-4911,2026-T2,2026,Corregimiento Tutunendo,Corregimiento Tutunendo,Corregimiento,Ayuda humanitaria,Negativo,16,Llevo tres meses esperando la ayuda humanitaria y no me han dado respuesta.
PQR-2026T2-4912,2026-T2,2026,Corregimiento Tutunendo,Corregimiento Tutunendo,Corregimiento,Ayuda humanitaria,Negativo,19,Llevo tres meses esperando la ayuda humanitaria y no me han dado respuesta.
PQR-2026T2-4913,2026-T2,2026,Corregimiento Tutunendo,Corregimiento Tutunendo,Corregimiento,Ayuda humanitaria,Negativo,20,"Solicité el mercado de emergencia y nunca llegó, mi familia está pasando necesidad."
PQR-2026T2-4914,2026-T2,2026,Corregimiento Tutunendo,Corregimiento Tutunendo,Corregimiento,Ayuda humanitaria,Positivo,19,"La atención para la ayuda de emergencia fue oportuna, gracias."
PQR-2026T2-4915,2026-T2,2026,Corregimiento Tutunendo,Corregimiento Tutunendo,Corregimiento,Ayuda humanitaria,Negativo,22,"Solicité el mercado de emergencia y nunca llegó, mi familia está pasando necesidad."
PQR-2026T2-4916,2026-T2,2026,Corregimiento Tutunendo,Corregimiento Tutunendo,Corregimiento,Ayuda humanitaria,Positivo,18,"La atención para la ayuda de emergencia fue oportuna, gracias."
PQR-2026T2-4917,2026-T2,2026,Corregimiento Tutunendo,Corregimiento Tutunendo,Corregimiento,Ayuda humanitaria,Neutral,16,Pregunto por el estado de mi solicitud de ayuda humanitaria inmediata.
PQR-2026T2-4918,2026-T2,2026,Corregimiento Tutunendo,Corregimiento Tutunendo,Corregimiento,Ayuda humanitaria,Negativo,21,"Solicité el mercado de emergencia y nunca llegó, mi familia está pasando necesidad."
PQR-2026T2-4919,2026-T2,2026,Corregimiento Tutunendo,Corregimiento Tutunendo,Corregimiento,Ayuda humanitaria,Positivo,20,"La atención para la ayuda de emergencia fue oportuna, gracias."
PQR-2026T2-4920,2026-T2,2026,Corregimiento Tutunendo,Corregimiento Tutunendo,Corregimiento,Ayuda humanitaria,Positivo,20,Agradezco que me entregaron la ayuda humanitaria rápidamente.
PQR-2026T2-4921,2026-T2,2026,Corregimiento Tutunendo,Corregimiento Tutunendo,Corregimiento,Ayuda humanitaria,Negativo,22,Llevo tres meses esperando la ayuda humanitaria y no me han dado respuesta.
PQR-2026T2-4922,2026-T2,2026,Corregimiento Tutunendo,Corregimiento Tutunendo,Corregimiento,Ayuda humanitaria,Neutral,21,Quisiera saber qué documentos faltan para la ayuda humanitaria.
PQR-2026T2-4923,2026-T2,2026,Corregimiento Tutunendo,Corregimiento Tutunendo,Corregimiento,Ayuda humanitaria,Positivo,22,"La atención para la ayuda de emergencia fue oportuna, gracias."
PQR-2026T2-4924,2026-T2,2026,Corregimiento Tutunendo,Corregimiento Tutunendo,Corregimiento,Ayuda humanitaria,Negativo,21,"Solicité el mercado de emergencia y nunca llegó, mi familia está pasando necesidad."
PQR-2026T2-4925,2026-T2,2026,Corregimiento Tutunendo,Corregimiento Tutunendo,Corregimiento,Ayuda humanitaria,Positivo,21,Agradezco que me entregaron la ayuda humanitaria rápidamente.
PQR-2026T2-4926,2026-T2,2026,Corregimiento Tutunendo,Corregimiento Tutunendo,Corregimiento,Ayuda humanitaria,Neutral,18,Quisiera saber qué documentos faltan para la ayuda humanitaria.
PQR-2026T2-4927,2026-T2,2026,Corregimiento Tutunendo,Corregimiento Tutunendo,Corregimiento,Indemnización / reparación,Negativo,17,No entiendo por qué a otros ya les pagaron la reparación y a mí no.
PQR-2026T2-4928,2026-T2,2026,Corregimiento Tutunendo,Corregimiento Tutunendo,Corregimiento,Indemnización / reparación,Negativo,17,"Fui incluido hace años y todavía no me llega la indemnización, es una injusticia."
PQR-2026T2-4929,2026-T2,2026,Corregimiento Tutunendo,Corregimiento Tutunendo,Corregimiento,Indemnización / reparación,Positivo,17,"Por fin recibí la indemnización, agradezco la gestión de la oficina."
PQR-2026T2-4930,2026-T2,2026,Corregimiento Tutunendo,Corregimiento Tutunendo,Corregimiento,Indemnización / reparación,Negativo,18,"Fui incluido hace años y todavía no me llega la indemnización, es una injusticia."
PQR-2026T2-4931,2026-T2,2026,Corregimiento Tutunendo,Corregimiento Tutunendo,Corregimiento,Indemnización / reparación,Neutral,17,Solicito información sobre el turno de mi indemnización administrativa.
PQR-2026T2-4932,2026-T2,2026,Corregimiento Tutunendo,Corregimiento Tutunendo,Corregimiento,Indemnización / reparación,Negativo,15,"Fui incluido hace años y todavía no me llega la indemnización, es una injusticia."
PQR-2026T2-4933,2026-T2,2026,Corregimiento Tutunendo,Corregimiento Tutunendo,Corregimiento,Indemnización / reparación,Negativo,20,"Fui incluido hace años y todavía no me llega la indemnización, es una injusticia."
PQR-2026T2-4934,2026-T2,2026,Corregimiento Tutunendo,Corregimiento Tutunendo,Corregimiento,Indemnización / reparación,Positivo,22,Me orientaron bien sobre el proceso de reparación.
PQR-2026T2-4935,2026-T2,2026,Corregimiento Tutunendo,Corregimiento Tutunendo,Corregimiento,Indemnización / reparación,Negativo,20,"Fui incluido hace años y todavía no me llega la indemnización, es una injusticia."
PQR-2026T2-4936,2026-T2,2026,Corregimiento Tutunendo,Corregimiento Tutunendo,Corregimiento,Indemnización / reparación,Neutral,20,¿Cómo consulto el estado de mi proceso de reparación?
PQR-2026T2-4937,2026-T2,2026,Corregimiento Tutunendo,Corregimiento Tutunendo,Corregimiento,Indemnización / reparación,Negativo,21,No entiendo por qué a otros ya les pagaron la reparación y a mí no.
PQR-2026T2-4938,2026-T2,2026,Corregimiento Tutunendo,Corregimiento Tutunendo,Corregimiento,Indemnización / reparación,Positivo,22,"Por fin recibí la indemnización, agradezco la gestión de la oficina."
PQR-2026T2-4939,2026-T2,2026,Corregimiento Tutunendo,Corregimiento Tutunendo,Corregimiento,Indemnización / reparación,Neutral,15,¿Cómo consulto el estado de mi proceso de reparación?
PQR-2026T2-4940,2026-T2,2026,Corregimiento Tutunendo,Corregimiento Tutunendo,Corregimiento,Indemnización / reparación,Negativo,20,"Fui incluido hace años y todavía no me llega la indemnización, es una injusticia."
PQR-2026T2-4941,2026-T2,2026,Corregimiento Tutunendo,Corregimiento Tutunendo,Corregimiento,Indemnización / reparación,Neutral,16,¿Cómo consulto el estado de mi proceso de reparación?
PQR-2026T2-4942,2026-T2,2026,Corregimiento Tutunendo,Corregimiento Tutunendo,Corregimiento,Indemnización / reparación,Neutral,19,Solicito información sobre el turno de mi indemnización administrativa.
PQR-2026T2-4943,2026-T2,2026,Corregimiento Tutunendo,Corregimiento Tutunendo,Corregimiento,Indemnización / reparación,Neutral,15,¿Cómo consulto el estado de mi proceso de reparación?
PQR-2026T2-4944,2026-T2,2026,Corregimiento Tutunendo,Corregimiento Tutunendo,Corregimiento,Indemnización / reparación,Negativo,18,No entiendo por qué a otros ya les pagaron la reparación y a mí no.
PQR-2026T2-4945,2026-T2,2026,Corregimiento Tutunendo,Corregimiento Tutunendo,Corregimiento,Indemnización / reparación,Negativo,21,"Fui incluido hace años y todavía no me llega la indemnización, es una injusticia."
PQR-2026T2-4946,2026-T2,2026,Corregimiento Tutunendo,Corregimiento Tutunendo,Corregimiento,Indemnización / reparación,Negativo,22,No entiendo por qué a otros ya les pagaron la reparación y a mí no.
PQR-2026T2-4947,2026-T2,2026,Corregimiento Tutunendo,Corregimiento Tutunendo,Corregimiento,Indemnización / reparación,Negativo,16,No entiendo por qué a otros ya les pagaron la reparación y a mí no.
PQR-2026T2-4948,2026-T2,2026,Corregimiento Tutunendo,Corregimiento Tutunendo,Corregimiento,Indemnización / reparación,Negativo,18,"Fui incluido hace años y todavía no me llega la indemnización, es una injusticia."
PQR-2026T2-4949,2026-T2,2026,Corregimiento Tutunendo,Corregimiento Tutunendo,Corregimiento,Indemnización / reparación,Negativo,19,No entiendo por qué a otros ya les pagaron la reparación y a mí no.
PQR-2026T2-4950,2026-T2,2026,Corregimiento Tutunendo,Corregimiento Tutunendo,Corregimiento,Indemnización / reparación,Negativo,15,"Fui incluido hace años y todavía no me llega la indemnización, es una injusticia."
PQR-2026T2-4951,2026-T2,2026,Corregimiento Tutunendo,Corregimiento Tutunendo,Corregimiento,Indemnización / reparación,Neutral,16,¿Cómo consulto el estado de mi proceso de reparación?
PQR-2026T2-4952,2026-T2,2026,Corregimiento Tutunendo,Corregimiento Tutunendo,Corregimiento,Indemnización / reparación,Positivo,14,Me orientaron bien sobre el proceso de reparación.
PQR-2026T2-4953,2026-T2,2026,Corregimiento Tutunendo,Corregimiento Tutunendo,Corregimiento,Indemnización / reparación,Neutral,21,¿Cómo consulto el estado de mi proceso de reparación?
PQR-2026T2-4954,2026-T2,2026,Corregimiento Tutunendo,Corregimiento Tutunendo,Corregimiento,Indemnización / reparación,Positivo,19,"Por fin recibí la indemnización, agradezco la gestión de la oficina."
PQR-2026T2-4955,2026-T2,2026,Corregimiento Tutunendo,Corregimiento Tutunendo,Corregimiento,Indemnización / reparación,Negativo,20,No entiendo por qué a otros ya les pagaron la reparación y a mí no.
PQR-2026T2-4956,2026-T2,2026,Corregimiento Tutunendo,Corregimiento Tutunendo,Corregimiento,Indemnización / reparación,Neutral,15,Solicito información sobre el turno de mi indemnización administrativa.
PQR-2026T2-4957,2026-T2,2026,Corregimiento Tutunendo,Corregimiento Tutunendo,Corregimiento,Indemnización / reparación,Negativo,18,No entiendo por qué a otros ya les pagaron la reparación y a mí no.
PQR-2026T2-4958,2026-T2,2026,Corregimiento Tutunendo,Corregimiento Tutunendo,Corregimiento,Indemnización / reparación,Negativo,16,"Fui incluido hace años y todavía no me llega la indemnización, es una injusticia."
PQR-2026T2-4959,2026-T2,2026,Corregimiento Tutunendo,Corregimiento Tutunendo,Corregimiento,Indemnización / reparación,Negativo,19,No entiendo por qué a otros ya les pagaron la reparación y a mí no.
PQR-2026T2-4960,2026-T2,2026,Corregimiento Tutunendo,Corregimiento Tutunendo,Corregimiento,Indemnización / reparación,Negativo,18,No entiendo por qué a otros ya les pagaron la reparación y a mí no.
PQR-2026T2-4961,2026-T2,2026,Corregimiento Tutunendo,Corregimiento Tutunendo,Corregimiento,Indemnización / reparación,Negativo,18,No entiendo por qué a otros ya les pagaron la reparación y a mí no.
PQR-2026T2-4962,2026-T2,2026,Corregimiento Tutunendo,Corregimiento Tutunendo,Corregimiento,Indemnización / reparación,Negativo,21,"Fui incluido hace años y todavía no me llega la indemnización, es una injusticia."
PQR-2026T2-4963,2026-T2,2026,Corregimiento Tutunendo,Corregimiento Tutunendo,Corregimiento,Indemnización / reparación,Negativo,15,"Fui incluido hace años y todavía no me llega la indemnización, es una injusticia."
PQR-2026T2-4964,2026-T2,2026,Corregimiento Tutunendo,Corregimiento Tutunendo,Corregimiento,Indemnización / reparación,Negativo,15,"Fui incluido hace años y todavía no me llega la indemnización, es una injusticia."
PQR-2026T2-4965,2026-T2,2026,Corregimiento Tutunendo,Corregimiento Tutunendo,Corregimiento,Indemnización / reparación,Neutral,20,¿Cómo consulto el estado de mi proceso de reparación?
PQR-2026T2-4966,2026-T2,2026,Corregimiento Tutunendo,Corregimiento Tutunendo,Corregimiento,Vivienda,Negativo,17,Postulé al subsidio de vivienda y me rechazaron sin explicación clara.
PQR-2026T2-4967,2026-T2,2026,Corregimiento Tutunendo,Corregimiento Tutunendo,Corregimiento,Vivienda,Neutral,15,Solicito información sobre el subsidio de mejoramiento de vivienda.
PQR-2026T2-4968,2026-T2,2026,Corregimiento Tutunendo,Corregimiento Tutunendo,Corregimiento,Vivienda,Positivo,21,El proceso de postulación a vivienda fue claro.
PQR-2026T2-4969,2026-T2,2026,Corregimiento Tutunendo,Corregimiento Tutunendo,Corregimiento,Vivienda,Negativo,17,Postulé al subsidio de vivienda y me rechazaron sin explicación clara.
PQR-2026T2-4970,2026-T2,2026,Corregimiento Tutunendo,Corregimiento Tutunendo,Corregimiento,Vivienda,Neutral,16,Pregunto por las convocatorias de vivienda para población víctima.
PQR-2026T2-4971,2026-T2,2026,Corregimiento Tutunendo,Corregimiento Tutunendo,Corregimiento,Vivienda,Neutral,20,Pregunto por las convocatorias de vivienda para población víctima.
PQR-2026T2-4972,2026-T2,2026,Corregimiento Tutunendo,Corregimiento Tutunendo,Corregimiento,Vivienda,Negativo,22,La casa que me asignaron tiene problemas y nadie responde.
PQR-2026T2-4973,2026-T2,2026,Corregimiento Tutunendo,Corregimiento Tutunendo,Corregimiento,Vivienda,Negativo,16,Postulé al subsidio de vivienda y me rechazaron sin explicación clara.
PQR-2026T2-4974,2026-T2,2026,Corregimiento Tutunendo,Corregimiento Tutunendo,Corregimiento,Vivienda,Negativo,18,Postulé al subsidio de vivienda y me rechazaron sin explicación clara.
PQR-2026T2-4975,2026-T2,2026,Corregimiento Tutunendo,Corregimiento Tutunendo,Corregimiento,Vivienda,Neutral,21,Solicito información sobre el subsidio de mejoramiento de vivienda.
PQR-2026T2-4976,2026-T2,2026,Corregimiento Tutunendo,Corregimiento Tutunendo,Corregimiento,Vivienda,Neutral,20,Solicito información sobre el subsidio de mejoramiento de vivienda.
PQR-2026T2-4977,2026-T2,2026,Corregimiento Tutunendo,Corregimiento Tutunendo,Corregimiento,Vivienda,Neutral,19,Solicito información sobre el subsidio de mejoramiento de vivienda.
PQR-2026T2-4978,2026-T2,2026,Corregimiento Tutunendo,Corregimiento Tutunendo,Corregimiento,Vivienda,Positivo,20,El proceso de postulación a vivienda fue claro.
PQR-2026T2-4979,2026-T2,2026,Corregimiento Tutunendo,Corregimiento Tutunendo,Corregimiento,Vivienda,Neutral,18,Solicito información sobre el subsidio de mejoramiento de vivienda.
PQR-2026T2-4980,2026-T2,2026,Corregimiento Tutunendo,Corregimiento Tutunendo,Corregimiento,Vivienda,Negativo,20,La casa que me asignaron tiene problemas y nadie responde.
PQR-2026T2-4981,2026-T2,2026,Corregimiento Tutunendo,Corregimiento Tutunendo,Corregimiento,Vivienda,Negativo,16,Postulé al subsidio de vivienda y me rechazaron sin explicación clara.
PQR-2026T2-4982,2026-T2,2026,Corregimiento Tutunendo,Corregimiento Tutunendo,Corregimiento,Vivienda,Positivo,15,El proceso de postulación a vivienda fue claro.
PQR-2026T2-4983,2026-T2,2026,Corregimiento Tutunendo,Corregimiento Tutunendo,Corregimiento,Salud y atención psicosocial,Positivo,21,"La atención psicosocial me ha ayudado mucho, gracias al equipo."
PQR-2026T2-4984,2026-T2,2026,Corregimiento Tutunendo,Corregimiento Tutunendo,Corregimiento,Salud y atención psicosocial,Negativo,15,No hay profesionales suficientes para la atención en salud mental.
PQR-2026T2-4985,2026-T2,2026,Corregimiento Tutunendo,Corregimiento Tutunendo,Corregimiento,Salud y atención psicosocial,Negativo,17,No hay profesionales suficientes para la atención en salud mental.
PQR-2026T2-4986,2026-T2,2026,Corregimiento Tutunendo,Corregimiento Tutunendo,Corregimiento,Salud y atención psicosocial,Positivo,16,"La atención psicosocial me ha ayudado mucho, gracias al equipo."
PQR-2026T2-4987,2026-T2,2026,Corregimiento Tutunendo,Corregimiento Tutunendo,Corregimiento,Salud y atención psicosocial,Positivo,17,"La atención psicosocial me ha ayudado mucho, gracias al equipo."
PQR-2026T2-4988,2026-T2,2026,Corregimiento Tutunendo,Corregimiento Tutunendo,Corregimiento,Salud y atención psicosocial,Neutral,18,Pregunto por el programa de atención en salud para víctimas.
PQR-2026T2-4989,2026-T2,2026,Corregimiento Tutunendo,Corregimiento Tutunendo,Corregimiento,Salud y atención psicosocial,Neutral,17,Pregunto por el programa de atención en salud para víctimas.
PQR-2026T2-4990,2026-T2,2026,Corregimiento Tutunendo,Corregimiento Tutunendo,Corregimiento,Salud y atención psicosocial,Negativo,20,Necesito atención psicosocial y me dan citas para dentro de meses.
PQR-2026T2-4991,2026-T2,2026,Corregimiento Tutunendo,Corregimiento Tutunendo,Corregimiento,Salud y atención psicosocial,Neutral,19,Solicito una cita de atención psicosocial para mi familia.
PQR-2026T2-4992,2026-T2,2026,Corregimiento Tutunendo,Corregimiento Tutunendo,Corregimiento,Salud y atención psicosocial,Neutral,16,Solicito una cita de atención psicosocial para mi familia.
PQR-2026T2-4993,2026-T2,2026,Corregimiento Tutunendo,Corregimiento Tutunendo,Corregimiento,Salud y atención psicosocial,Positivo,22,"La atención psicosocial me ha ayudado mucho, gracias al equipo."
PQR-2026T2-4994,2026-T2,2026,Corregimiento Tutunendo,Corregimiento Tutunendo,Corregimiento,Salud y atención psicosocial,Negativo,19,No hay profesionales suficientes para la atención en salud mental.
PQR-2026T2-4995,2026-T2,2026,Corregimiento Tutunendo,Corregimiento Tutunendo,Corregimiento,Salud y atención psicosocial,Negativo,18,No hay profesionales suficientes para la atención en salud mental.
PQR-2026T2-4996,2026-T2,2026,Corregimiento Tutunendo,Corregimiento Tutunendo,Corregimiento,Salud y atención psicosocial,Neutral,20,Pregunto por el programa de atención en salud para víctimas.
PQR-2026T2-4997,2026-T2,2026,Corregimiento Tutunendo,Corregimiento Tutunendo,Corregimiento,Salud y atención psicosocial,Positivo,22,"La atención psicosocial me ha ayudado mucho, gracias al equipo."
PQR-2026T2-4998,2026-T2,2026,Corregimiento Tutunendo,Corregimiento Tutunendo,Corregimiento,Salud y atención psicosocial,Positivo,19,"Recibí buena orientación en salud, quedé satisfecho."
PQR-2026T2-4999,2026-T2,2026,Corregimiento Tutunendo,Corregimiento Tutunendo,Corregimiento,Salud y atención psicosocial,Positivo,20,"La atención psicosocial me ha ayudado mucho, gracias al equipo."
PQR-2026T2-5000,2026-T2,2026,Corregimiento Tutunendo,Corregimiento Tutunendo,Corregimiento,Educación,Neutral,20,Pregunto por el apoyo educativo para el próximo semestre.
PQR-2026T2-5001,2026-T2,2026,Corregimiento Tutunendo,Corregimiento Tutunendo,Corregimiento,Educación,Neutral,19,Pregunto por el apoyo educativo para el próximo semestre.
PQR-2026T2-5002,2026-T2,2026,Corregimiento Tutunendo,Corregimiento Tutunendo,Corregimiento,Educación,Positivo,16,"Mi hija obtuvo el apoyo educativo, muy agradecida."
PQR-2026T2-5003,2026-T2,2026,Corregimiento Tutunendo,Corregimiento Tutunendo,Corregimiento,Educación,Neutral,22,Solicito información sobre becas para estudiantes víctimas.
PQR-2026T2-5004,2026-T2,2026,Corregimiento Tutunendo,Corregimiento Tutunendo,Corregimiento,Educación,Neutral,19,Pregunto por el apoyo educativo para el próximo semestre.
PQR-2026T2-5005,2026-T2,2026,Corregimiento Tutunendo,Corregimiento Tutunendo,Corregimiento,Educación,Positivo,16,"Mi hija obtuvo el apoyo educativo, muy agradecida."
PQR-2026T2-5006,2026-T2,2026,Corregimiento Tutunendo,Corregimiento Tutunendo,Corregimiento,Educación,Negativo,18,Mi hijo no ha podido acceder al beneficio educativo prometido.
PQR-2026T2-5007,2026-T2,2026,Corregimiento Tutunendo,Corregimiento Tutunendo,Corregimiento,Educación,Neutral,15,Solicito información sobre becas para estudiantes víctimas.
PQR-2026T2-5008,2026-T2,2026,Corregimiento Tutunendo,Corregimiento Tutunendo,Corregimiento,Educación,Neutral,19,Solicito información sobre becas para estudiantes víctimas.
PQR-2026T2-5009,2026-T2,2026,Corregimiento Tutunendo,Corregimiento Tutunendo,Corregimiento,Educación,Positivo,22,La orientación sobre educación superior fue útil.
PQR-2026T2-5010,2026-T2,2026,Corregimiento Tutunendo,Corregimiento Tutunendo,Corregimiento,Educación,Positivo,20,La orientación sobre educación superior fue útil.
PQR-2026T2-5011,2026-T2,2026,Corregimiento Tutunendo,Corregimiento Tutunendo,Corregimiento,Educación,Positivo,15,"Mi hija obtuvo el apoyo educativo, muy agradecida."
PQR-2026T2-5012,2026-T2,2026,Corregimiento Tutunendo,Corregimiento Tutunendo,Corregimiento,Registro / inclusión RUV,Negativo,19,Llevo meses esperando que me incluyan en el RUV y no hay respuesta.
PQR-2026T2-5013,2026-T2,2026,Corregimiento Tutunendo,Corregimiento Tutunendo,Corregimiento,Registro / inclusión RUV,Negativo,21,Me negaron la inclusión y no me explicaron los motivos.
PQR-2026T2-5014,2026-T2,2026,Corregimiento Tutunendo,Corregimiento Tutunendo,Corregimiento,Registro / inclusión RUV,Negativo,20,Llevo meses esperando que me incluyan en el RUV y no hay respuesta.
PQR-2026T2-5015,2026-T2,2026,Corregimiento Tutunendo,Corregimiento Tutunendo,Corregimiento,Registro / inclusión RUV,Neutral,16,Solicito información sobre mi estado en el Registro Único de Víctimas.
PQR-2026T2-5016,2026-T2,2026,Corregimiento Tutunendo,Corregimiento Tutunendo,Corregimiento,Registro / inclusión RUV,Negativo,21,Llevo meses esperando que me incluyan en el RUV y no hay respuesta.
PQR-2026T2-5017,2026-T2,2026,Corregimiento Tutunendo,Corregimiento Tutunendo,Corregimiento,Registro / inclusión RUV,Positivo,19,"Me orientaron bien para la declaración, todo salió bien."
PQR-2026T2-5018,2026-T2,2026,Corregimiento Tutunendo,Corregimiento Tutunendo,Corregimiento,Registro / inclusión RUV,Positivo,17,"Ya quedé incluido en el registro, agradezco la ayuda."
PQR-2026T2-5019,2026-T2,2026,Corregimiento Tutunendo,Corregimiento Tutunendo,Corregimiento,Registro / inclusión RUV,Neutral,16,Solicito información sobre mi estado en el Registro Único de Víctimas.
PQR-2026T2-5020,2026-T2,2026,Corregimiento Tutunendo,Corregimiento Tutunendo,Corregimiento,Registro / inclusión RUV,Neutral,18,Solicito información sobre mi estado en el Registro Único de Víctimas.
PQR-2026T2-5021,2026-T2,2026,Corregimiento Tutunendo,Corregimiento Tutunendo,Corregimiento,Registro / inclusión RUV,Positivo,20,"Ya quedé incluido en el registro, agradezco la ayuda."
PQR-2026T2-5022,2026-T2,2026,Corregimiento Tutunendo,Corregimiento Tutunendo,Corregimiento,Registro / inclusión RUV,Neutral,20,¿Qué debo hacer para actualizar mis datos en el RUV?
PQR-2026T2-5023,2026-T2,2026,Corregimiento Tutunendo,Corregimiento Tutunendo,Corregimiento,Registro / inclusión RUV,Positivo,21,"Me orientaron bien para la declaración, todo salió bien."
PQR-2026T2-5024,2026-T2,2026,Corregimiento Tutunendo,Corregimiento Tutunendo,Corregimiento,Registro / inclusión RUV,Negativo,21,Me negaron la inclusión y no me explicaron los motivos.
PQR-2026T2-5025,2026-T2,2026,Corregimiento Tutunendo,Corregimiento Tutunendo,Corregimiento,Registro / inclusión RUV,Negativo,22,Me negaron la inclusión y no me explicaron los motivos.
PQR-2026T2-5026,2026-T2,2026,Corregimiento Tutunendo,Corregimiento Tutunendo,Corregimiento,Registro / inclusión RUV,Positivo,20,"Ya quedé incluido en el registro, agradezco la ayuda."
PQR-2026T2-5027,2026-T2,2026,Corregimiento Tutunendo,Corregimiento Tutunendo,Corregimiento,Registro / inclusión RUV,Neutral,19,¿Qué debo hacer para actualizar mis datos en el RUV?
PQR-2026T2-5028,2026-T2,2026,Corregimiento Tutunendo,Corregimiento Tutunendo,Corregimiento,Retornos y reubicación,Neutral,21,Pregunto por el plan de retorno para mi comunidad.
PQR-2026T2-5029,2026-T2,2026,Corregimiento Tutunendo,Corregimiento Tutunendo,Corregimiento,Retornos y reubicación,Neutral,21,Pregunto por el plan de retorno para mi comunidad.
PQR-2026T2-5030,2026-T2,2026,Corregimiento Tutunendo,Corregimiento Tutunendo,Corregimiento,Retornos y reubicación,Neutral,15,Pregunto por el plan de retorno para mi comunidad.
PQR-2026T2-5031,2026-T2,2026,Corregimiento Tutunendo,Corregimiento Tutunendo,Corregimiento,Retornos y reubicación,Negativo,15,Solicité apoyo para el retorno y no hay condiciones de seguridad.
PQR-2026T2-5032,2026-T2,2026,Corregimiento Tutunendo,Corregimiento Tutunendo,Corregimiento,Retornos y reubicación,Positivo,22,Nos apoyaron en la reubicación de manera adecuada.
PQR-2026T2-5033,2026-T2,2026,Corregimiento Tutunendo,Corregimiento Tutunendo,Corregimiento,Retornos y reubicación,Negativo,19,El proceso de reubicación está detenido hace tiempo.
PQR-2026T2-5034,2026-T2,2026,Corregimiento Tutunendo,Corregimiento Tutunendo,Corregimiento,Retornos y reubicación,Positivo,22,"El acompañamiento para el retorno fue bueno, gracias."
PQR-2026T2-5035,2026-T2,2026,Corregimiento Tutunendo,Corregimiento Tutunendo,Corregimiento,Retornos y reubicación,Neutral,21,Solicito información sobre acompañamiento para reubicación.
PQR-2026T2-5036,2026-T2,2026,Corregimiento Tutunendo,Corregimiento Tutunendo,Corregimiento,Retornos y reubicación,Neutral,21,Pregunto por el plan de retorno para mi comunidad.
PQR-2026T2-5037,2026-T2,2026,Corregimiento Tutunendo,Corregimiento Tutunendo,Corregimiento,Retornos y reubicación,Neutral,15,Pregunto por el plan de retorno para mi comunidad.
PQR-2026T2-5038,2026-T2,2026,Corregimiento Tutunendo,Corregimiento Tutunendo,Corregimiento,Otros trámites,Neutral,14,Solicito un certificado de mi condición de víctima.
PQR-2026T2-5039,2026-T2,2026,Corregimiento Tutunendo,Corregimiento Tutunendo,Corregimiento,Otros trámites,Positivo,20,La atención en ventanilla fue amable y rápida.
PQR-2026T2-5040,2026-T2,2026,Corregimiento Tutunendo,Corregimiento Tutunendo,Corregimiento,Otros trámites,Negativo,21,Me han remitido de una oficina a otra sin resolver mi caso.
PQR-2026T2-5041,2026-T2,2026,Corregimiento Tutunendo,Corregimiento Tutunendo,Corregimiento,Otros trámites,Positivo,18,Me resolvieron el trámite sin complicaciones.
PQR-2026T2-5042,2026-T2,2026,Corregimiento Tutunendo,Corregimiento Tutunendo,Corregimiento,Otros trámites,Neutral,16,Pregunto por el horario de atención de la oficina.
PQR-2026T2-5043,2026-T2,2026,Corregimiento Tutunendo,Corregimiento Tutunendo,Corregimiento,Otros trámites,Positivo,19,Me resolvieron el trámite sin complicaciones.
PQR-2026T2-5044,2026-T2,2026,Corregimiento Tutunendo,Corregimiento Tutunendo,Corregimiento,Otros trámites,Neutral,14,Pregunto por el horario de atención de la oficina.
PQR-2026T2-5045,2026-T2,2026,Corregimiento Tutunendo,Corregimiento Tutunendo,Corregimiento,Otros trámites,Positivo,18,Me resolvieron el trámite sin complicaciones.
PQR-2026T2-5046,2026-T2,2026,Corregimiento Tutunendo,Corregimiento Tutunendo,Corregimiento,Otros trámites,Positivo,16,Me resolvieron el trámite sin complicaciones.
PQR-2026T2-5047,2026-T2,2026,Corregimiento Tutunendo,Corregimiento Tutunendo,Corregimiento,Otros trámites,Neutral,17,Solicito un certificado de mi condición de víctima.
PQR-2026T2-5048,2026-T2,2026,Corregimiento Guayabal,Corregimiento Guayabal,Corregimiento,Ayuda humanitaria,Positivo,17,Agradezco que me entregaron la ayuda humanitaria rápidamente.
PQR-2026T2-5049,2026-T2,2026,Corregimiento Guayabal,Corregimiento Guayabal,Corregimiento,Ayuda humanitaria,Neutral,15,Pregunto por el estado de mi solicitud de ayuda humanitaria inmediata.
PQR-2026T2-5050,2026-T2,2026,Corregimiento Guayabal,Corregimiento Guayabal,Corregimiento,Ayuda humanitaria,Positivo,16,Agradezco que me entregaron la ayuda humanitaria rápidamente.
PQR-2026T2-5051,2026-T2,2026,Corregimiento Guayabal,Corregimiento Guayabal,Corregimiento,Ayuda humanitaria,Neutral,19,Pregunto por el estado de mi solicitud de ayuda humanitaria inmediata.
PQR-2026T2-5052,2026-T2,2026,Corregimiento Guayabal,Corregimiento Guayabal,Corregimiento,Ayuda humanitaria,Positivo,19,"La atención para la ayuda de emergencia fue oportuna, gracias."
PQR-2026T2-5053,2026-T2,2026,Corregimiento Guayabal,Corregimiento Guayabal,Corregimiento,Ayuda humanitaria,Positivo,15,Agradezco que me entregaron la ayuda humanitaria rápidamente.
PQR-2026T2-5054,2026-T2,2026,Corregimiento Guayabal,Corregimiento Guayabal,Corregimiento,Ayuda humanitaria,Neutral,15,Quisiera saber qué documentos faltan para la ayuda humanitaria.
PQR-2026T2-5055,2026-T2,2026,Corregimiento Guayabal,Corregimiento Guayabal,Corregimiento,Ayuda humanitaria,Positivo,15,Agradezco que me entregaron la ayuda humanitaria rápidamente.
PQR-2026T2-5056,2026-T2,2026,Corregimiento Guayabal,Corregimiento Guayabal,Corregimiento,Ayuda humanitaria,Negativo,20,Llevo tres meses esperando la ayuda humanitaria y no me han dado respuesta.
PQR-2026T2-5057,2026-T2,2026,Corregimiento Guayabal,Corregimiento Guayabal,Corregimiento,Ayuda humanitaria,Positivo,17,"La atención para la ayuda de emergencia fue oportuna, gracias."
PQR-2026T2-5058,2026-T2,2026,Corregimiento Guayabal,Corregimiento Guayabal,Corregimiento,Ayuda humanitaria,Neutral,18,Pregunto por el estado de mi solicitud de ayuda humanitaria inmediata.
PQR-2026T2-5059,2026-T2,2026,Corregimiento Guayabal,Corregimiento Guayabal,Corregimiento,Ayuda humanitaria,Negativo,18,Llevo tres meses esperando la ayuda humanitaria y no me han dado respuesta.
PQR-2026T2-5060,2026-T2,2026,Corregimiento Guayabal,Corregimiento Guayabal,Corregimiento,Ayuda humanitaria,Negativo,16,Llevo tres meses esperando la ayuda humanitaria y no me han dado respuesta.
PQR-2026T2-5061,2026-T2,2026,Corregimiento Guayabal,Corregimiento Guayabal,Corregimiento,Ayuda humanitaria,Negativo,16,"Solicité el mercado de emergencia y nunca llegó, mi familia está pasando necesidad."
PQR-2026T2-5062,2026-T2,2026,Corregimiento Guayabal,Corregimiento Guayabal,Corregimiento,Ayuda humanitaria,Negativo,17,Llevo tres meses esperando la ayuda humanitaria y no me han dado respuesta.
PQR-2026T2-5063,2026-T2,2026,Corregimiento Guayabal,Corregimiento Guayabal,Corregimiento,Ayuda humanitaria,Negativo,15,"Solicité el mercado de emergencia y nunca llegó, mi familia está pasando necesidad."
PQR-2026T2-5064,2026-T2,2026,Corregimiento Guayabal,Corregimiento Guayabal,Corregimiento,Ayuda humanitaria,Positivo,22,"La atención para la ayuda de emergencia fue oportuna, gracias."
PQR-2026T2-5065,2026-T2,2026,Corregimiento Guayabal,Corregimiento Guayabal,Corregimiento,Ayuda humanitaria,Positivo,20,"La atención para la ayuda de emergencia fue oportuna, gracias."
PQR-2026T2-5066,2026-T2,2026,Corregimiento Guayabal,Corregimiento Guayabal,Corregimiento,Ayuda humanitaria,Neutral,22,Pregunto por el estado de mi solicitud de ayuda humanitaria inmediata.
PQR-2026T2-5067,2026-T2,2026,Corregimiento Guayabal,Corregimiento Guayabal,Corregimiento,Ayuda humanitaria,Negativo,18,"Solicité el mercado de emergencia y nunca llegó, mi familia está pasando necesidad."
PQR-2026T2-5068,2026-T2,2026,Corregimiento Guayabal,Corregimiento Guayabal,Corregimiento,Ayuda humanitaria,Negativo,18,Llevo tres meses esperando la ayuda humanitaria y no me han dado respuesta.
PQR-2026T2-5069,2026-T2,2026,Corregimiento Guayabal,Corregimiento Guayabal,Corregimiento,Ayuda humanitaria,Positivo,17,"La atención para la ayuda de emergencia fue oportuna, gracias."
PQR-2026T2-5070,2026-T2,2026,Corregimiento Guayabal,Corregimiento Guayabal,Corregimiento,Ayuda humanitaria,Neutral,18,Pregunto por el estado de mi solicitud de ayuda humanitaria inmediata.
PQR-2026T2-5071,2026-T2,2026,Corregimiento Guayabal,Corregimiento Guayabal,Corregimiento,Ayuda humanitaria,Negativo,16,"Solicité el mercado de emergencia y nunca llegó, mi familia está pasando necesidad."
PQR-2026T2-5072,2026-T2,2026,Corregimiento Guayabal,Corregimiento Guayabal,Corregimiento,Ayuda humanitaria,Neutral,21,Pregunto por el estado de mi solicitud de ayuda humanitaria inmediata.
PQR-2026T2-5073,2026-T2,2026,Corregimiento Guayabal,Corregimiento Guayabal,Corregimiento,Ayuda humanitaria,Positivo,18,Agradezco que me entregaron la ayuda humanitaria rápidamente.
PQR-2026T2-5074,2026-T2,2026,Corregimiento Guayabal,Corregimiento Guayabal,Corregimiento,Ayuda humanitaria,Negativo,19,"Solicité el mercado de emergencia y nunca llegó, mi familia está pasando necesidad."
PQR-2026T2-5075,2026-T2,2026,Corregimiento Guayabal,Corregimiento Guayabal,Corregimiento,Indemnización / reparación,Negativo,15,"Fui incluido hace años y todavía no me llega la indemnización, es una injusticia."
PQR-2026T2-5076,2026-T2,2026,Corregimiento Guayabal,Corregimiento Guayabal,Corregimiento,Indemnización / reparación,Negativo,15,"Fui incluido hace años y todavía no me llega la indemnización, es una injusticia."
PQR-2026T2-5077,2026-T2,2026,Corregimiento Guayabal,Corregimiento Guayabal,Corregimiento,Indemnización / reparación,Negativo,16,No entiendo por qué a otros ya les pagaron la reparación y a mí no.
PQR-2026T2-5078,2026-T2,2026,Corregimiento Guayabal,Corregimiento Guayabal,Corregimiento,Indemnización / reparación,Negativo,20,"Fui incluido hace años y todavía no me llega la indemnización, es una injusticia."
PQR-2026T2-5079,2026-T2,2026,Corregimiento Guayabal,Corregimiento Guayabal,Corregimiento,Indemnización / reparación,Negativo,16,No entiendo por qué a otros ya les pagaron la reparación y a mí no.
PQR-2026T2-5080,2026-T2,2026,Corregimiento Guayabal,Corregimiento Guayabal,Corregimiento,Indemnización / reparación,Neutral,16,¿Cómo consulto el estado de mi proceso de reparación?
PQR-2026T2-5081,2026-T2,2026,Corregimiento Guayabal,Corregimiento Guayabal,Corregimiento,Indemnización / reparación,Negativo,19,No entiendo por qué a otros ya les pagaron la reparación y a mí no.
PQR-2026T2-5082,2026-T2,2026,Corregimiento Guayabal,Corregimiento Guayabal,Corregimiento,Indemnización / reparación,Neutral,16,Solicito información sobre el turno de mi indemnización administrativa.
PQR-2026T2-5083,2026-T2,2026,Corregimiento Guayabal,Corregimiento Guayabal,Corregimiento,Indemnización / reparación,Negativo,18,No entiendo por qué a otros ya les pagaron la reparación y a mí no.
PQR-2026T2-5084,2026-T2,2026,Corregimiento Guayabal,Corregimiento Guayabal,Corregimiento,Indemnización / reparación,Negativo,20,"Fui incluido hace años y todavía no me llega la indemnización, es una injusticia."
PQR-2026T2-5085,2026-T2,2026,Corregimiento Guayabal,Corregimiento Guayabal,Corregimiento,Indemnización / reparación,Neutral,22,Solicito información sobre el turno de mi indemnización administrativa.
PQR-2026T2-5086,2026-T2,2026,Corregimiento Guayabal,Corregimiento Guayabal,Corregimiento,Indemnización / reparación,Negativo,19,No entiendo por qué a otros ya les pagaron la reparación y a mí no.
PQR-2026T2-5087,2026-T2,2026,Corregimiento Guayabal,Corregimiento Guayabal,Corregimiento,Indemnización / reparación,Neutral,18,¿Cómo consulto el estado de mi proceso de reparación?
PQR-2026T2-5088,2026-T2,2026,Corregimiento Guayabal,Corregimiento Guayabal,Corregimiento,Indemnización / reparación,Positivo,22,Me orientaron bien sobre el proceso de reparación.
PQR-2026T2-5089,2026-T2,2026,Corregimiento Guayabal,Corregimiento Guayabal,Corregimiento,Indemnización / reparación,Negativo,16,"Fui incluido hace años y todavía no me llega la indemnización, es una injusticia."
PQR-2026T2-5090,2026-T2,2026,Corregimiento Guayabal,Corregimiento Guayabal,Corregimiento,Indemnización / reparación,Negativo,20,"Fui incluido hace años y todavía no me llega la indemnización, es una injusticia."
PQR-2026T2-5091,2026-T2,2026,Corregimiento Guayabal,Corregimiento Guayabal,Corregimiento,Indemnización / reparación,Negativo,21,"Fui incluido hace años y todavía no me llega la indemnización, es una injusticia."
PQR-2026T2-5092,2026-T2,2026,Corregimiento Guayabal,Corregimiento Guayabal,Corregimiento,Indemnización / reparación,Negativo,22,"Fui incluido hace años y todavía no me llega la indemnización, es una injusticia."
PQR-2026T2-5093,2026-T2,2026,Corregimiento Guayabal,Corregimiento Guayabal,Corregimiento,Indemnización / reparación,Positivo,22,"Por fin recibí la indemnización, agradezco la gestión de la oficina."
PQR-2026T2-5094,2026-T2,2026,Corregimiento Guayabal,Corregimiento Guayabal,Corregimiento,Indemnización / reparación,Neutral,18,Solicito información sobre el turno de mi indemnización administrativa.
PQR-2026T2-5095,2026-T2,2026,Corregimiento Guayabal,Corregimiento Guayabal,Corregimiento,Indemnización / reparación,Negativo,19,"Fui incluido hace años y todavía no me llega la indemnización, es una injusticia."
PQR-2026T2-5096,2026-T2,2026,Corregimiento Guayabal,Corregimiento Guayabal,Corregimiento,Indemnización / reparación,Positivo,22,Me orientaron bien sobre el proceso de reparación.
PQR-2026T2-5097,2026-T2,2026,Corregimiento Guayabal,Corregimiento Guayabal,Corregimiento,Indemnización / reparación,Negativo,17,"Fui incluido hace años y todavía no me llega la indemnización, es una injusticia."
PQR-2026T2-5098,2026-T2,2026,Corregimiento Guayabal,Corregimiento Guayabal,Corregimiento,Indemnización / reparación,Positivo,20,Me orientaron bien sobre el proceso de reparación.
PQR-2026T2-5099,2026-T2,2026,Corregimiento Guayabal,Corregimiento Guayabal,Corregimiento,Indemnización / reparación,Negativo,17,No entiendo por qué a otros ya les pagaron la reparación y a mí no.
PQR-2026T2-5100,2026-T2,2026,Corregimiento Guayabal,Corregimiento Guayabal,Corregimiento,Indemnización / reparación,Positivo,16,"Por fin recibí la indemnización, agradezco la gestión de la oficina."
PQR-2026T2-5101,2026-T2,2026,Corregimiento Guayabal,Corregimiento Guayabal,Corregimiento,Indemnización / reparación,Positivo,15,"Por fin recibí la indemnización, agradezco la gestión de la oficina."
PQR-2026T2-5102,2026-T2,2026,Corregimiento Guayabal,Corregimiento Guayabal,Corregimiento,Indemnización / reparación,Negativo,21,"Fui incluido hace años y todavía no me llega la indemnización, es una injusticia."
PQR-2026T2-5103,2026-T2,2026,Corregimiento Guayabal,Corregimiento Guayabal,Corregimiento,Indemnización / reparación,Negativo,20,No entiendo por qué a otros ya les pagaron la reparación y a mí no.
PQR-2026T2-5104,2026-T2,2026,Corregimiento Guayabal,Corregimiento Guayabal,Corregimiento,Indemnización / reparación,Negativo,17,No entiendo por qué a otros ya les pagaron la reparación y a mí no.
PQR-2026T2-5105,2026-T2,2026,Corregimiento Guayabal,Corregimiento Guayabal,Corregimiento,Indemnización / reparación,Neutral,15,Solicito información sobre el turno de mi indemnización administrativa.
PQR-2026T2-5106,2026-T2,2026,Corregimiento Guayabal,Corregimiento Guayabal,Corregimiento,Indemnización / reparación,Negativo,18,"Fui incluido hace años y todavía no me llega la indemnización, es una injusticia."
PQR-2026T2-5107,2026-T2,2026,Corregimiento Guayabal,Corregimiento Guayabal,Corregimiento,Indemnización / reparación,Negativo,15,No entiendo por qué a otros ya les pagaron la reparación y a mí no.
PQR-2026T2-5108,2026-T2,2026,Corregimiento Guayabal,Corregimiento Guayabal,Corregimiento,Indemnización / reparación,Negativo,20,"Fui incluido hace años y todavía no me llega la indemnización, es una injusticia."
PQR-2026T2-5109,2026-T2,2026,Corregimiento Guayabal,Corregimiento Guayabal,Corregimiento,Indemnización / reparación,Negativo,16,"Fui incluido hace años y todavía no me llega la indemnización, es una injusticia."
PQR-2026T2-5110,2026-T2,2026,Corregimiento Guayabal,Corregimiento Guayabal,Corregimiento,Indemnización / reparación,Negativo,22,No entiendo por qué a otros ya les pagaron la reparación y a mí no.
PQR-2026T2-5111,2026-T2,2026,Corregimiento Guayabal,Corregimiento Guayabal,Corregimiento,Indemnización / reparación,Negativo,17,No entiendo por qué a otros ya les pagaron la reparación y a mí no.
PQR-2026T2-5112,2026-T2,2026,Corregimiento Guayabal,Corregimiento Guayabal,Corregimiento,Indemnización / reparación,Neutral,18,Solicito información sobre el turno de mi indemnización administrativa.
PQR-2026T2-5113,2026-T2,2026,Corregimiento Guayabal,Corregimiento Guayabal,Corregimiento,Indemnización / reparación,Neutral,20,Solicito información sobre el turno de mi indemnización administrativa.
PQR-2026T2-5114,2026-T2,2026,Corregimiento Guayabal,Corregimiento Guayabal,Corregimiento,Indemnización / reparación,Negativo,21,"Fui incluido hace años y todavía no me llega la indemnización, es una injusticia."
PQR-2026T2-5115,2026-T2,2026,Corregimiento Guayabal,Corregimiento Guayabal,Corregimiento,Indemnización / reparación,Neutral,16,Solicito información sobre el turno de mi indemnización administrativa.
PQR-2026T2-5116,2026-T2,2026,Corregimiento Guayabal,Corregimiento Guayabal,Corregimiento,Vivienda,Positivo,20,"Me asignaron la vivienda, muy agradecido con el acompañamiento."
PQR-2026T2-5117,2026-T2,2026,Corregimiento Guayabal,Corregimiento Guayabal,Corregimiento,Vivienda,Neutral,19,Pregunto por las convocatorias de vivienda para población víctima.
PQR-2026T2-5118,2026-T2,2026,Corregimiento Guayabal,Corregimiento Guayabal,Corregimiento,Vivienda,Neutral,18,Solicito información sobre el subsidio de mejoramiento de vivienda.
PQR-2026T2-5119,2026-T2,2026,Corregimiento Guayabal,Corregimiento Guayabal,Corregimiento,Vivienda,Neutral,17,Solicito información sobre el subsidio de mejoramiento de vivienda.
PQR-2026T2-5120,2026-T2,2026,Corregimiento Guayabal,Corregimiento Guayabal,Corregimiento,Vivienda,Neutral,20,Solicito información sobre el subsidio de mejoramiento de vivienda.
PQR-2026T2-5121,2026-T2,2026,Corregimiento Guayabal,Corregimiento Guayabal,Corregimiento,Vivienda,Negativo,14,Postulé al subsidio de vivienda y me rechazaron sin explicación clara.
PQR-2026T2-5122,2026-T2,2026,Corregimiento Guayabal,Corregimiento Guayabal,Corregimiento,Vivienda,Neutral,15,Pregunto por las convocatorias de vivienda para población víctima.
PQR-2026T2-5123,2026-T2,2026,Corregimiento Guayabal,Corregimiento Guayabal,Corregimiento,Vivienda,Negativo,17,La casa que me asignaron tiene problemas y nadie responde.
PQR-2026T2-5124,2026-T2,2026,Corregimiento Guayabal,Corregimiento Guayabal,Corregimiento,Vivienda,Neutral,18,Solicito información sobre el subsidio de mejoramiento de vivienda.
PQR-2026T2-5125,2026-T2,2026,Corregimiento Guayabal,Corregimiento Guayabal,Corregimiento,Vivienda,Neutral,19,Solicito información sobre el subsidio de mejoramiento de vivienda.
PQR-2026T2-5126,2026-T2,2026,Corregimiento Guayabal,Corregimiento Guayabal,Corregimiento,Vivienda,Negativo,17,Postulé al subsidio de vivienda y me rechazaron sin explicación clara.
PQR-2026T2-5127,2026-T2,2026,Corregimiento Guayabal,Corregimiento Guayabal,Corregimiento,Vivienda,Negativo,18,La casa que me asignaron tiene problemas y nadie responde.
PQR-2026T2-5128,2026-T2,2026,Corregimiento Guayabal,Corregimiento Guayabal,Corregimiento,Vivienda,Neutral,18,Pregunto por las convocatorias de vivienda para población víctima.
PQR-2026T2-5129,2026-T2,2026,Corregimiento Guayabal,Corregimiento Guayabal,Corregimiento,Vivienda,Neutral,17,Pregunto por las convocatorias de vivienda para población víctima.
PQR-2026T2-5130,2026-T2,2026,Corregimiento Guayabal,Corregimiento Guayabal,Corregimiento,Vivienda,Negativo,19,La casa que me asignaron tiene problemas y nadie responde.
PQR-2026T2-5131,2026-T2,2026,Corregimiento Guayabal,Corregimiento Guayabal,Corregimiento,Vivienda,Neutral,18,Solicito información sobre el subsidio de mejoramiento de vivienda.
PQR-2026T2-5132,2026-T2,2026,Corregimiento Guayabal,Corregimiento Guayabal,Corregimiento,Vivienda,Negativo,22,La casa que me asignaron tiene problemas y nadie responde.
PQR-2026T2-5133,2026-T2,2026,Corregimiento Guayabal,Corregimiento Guayabal,Corregimiento,Vivienda,Neutral,19,Pregunto por las convocatorias de vivienda para población víctima.
PQR-2026T2-5134,2026-T2,2026,Corregimiento Guayabal,Corregimiento Guayabal,Corregimiento,Vivienda,Positivo,15,El proceso de postulación a vivienda fue claro.
PQR-2026T2-5135,2026-T2,2026,Corregimiento Guayabal,Corregimiento Guayabal,Corregimiento,Vivienda,Neutral,21,Solicito información sobre el subsidio de mejoramiento de vivienda.
PQR-2026T2-5136,2026-T2,2026,Corregimiento Guayabal,Corregimiento Guayabal,Corregimiento,Vivienda,Negativo,15,La casa que me asignaron tiene problemas y nadie responde.
PQR-2026T2-5137,2026-T2,2026,Corregimiento Guayabal,Corregimiento Guayabal,Corregimiento,Vivienda,Negativo,16,Postulé al subsidio de vivienda y me rechazaron sin explicación clara.
PQR-2026T2-5138,2026-T2,2026,Corregimiento Guayabal,Corregimiento Guayabal,Corregimiento,Vivienda,Negativo,20,Postulé al subsidio de vivienda y me rechazaron sin explicación clara.
PQR-2026T2-5139,2026-T2,2026,Corregimiento Guayabal,Corregimiento Guayabal,Corregimiento,Vivienda,Negativo,21,La casa que me asignaron tiene problemas y nadie responde.
PQR-2026T2-5140,2026-T2,2026,Corregimiento Guayabal,Corregimiento Guayabal,Corregimiento,Salud y atención psicosocial,Neutral,18,Pregunto por el programa de atención en salud para víctimas.
PQR-2026T2-5141,2026-T2,2026,Corregimiento Guayabal,Corregimiento Guayabal,Corregimiento,Salud y atención psicosocial,Neutral,16,Pregunto por el programa de atención en salud para víctimas.
PQR-2026T2-5142,2026-T2,2026,Corregimiento Guayabal,Corregimiento Guayabal,Corregimiento,Salud y atención psicosocial,Neutral,20,Solicito una cita de atención psicosocial para mi familia.
PQR-2026T2-5143,2026-T2,2026,Corregimiento Guayabal,Corregimiento Guayabal,Corregimiento,Salud y atención psicosocial,Neutral,18,Pregunto por el programa de atención en salud para víctimas.
PQR-2026T2-5144,2026-T2,2026,Corregimiento Guayabal,Corregimiento Guayabal,Corregimiento,Salud y atención psicosocial,Negativo,22,Necesito atención psicosocial y me dan citas para dentro de meses.
PQR-2026T2-5145,2026-T2,2026,Corregimiento Guayabal,Corregimiento Guayabal,Corregimiento,Salud y atención psicosocial,Neutral,18,Pregunto por el programa de atención en salud para víctimas.
PQR-2026T2-5146,2026-T2,2026,Corregimiento Guayabal,Corregimiento Guayabal,Corregimiento,Salud y atención psicosocial,Positivo,20,"Recibí buena orientación en salud, quedé satisfecho."
PQR-2026T2-5147,2026-T2,2026,Corregimiento Guayabal,Corregimiento Guayabal,Corregimiento,Salud y atención psicosocial,Positivo,15,"Recibí buena orientación en salud, quedé satisfecho."
PQR-2026T2-5148,2026-T2,2026,Corregimiento Guayabal,Corregimiento Guayabal,Corregimiento,Salud y atención psicosocial,Positivo,19,"Recibí buena orientación en salud, quedé satisfecho."
PQR-2026T2-5149,2026-T2,2026,Corregimiento Guayabal,Corregimiento Guayabal,Corregimiento,Salud y atención psicosocial,Negativo,22,Necesito atención psicosocial y me dan citas para dentro de meses.
PQR-2026T2-5150,2026-T2,2026,Corregimiento Guayabal,Corregimiento Guayabal,Corregimiento,Salud y atención psicosocial,Negativo,19,No hay profesionales suficientes para la atención en salud mental.
PQR-2026T2-5151,2026-T2,2026,Corregimiento Guayabal,Corregimiento Guayabal,Corregimiento,Salud y atención psicosocial,Positivo,21,"La atención psicosocial me ha ayudado mucho, gracias al equipo."
PQR-2026T2-5152,2026-T2,2026,Corregimiento Guayabal,Corregimiento Guayabal,Corregimiento,Salud y atención psicosocial,Negativo,20,No hay profesionales suficientes para la atención en salud mental.
PQR-2026T2-5153,2026-T2,2026,Corregimiento Guayabal,Corregimiento Guayabal,Corregimiento,Salud y atención psicosocial,Positivo,21,"Recibí buena orientación en salud, quedé satisfecho."
PQR-2026T2-5154,2026-T2,2026,Corregimiento Guayabal,Corregimiento Guayabal,Corregimiento,Salud y atención psicosocial,Neutral,20,Pregunto por el programa de atención en salud para víctimas.
PQR-2026T2-5155,2026-T2,2026,Corregimiento Guayabal,Corregimiento Guayabal,Corregimiento,Salud y atención psicosocial,Positivo,22,"Recibí buena orientación en salud, quedé satisfecho."
PQR-2026T2-5156,2026-T2,2026,Corregimiento Guayabal,Corregimiento Guayabal,Corregimiento,Salud y atención psicosocial,Neutral,19,Pregunto por el programa de atención en salud para víctimas.
PQR-2026T2-5157,2026-T2,2026,Corregimiento Guayabal,Corregimiento Guayabal,Corregimiento,Salud y atención psicosocial,Neutral,15,Solicito una cita de atención psicosocial para mi familia.
PQR-2026T2-5158,2026-T2,2026,Corregimiento Guayabal,Corregimiento Guayabal,Corregimiento,Salud y atención psicosocial,Neutral,15,Pregunto por el programa de atención en salud para víctimas.
PQR-2026T2-5159,2026-T2,2026,Corregimiento Guayabal,Corregimiento Guayabal,Corregimiento,Salud y atención psicosocial,Positivo,19,"Recibí buena orientación en salud, quedé satisfecho."
PQR-2026T2-5160,2026-T2,2026,Corregimiento Guayabal,Corregimiento Guayabal,Corregimiento,Educación,Neutral,21,Pregunto por el apoyo educativo para el próximo semestre.
PQR-2026T2-5161,2026-T2,2026,Corregimiento Guayabal,Corregimiento Guayabal,Corregimiento,Educación,Positivo,22,La orientación sobre educación superior fue útil.
PQR-2026T2-5162,2026-T2,2026,Corregimiento Guayabal,Corregimiento Guayabal,Corregimiento,Educación,Neutral,22,Solicito información sobre becas para estudiantes víctimas.
PQR-2026T2-5163,2026-T2,2026,Corregimiento Guayabal,Corregimiento Guayabal,Corregimiento,Educación,Positivo,14,La orientación sobre educación superior fue útil.
PQR-2026T2-5164,2026-T2,2026,Corregimiento Guayabal,Corregimiento Guayabal,Corregimiento,Educación,Positivo,22,La orientación sobre educación superior fue útil.
PQR-2026T2-5165,2026-T2,2026,Corregimiento Guayabal,Corregimiento Guayabal,Corregimiento,Educación,Positivo,21,La orientación sobre educación superior fue útil.
PQR-2026T2-5166,2026-T2,2026,Corregimiento Guayabal,Corregimiento Guayabal,Corregimiento,Educación,Neutral,18,Solicito información sobre becas para estudiantes víctimas.
PQR-2026T2-5167,2026-T2,2026,Corregimiento Guayabal,Corregimiento Guayabal,Corregimiento,Educación,Positivo,17,La orientación sobre educación superior fue útil.
PQR-2026T2-5168,2026-T2,2026,Corregimiento Guayabal,Corregimiento Guayabal,Corregimiento,Educación,Neutral,16,Pregunto por el apoyo educativo para el próximo semestre.
PQR-2026T2-5169,2026-T2,2026,Corregimiento Guayabal,Corregimiento Guayabal,Corregimiento,Educación,Positivo,14,La orientación sobre educación superior fue útil.
PQR-2026T2-5170,2026-T2,2026,Corregimiento Guayabal,Corregimiento Guayabal,Corregimiento,Educación,Neutral,15,Pregunto por el apoyo educativo para el próximo semestre.
PQR-2026T2-5171,2026-T2,2026,Corregimiento Guayabal,Corregimiento Guayabal,Corregimiento,Educación,Positivo,20,La orientación sobre educación superior fue útil.
PQR-2026T2-5172,2026-T2,2026,Corregimiento Guayabal,Corregimiento Guayabal,Corregimiento,Educación,Neutral,15,Solicito información sobre becas para estudiantes víctimas.
PQR-2026T2-5173,2026-T2,2026,Corregimiento Guayabal,Corregimiento Guayabal,Corregimiento,Educación,Neutral,19,Solicito información sobre becas para estudiantes víctimas.
PQR-2026T2-5174,2026-T2,2026,Corregimiento Guayabal,Corregimiento Guayabal,Corregimiento,Educación,Neutral,22,Solicito información sobre becas para estudiantes víctimas.
PQR-2026T2-5175,2026-T2,2026,Corregimiento Guayabal,Corregimiento Guayabal,Corregimiento,Educación,Negativo,18,Mi hijo no ha podido acceder al beneficio educativo prometido.
PQR-2026T2-5176,2026-T2,2026,Corregimiento Guayabal,Corregimiento Guayabal,Corregimiento,Educación,Neutral,19,Solicito información sobre becas para estudiantes víctimas.
PQR-2026T2-5177,2026-T2,2026,Corregimiento Guayabal,Corregimiento Guayabal,Corregimiento,Educación,Positivo,19,"Mi hija obtuvo el apoyo educativo, muy agradecida."
PQR-2026T2-5178,2026-T2,2026,Corregimiento Guayabal,Corregimiento Guayabal,Corregimiento,Registro / inclusión RUV,Positivo,16,"Me orientaron bien para la declaración, todo salió bien."
PQR-2026T2-5179,2026-T2,2026,Corregimiento Guayabal,Corregimiento Guayabal,Corregimiento,Registro / inclusión RUV,Positivo,18,"Ya quedé incluido en el registro, agradezco la ayuda."
PQR-2026T2-5180,2026-T2,2026,Corregimiento Guayabal,Corregimiento Guayabal,Corregimiento,Registro / inclusión RUV,Negativo,22,Me negaron la inclusión y no me explicaron los motivos.
PQR-2026T2-5181,2026-T2,2026,Corregimiento Guayabal,Corregimiento Guayabal,Corregimiento,Registro / inclusión RUV,Positivo,19,"Ya quedé incluido en el registro, agradezco la ayuda."
PQR-2026T2-5182,2026-T2,2026,Corregimiento Guayabal,Corregimiento Guayabal,Corregimiento,Registro / inclusión RUV,Positivo,22,"Me orientaron bien para la declaración, todo salió bien."
PQR-2026T2-5183,2026-T2,2026,Corregimiento Guayabal,Corregimiento Guayabal,Corregimiento,Registro / inclusión RUV,Neutral,18,Solicito información sobre mi estado en el Registro Único de Víctimas.
PQR-2026T2-5184,2026-T2,2026,Corregimiento Guayabal,Corregimiento Guayabal,Corregimiento,Registro / inclusión RUV,Negativo,20,Llevo meses esperando que me incluyan en el RUV y no hay respuesta.
PQR-2026T2-5185,2026-T2,2026,Corregimiento Guayabal,Corregimiento Guayabal,Corregimiento,Registro / inclusión RUV,Neutral,15,¿Qué debo hacer para actualizar mis datos en el RUV?
PQR-2026T2-5186,2026-T2,2026,Corregimiento Guayabal,Corregimiento Guayabal,Corregimiento,Registro / inclusión RUV,Neutral,16,Solicito información sobre mi estado en el Registro Único de Víctimas.
PQR-2026T2-5187,2026-T2,2026,Corregimiento Guayabal,Corregimiento Guayabal,Corregimiento,Registro / inclusión RUV,Neutral,18,Solicito información sobre mi estado en el Registro Único de Víctimas.
PQR-2026T2-5188,2026-T2,2026,Corregimiento Guayabal,Corregimiento Guayabal,Corregimiento,Registro / inclusión RUV,Negativo,20,Me negaron la inclusión y no me explicaron los motivos.
PQR-2026T2-5189,2026-T2,2026,Corregimiento Guayabal,Corregimiento Guayabal,Corregimiento,Registro / inclusión RUV,Negativo,22,Llevo meses esperando que me incluyan en el RUV y no hay respuesta.
PQR-2026T2-5190,2026-T2,2026,Corregimiento Guayabal,Corregimiento Guayabal,Corregimiento,Registro / inclusión RUV,Negativo,17,Me negaron la inclusión y no me explicaron los motivos.
PQR-2026T2-5191,2026-T2,2026,Corregimiento Guayabal,Corregimiento Guayabal,Corregimiento,Registro / inclusión RUV,Positivo,18,"Ya quedé incluido en el registro, agradezco la ayuda."
PQR-2026T2-5192,2026-T2,2026,Corregimiento Guayabal,Corregimiento Guayabal,Corregimiento,Registro / inclusión RUV,Negativo,16,Llevo meses esperando que me incluyan en el RUV y no hay respuesta.
PQR-2026T2-5193,2026-T2,2026,Corregimiento Guayabal,Corregimiento Guayabal,Corregimiento,Registro / inclusión RUV,Neutral,15,Solicito información sobre mi estado en el Registro Único de Víctimas.
PQR-2026T2-5194,2026-T2,2026,Corregimiento Guayabal,Corregimiento Guayabal,Corregimiento,Registro / inclusión RUV,Positivo,22,"Me orientaron bien para la declaración, todo salió bien."
PQR-2026T2-5195,2026-T2,2026,Corregimiento Guayabal,Corregimiento Guayabal,Corregimiento,Retornos y reubicación,Positivo,16,"El acompañamiento para el retorno fue bueno, gracias."
PQR-2026T2-5196,2026-T2,2026,Corregimiento Guayabal,Corregimiento Guayabal,Corregimiento,Retornos y reubicación,Neutral,19,Solicito información sobre acompañamiento para reubicación.
PQR-2026T2-5197,2026-T2,2026,Corregimiento Guayabal,Corregimiento Guayabal,Corregimiento,Retornos y reubicación,Positivo,15,"El acompañamiento para el retorno fue bueno, gracias."
PQR-2026T2-5198,2026-T2,2026,Corregimiento Guayabal,Corregimiento Guayabal,Corregimiento,Retornos y reubicación,Neutral,19,Pregunto por el plan de retorno para mi comunidad.
PQR-2026T2-5199,2026-T2,2026,Corregimiento Guayabal,Corregimiento Guayabal,Corregimiento,Retornos y reubicación,Positivo,16,"El acompañamiento para el retorno fue bueno, gracias."
PQR-2026T2-5200,2026-T2,2026,Corregimiento Guayabal,Corregimiento Guayabal,Corregimiento,Retornos y reubicación,Positivo,16,Nos apoyaron en la reubicación de manera adecuada.
PQR-2026T2-5201,2026-T2,2026,Corregimiento Guayabal,Corregimiento Guayabal,Corregimiento,Retornos y reubicación,Positivo,16,Nos apoyaron en la reubicación de manera adecuada.
PQR-2026T2-5202,2026-T2,2026,Corregimiento Guayabal,Corregimiento Guayabal,Corregimiento,Retornos y reubicación,Negativo,22,El proceso de reubicación está detenido hace tiempo.
PQR-2026T2-5203,2026-T2,2026,Corregimiento Guayabal,Corregimiento Guayabal,Corregimiento,Otros trámites,Positivo,18,La atención en ventanilla fue amable y rápida.
PQR-2026T2-5204,2026-T2,2026,Corregimiento Guayabal,Corregimiento Guayabal,Corregimiento,Otros trámites,Positivo,16,Me resolvieron el trámite sin complicaciones.
PQR-2026T2-5205,2026-T2,2026,Corregimiento Guayabal,Corregimiento Guayabal,Corregimiento,Otros trámites,Neutral,22,Solicito un certificado de mi condición de víctima.
PQR-2026T2-5206,2026-T2,2026,Corregimiento Guayabal,Corregimiento Guayabal,Corregimiento,Otros trámites,Positivo,15,Me resolvieron el trámite sin complicaciones.
PQR-2026T2-5207,2026-T2,2026,Corregimiento Guayabal,Corregimiento Guayabal,Corregimiento,Otros trámites,Positivo,18,La atención en ventanilla fue amable y rápida.
PQR-2026T2-5208,2026-T2,2026,Corregimiento Guayabal,Corregimiento Guayabal,Corregimiento,Otros trámites,Neutral,18,Pregunto por el horario de atención de la oficina.
PQR-2026T2-5209,2026-T2,2026,Corregimiento Guayabal,Corregimiento Guayabal,Corregimiento,Otros trámites,Positivo,16,Me resolvieron el trámite sin complicaciones.
